[0.102s] DEBUG:colcon:Command line arguments: ['/usr/bin/colcon', 'build', '--allow-overriding', 'gazebo_dev', 'gazebo_msgs', 'gazebo_ros', 'gazebo_ros_pkgs', 'gazebo_plugins']
[0.102s] DEBUG:colcon:Parsed command line arguments: Namespace(log_base=None, log_level=None, verb_name='build', build_base='build', install_base='install', merge_install=False, symlink_install=False, test_result_base=None, continue_on_error=False, executor='parallel', parallel_workers=8, event_handlers=None, ignore_user_meta=False, metas=['./colcon.meta'], base_paths=['.'], packages_ignore=None, packages_ignore_regex=None, paths=None, packages_up_to=None, packages_up_to_regex=None, packages_above=None, packages_above_and_dependencies=None, packages_above_depth=None, packages_select_by_dep=None, packages_skip_by_dep=None, packages_skip_up_to=None, packages_select_build_failed=False, packages_skip_build_finished=False, packages_select_test_failures=False, packages_skip_test_passed=False, packages_select=None, packages_skip=None, packages_select_regex=None, packages_skip_regex=None, packages_start=None, packages_end=None, allow_overriding=['gazebo_dev', 'gazebo_msgs', 'gazebo_ros', 'gazebo_ros_pkgs', 'gazebo_plugins'], cmake_args=None, cmake_target=None, cmake_target_skip_unavailable=False, cmake_clean_cache=False, cmake_clean_first=False, cmake_force_configure=False, ament_cmake_args=None, catkin_cmake_args=None, catkin_skip_building_tests=False, mixin_files=None, mixin=None, verb_parser=<colcon_mixin.mixin.mixin_argument.MixinArgumentDecorator object at 0x71b5268a7250>, verb_extension=<colcon_core.verb.build.BuildVerb object at 0x71b5268a6ad0>, main=<bound method BuildVerb.main of <colcon_core.verb.build.BuildVerb object at 0x71b5268a6ad0>>, mixin_verb=('build',))
[0.308s] Level 1:colcon.colcon_core.package_discovery:discover_packages(colcon_meta) check parameters
[0.308s] Level 1:colcon.colcon_core.package_discovery:discover_packages(recursive) check parameters
[0.308s] Level 1:colcon.colcon_core.package_discovery:discover_packages(ignore) check parameters
[0.308s] Level 1:colcon.colcon_core.package_discovery:discover_packages(path) check parameters
[0.308s] Level 1:colcon.colcon_core.package_discovery:discover_packages(colcon_meta) discover
[0.308s] Level 1:colcon.colcon_core.package_discovery:discover_packages(recursive) discover
[0.308s] INFO:colcon.colcon_core.package_discovery:Crawling recursively for packages in '/home/lorenzo/code/dynus_lite/dynus_lite_ws'
[0.308s] Level 1:colcon.colcon_core.package_identification:_identify(.) by extensions ['ignore', 'ignore_ament_install']
[0.308s] Level 1:colcon.colcon_core.package_identification:_identify(.) by extension 'ignore'
[0.308s] Level 1:colcon.colcon_core.package_identification:_identify(.) by extension 'ignore_ament_install'
[0.308s] Level 1:colcon.colcon_core.package_identification:_identify(.) by extensions ['colcon_pkg']
[0.309s] Level 1:colcon.colcon_core.package_identification:_identify(.) by extension 'colcon_pkg'
[0.309s] Level 1:colcon.colcon_core.package_identification:_identify(.) by extensions ['colcon_meta']
[0.309s] Level 1:colcon.colcon_core.package_identification:_identify(.) by extension 'colcon_meta'
[0.309s] Level 1:colcon.colcon_core.package_identification:_identify(.) by extensions ['ros']
[0.309s] Level 1:colcon.colcon_core.package_identification:_identify(.) by extension 'ros'
[0.317s] Level 1:colcon.colcon_core.package_identification:_identify(.) by extensions ['cmake', 'python']
[0.317s] Level 1:colcon.colcon_core.package_identification:_identify(.) by extension 'cmake'
[0.317s] Level 1:colcon.colcon_core.package_identification:_identify(.) by extension 'python'
[0.317s] Level 1:colcon.colcon_core.package_identification:_identify(.) by extensions ['python_setup_py']
[0.317s] Level 1:colcon.colcon_core.package_identification:_identify(.) by extension 'python_setup_py'
[0.317s] Level 1:colcon.colcon_core.package_identification:_identify(build) by extensions ['ignore', 'ignore_ament_install']
[0.318s] Level 1:colcon.colcon_core.package_identification:_identify(build) by extension 'ignore'
[0.318s] Level 1:colcon.colcon_core.package_identification:_identify(build) ignored
[0.318s] Level 1:colcon.colcon_core.package_identification:_identify(install) by extensions ['ignore', 'ignore_ament_install']
[0.318s] Level 1:colcon.colcon_core.package_identification:_identify(install) by extension 'ignore'
[0.318s] Level 1:colcon.colcon_core.package_identification:_identify(install) ignored
[0.318s] Level 1:colcon.colcon_core.package_identification:_identify(log) by extensions ['ignore', 'ignore_ament_install']
[0.318s] Level 1:colcon.colcon_core.package_identification:_identify(log) by extension 'ignore'
[0.318s] Level 1:colcon.colcon_core.package_identification:_identify(log) ignored
[0.318s] Level 1:colcon.colcon_core.package_identification:_identify(src) by extensions ['ignore', 'ignore_ament_install']
[0.318s] Level 1:colcon.colcon_core.package_identification:_identify(src) by extension 'ignore'
[0.318s] Level 1:colcon.colcon_core.package_identification:_identify(src) by extension 'ignore_ament_install'
[0.318s] Level 1:colcon.colcon_core.package_identification:_identify(src) by extensions ['colcon_pkg']
[0.318s] Level 1:colcon.colcon_core.package_identification:_identify(src) by extension 'colcon_pkg'
[0.318s] Level 1:colcon.colcon_core.package_identification:_identify(src) by extensions ['colcon_meta']
[0.318s] Level 1:colcon.colcon_core.package_identification:_identify(src) by extension 'colcon_meta'
[0.318s] Level 1:colcon.colcon_core.package_identification:_identify(src) by extensions ['ros']
[0.318s] Level 1:colcon.colcon_core.package_identification:_identify(src) by extension 'ros'
[0.318s] Level 1:colcon.colcon_core.package_identification:_identify(src) by extensions ['cmake', 'python']
[0.318s] Level 1:colcon.colcon_core.package_identification:_identify(src) by extension 'cmake'
[0.319s] Level 1:colcon.colcon_core.package_identification:_identify(src) by extension 'python'
[0.319s] Level 1:colcon.colcon_core.package_identification:_identify(src) by extensions ['python_setup_py']
[0.319s] Level 1:colcon.colcon_core.package_identification:_identify(src) by extension 'python_setup_py'
[0.319s] Level 1:colcon.colcon_core.package_identification:_identify(src/DecompROS2) by extensions ['ignore', 'ignore_ament_install']
[0.319s] Level 1:colcon.colcon_core.package_identification:_identify(src/DecompROS2) by extension 'ignore'
[0.319s] Level 1:colcon.colcon_core.package_identification:_identify(src/DecompROS2) by extension 'ignore_ament_install'
[0.319s] Level 1:colcon.colcon_core.package_identification:_identify(src/DecompROS2) by extensions ['colcon_pkg']
[0.319s] Level 1:colcon.colcon_core.package_identification:_identify(src/DecompROS2) by extension 'colcon_pkg'
[0.319s] Level 1:colcon.colcon_core.package_identification:_identify(src/DecompROS2) by extensions ['colcon_meta']
[0.319s] Level 1:colcon.colcon_core.package_identification:_identify(src/DecompROS2) by extension 'colcon_meta'
[0.319s] Level 1:colcon.colcon_core.package_identification:_identify(src/DecompROS2) by extensions ['ros']
[0.319s] Level 1:colcon.colcon_core.package_identification:_identify(src/DecompROS2) by extension 'ros'
[0.319s] Level 1:colcon.colcon_core.package_identification:_identify(src/DecompROS2) by extensions ['cmake', 'python']
[0.319s] Level 1:colcon.colcon_core.package_identification:_identify(src/DecompROS2) by extension 'cmake'
[0.319s] Level 1:colcon.colcon_core.package_identification:_identify(src/DecompROS2) by extension 'python'
[0.319s] Level 1:colcon.colcon_core.package_identification:_identify(src/DecompROS2) by extensions ['python_setup_py']
[0.319s] Level 1:colcon.colcon_core.package_identification:_identify(src/DecompROS2) by extension 'python_setup_py'
[0.319s] Level 1:colcon.colcon_core.package_identification:_identify(src/DecompROS2/DecompUtil) by extensions ['ignore', 'ignore_ament_install']
[0.319s] Level 1:colcon.colcon_core.package_identification:_identify(src/DecompROS2/DecompUtil) by extension 'ignore'
[0.319s] Level 1:colcon.colcon_core.package_identification:_identify(src/DecompROS2/DecompUtil) by extension 'ignore_ament_install'
[0.319s] Level 1:colcon.colcon_core.package_identification:_identify(src/DecompROS2/DecompUtil) by extensions ['colcon_pkg']
[0.319s] Level 1:colcon.colcon_core.package_identification:_identify(src/DecompROS2/DecompUtil) by extension 'colcon_pkg'
[0.319s] Level 1:colcon.colcon_core.package_identification:_identify(src/DecompROS2/DecompUtil) by extensions ['colcon_meta']
[0.319s] Level 1:colcon.colcon_core.package_identification:_identify(src/DecompROS2/DecompUtil) by extension 'colcon_meta'
[0.320s] Level 1:colcon.colcon_core.package_identification:_identify(src/DecompROS2/DecompUtil) by extensions ['ros']
[0.320s] Level 1:colcon.colcon_core.package_identification:_identify(src/DecompROS2/DecompUtil) by extension 'ros'
[0.321s] DEBUG:colcon.colcon_core.package_identification:Package 'src/DecompROS2/DecompUtil' with type 'ros.cmake' and name 'decomp_util'
[0.321s] Level 1:colcon.colcon_core.package_identification:_identify(src/DecompROS2/decomp_ros_msgs) by extensions ['ignore', 'ignore_ament_install']
[0.322s] Level 1:colcon.colcon_core.package_identification:_identify(src/DecompROS2/decomp_ros_msgs) by extension 'ignore'
[0.322s] Level 1:colcon.colcon_core.package_identification:_identify(src/DecompROS2/decomp_ros_msgs) by extension 'ignore_ament_install'
[0.322s] Level 1:colcon.colcon_core.package_identification:_identify(src/DecompROS2/decomp_ros_msgs) by extensions ['colcon_pkg']
[0.322s] Level 1:colcon.colcon_core.package_identification:_identify(src/DecompROS2/decomp_ros_msgs) by extension 'colcon_pkg'
[0.322s] Level 1:colcon.colcon_core.package_identification:_identify(src/DecompROS2/decomp_ros_msgs) by extensions ['colcon_meta']
[0.322s] Level 1:colcon.colcon_core.package_identification:_identify(src/DecompROS2/decomp_ros_msgs) by extension 'colcon_meta'
[0.322s] Level 1:colcon.colcon_core.package_identification:_identify(src/DecompROS2/decomp_ros_msgs) by extensions ['ros']
[0.322s] Level 1:colcon.colcon_core.package_identification:_identify(src/DecompROS2/decomp_ros_msgs) by extension 'ros'
[0.323s] DEBUG:colcon.colcon_core.package_identification:Package 'src/DecompROS2/decomp_ros_msgs' with type 'ros.ament_cmake' and name 'decomp_ros_msgs'
[0.323s] Level 1:colcon.colcon_core.package_identification:_identify(src/DecompROS2/decomp_rviz_plugins) by extensions ['ignore', 'ignore_ament_install']
[0.323s] Level 1:colcon.colcon_core.package_identification:_identify(src/DecompROS2/decomp_rviz_plugins) by extension 'ignore'
[0.323s] Level 1:colcon.colcon_core.package_identification:_identify(src/DecompROS2/decomp_rviz_plugins) by extension 'ignore_ament_install'
[0.323s] Level 1:colcon.colcon_core.package_identification:_identify(src/DecompROS2/decomp_rviz_plugins) by extensions ['colcon_pkg']
[0.323s] Level 1:colcon.colcon_core.package_identification:_identify(src/DecompROS2/decomp_rviz_plugins) by extension 'colcon_pkg'
[0.323s] Level 1:colcon.colcon_core.package_identification:_identify(src/DecompROS2/decomp_rviz_plugins) by extensions ['colcon_meta']
[0.323s] Level 1:colcon.colcon_core.package_identification:_identify(src/DecompROS2/decomp_rviz_plugins) by extension 'colcon_meta'
[0.323s] Level 1:colcon.colcon_core.package_identification:_identify(src/DecompROS2/decomp_rviz_plugins) by extensions ['ros']
[0.323s] Level 1:colcon.colcon_core.package_identification:_identify(src/DecompROS2/decomp_rviz_plugins) by extension 'ros'
[0.324s] DEBUG:colcon.colcon_core.package_identification:Package 'src/DecompROS2/decomp_rviz_plugins' with type 'ros.ament_cmake' and name 'decomp_rviz_plugins'
[0.324s] Level 1:colcon.colcon_core.package_identification:_identify(src/DecompROS2/decomp_test_node) by extensions ['ignore', 'ignore_ament_install']
[0.324s] Level 1:colcon.colcon_core.package_identification:_identify(src/DecompROS2/decomp_test_node) by extension 'ignore'
[0.324s] Level 1:colcon.colcon_core.package_identification:_identify(src/DecompROS2/decomp_test_node) by extension 'ignore_ament_install'
[0.324s] Level 1:colcon.colcon_core.package_identification:_identify(src/DecompROS2/decomp_test_node) by extensions ['colcon_pkg']
[0.324s] Level 1:colcon.colcon_core.package_identification:_identify(src/DecompROS2/decomp_test_node) by extension 'colcon_pkg'
[0.325s] Level 1:colcon.colcon_core.package_identification:_identify(src/DecompROS2/decomp_test_node) by extensions ['colcon_meta']
[0.325s] Level 1:colcon.colcon_core.package_identification:_identify(src/DecompROS2/decomp_test_node) by extension 'colcon_meta'
[0.325s] Level 1:colcon.colcon_core.package_identification:_identify(src/DecompROS2/decomp_test_node) by extensions ['ros']
[0.325s] Level 1:colcon.colcon_core.package_identification:_identify(src/DecompROS2/decomp_test_node) by extension 'ros'
[0.325s] DEBUG:colcon.colcon_core.package_identification:Package 'src/DecompROS2/decomp_test_node' with type 'ros.ament_cmake' and name 'decomp_test_node'
[0.326s] Level 1:colcon.colcon_core.package_identification:_identify(src/behavior_selector2) by extensions ['ignore', 'ignore_ament_install']
[0.326s] Level 1:colcon.colcon_core.package_identification:_identify(src/behavior_selector2) by extension 'ignore'
[0.326s] Level 1:colcon.colcon_core.package_identification:_identify(src/behavior_selector2) by extension 'ignore_ament_install'
[0.326s] Level 1:colcon.colcon_core.package_identification:_identify(src/behavior_selector2) by extensions ['colcon_pkg']
[0.326s] Level 1:colcon.colcon_core.package_identification:_identify(src/behavior_selector2) by extension 'colcon_pkg'
[0.326s] Level 1:colcon.colcon_core.package_identification:_identify(src/behavior_selector2) by extensions ['colcon_meta']
[0.326s] Level 1:colcon.colcon_core.package_identification:_identify(src/behavior_selector2) by extension 'colcon_meta'
[0.326s] Level 1:colcon.colcon_core.package_identification:_identify(src/behavior_selector2) by extensions ['ros']
[0.326s] Level 1:colcon.colcon_core.package_identification:_identify(src/behavior_selector2) by extension 'ros'
[0.327s] DEBUG:colcon.colcon_core.package_identification:Package 'src/behavior_selector2' with type 'ros.ament_python' and name 'behavior_selector2'
[0.327s] Level 1:colcon.colcon_core.package_identification:_identify(src/direct_lidar_inertial_odometry) by extensions ['ignore', 'ignore_ament_install']
[0.327s] Level 1:colcon.colcon_core.package_identification:_identify(src/direct_lidar_inertial_odometry) by extension 'ignore'
[0.327s] Level 1:colcon.colcon_core.package_identification:_identify(src/direct_lidar_inertial_odometry) by extension 'ignore_ament_install'
[0.327s] Level 1:colcon.colcon_core.package_identification:_identify(src/direct_lidar_inertial_odometry) by extensions ['colcon_pkg']
[0.327s] Level 1:colcon.colcon_core.package_identification:_identify(src/direct_lidar_inertial_odometry) by extension 'colcon_pkg'
[0.327s] Level 1:colcon.colcon_core.package_identification:_identify(src/direct_lidar_inertial_odometry) by extensions ['colcon_meta']
[0.327s] Level 1:colcon.colcon_core.package_identification:_identify(src/direct_lidar_inertial_odometry) by extension 'colcon_meta'
[0.327s] Level 1:colcon.colcon_core.package_identification:_identify(src/direct_lidar_inertial_odometry) by extensions ['ros']
[0.327s] Level 1:colcon.colcon_core.package_identification:_identify(src/direct_lidar_inertial_odometry) by extension 'ros'
[0.327s] Level 1:colcon.colcon_core.package_identification:_identify(src/direct_lidar_inertial_odometry) by extensions ['cmake', 'python']
[0.327s] Level 1:colcon.colcon_core.package_identification:_identify(src/direct_lidar_inertial_odometry) by extension 'cmake'
[0.327s] Level 1:colcon.colcon_core.package_identification:_identify(src/direct_lidar_inertial_odometry) by extension 'python'
[0.327s] Level 1:colcon.colcon_core.package_identification:_identify(src/direct_lidar_inertial_odometry) by extensions ['python_setup_py']
[0.327s] Level 1:colcon.colcon_core.package_identification:_identify(src/direct_lidar_inertial_odometry) by extension 'python_setup_py'
[0.327s] Level 1:colcon.colcon_core.package_identification:_identify(src/dynus) by extensions ['ignore', 'ignore_ament_install']
[0.327s] Level 1:colcon.colcon_core.package_identification:_identify(src/dynus) by extension 'ignore'
[0.327s] Level 1:colcon.colcon_core.package_identification:_identify(src/dynus) by extension 'ignore_ament_install'
[0.327s] Level 1:colcon.colcon_core.package_identification:_identify(src/dynus) by extensions ['colcon_pkg']
[0.327s] Level 1:colcon.colcon_core.package_identification:_identify(src/dynus) by extension 'colcon_pkg'
[0.327s] Level 1:colcon.colcon_core.package_identification:_identify(src/dynus) by extensions ['colcon_meta']
[0.327s] Level 1:colcon.colcon_core.package_identification:_identify(src/dynus) by extension 'colcon_meta'
[0.328s] Level 1:colcon.colcon_core.package_identification:_identify(src/dynus) by extensions ['ros']
[0.328s] Level 1:colcon.colcon_core.package_identification:_identify(src/dynus) by extension 'ros'
[0.329s] DEBUG:colcon.colcon_core.package_identification:Package 'src/dynus' with type 'ros.ament_cmake' and name 'dynus'
[0.329s] Level 1:colcon.colcon_core.package_identification:_identify(src/dynus_interfaces) by extensions ['ignore', 'ignore_ament_install']
[0.329s] Level 1:colcon.colcon_core.package_identification:_identify(src/dynus_interfaces) by extension 'ignore'
[0.329s] Level 1:colcon.colcon_core.package_identification:_identify(src/dynus_interfaces) by extension 'ignore_ament_install'
[0.329s] Level 1:colcon.colcon_core.package_identification:_identify(src/dynus_interfaces) by extensions ['colcon_pkg']
[0.329s] Level 1:colcon.colcon_core.package_identification:_identify(src/dynus_interfaces) by extension 'colcon_pkg'
[0.329s] Level 1:colcon.colcon_core.package_identification:_identify(src/dynus_interfaces) by extensions ['colcon_meta']
[0.329s] Level 1:colcon.colcon_core.package_identification:_identify(src/dynus_interfaces) by extension 'colcon_meta'
[0.329s] Level 1:colcon.colcon_core.package_identification:_identify(src/dynus_interfaces) by extensions ['ros']
[0.329s] Level 1:colcon.colcon_core.package_identification:_identify(src/dynus_interfaces) by extension 'ros'
[0.330s] DEBUG:colcon.colcon_core.package_identification:Package 'src/dynus_interfaces' with type 'ros.ament_cmake' and name 'dynus_interfaces'
[0.330s] Level 1:colcon.colcon_core.package_identification:_identify(src/gazebo_ros_pkgs) by extensions ['ignore', 'ignore_ament_install']
[0.330s] Level 1:colcon.colcon_core.package_identification:_identify(src/gazebo_ros_pkgs) by extension 'ignore'
[0.330s] Level 1:colcon.colcon_core.package_identification:_identify(src/gazebo_ros_pkgs) by extension 'ignore_ament_install'
[0.330s] Level 1:colcon.colcon_core.package_identification:_identify(src/gazebo_ros_pkgs) by extensions ['colcon_pkg']
[0.330s] Level 1:colcon.colcon_core.package_identification:_identify(src/gazebo_ros_pkgs) by extension 'colcon_pkg'
[0.330s] Level 1:colcon.colcon_core.package_identification:_identify(src/gazebo_ros_pkgs) by extensions ['colcon_meta']
[0.330s] Level 1:colcon.colcon_core.package_identification:_identify(src/gazebo_ros_pkgs) by extension 'colcon_meta'
[0.330s] Level 1:colcon.colcon_core.package_identification:_identify(src/gazebo_ros_pkgs) by extensions ['ros']
[0.330s] Level 1:colcon.colcon_core.package_identification:_identify(src/gazebo_ros_pkgs) by extension 'ros'
[0.330s] Level 1:colcon.colcon_core.package_identification:_identify(src/gazebo_ros_pkgs) by extensions ['cmake', 'python']
[0.330s] Level 1:colcon.colcon_core.package_identification:_identify(src/gazebo_ros_pkgs) by extension 'cmake'
[0.331s] Level 1:colcon.colcon_core.package_identification:_identify(src/gazebo_ros_pkgs) by extension 'python'
[0.331s] Level 1:colcon.colcon_core.package_identification:_identify(src/gazebo_ros_pkgs) by extensions ['python_setup_py']
[0.331s] Level 1:colcon.colcon_core.package_identification:_identify(src/gazebo_ros_pkgs) by extension 'python_setup_py'
[0.331s] Level 1:colcon.colcon_core.package_identification:_identify(src/gazebo_ros_pkgs/gazebo_dev) by extensions ['ignore', 'ignore_ament_install']
[0.331s] Level 1:colcon.colcon_core.package_identification:_identify(src/gazebo_ros_pkgs/gazebo_dev) by extension 'ignore'
[0.331s] Level 1:colcon.colcon_core.package_identification:_identify(src/gazebo_ros_pkgs/gazebo_dev) by extension 'ignore_ament_install'
[0.331s] Level 1:colcon.colcon_core.package_identification:_identify(src/gazebo_ros_pkgs/gazebo_dev) by extensions ['colcon_pkg']
[0.331s] Level 1:colcon.colcon_core.package_identification:_identify(src/gazebo_ros_pkgs/gazebo_dev) by extension 'colcon_pkg'
[0.331s] Level 1:colcon.colcon_core.package_identification:_identify(src/gazebo_ros_pkgs/gazebo_dev) by extensions ['colcon_meta']
[0.331s] Level 1:colcon.colcon_core.package_identification:_identify(src/gazebo_ros_pkgs/gazebo_dev) by extension 'colcon_meta'
[0.331s] Level 1:colcon.colcon_core.package_identification:_identify(src/gazebo_ros_pkgs/gazebo_dev) by extensions ['ros']
[0.331s] Level 1:colcon.colcon_core.package_identification:_identify(src/gazebo_ros_pkgs/gazebo_dev) by extension 'ros'
[0.332s] DEBUG:colcon.colcon_core.package_identification:Package 'src/gazebo_ros_pkgs/gazebo_dev' with type 'ros.ament_cmake' and name 'gazebo_dev'
[0.332s] Level 1:colcon.colcon_core.package_identification:_identify(src/gazebo_ros_pkgs/gazebo_msgs) by extensions ['ignore', 'ignore_ament_install']
[0.332s] Level 1:colcon.colcon_core.package_identification:_identify(src/gazebo_ros_pkgs/gazebo_msgs) by extension 'ignore'
[0.332s] Level 1:colcon.colcon_core.package_identification:_identify(src/gazebo_ros_pkgs/gazebo_msgs) by extension 'ignore_ament_install'
[0.332s] Level 1:colcon.colcon_core.package_identification:_identify(src/gazebo_ros_pkgs/gazebo_msgs) by extensions ['colcon_pkg']
[0.332s] Level 1:colcon.colcon_core.package_identification:_identify(src/gazebo_ros_pkgs/gazebo_msgs) by extension 'colcon_pkg'
[0.332s] Level 1:colcon.colcon_core.package_identification:_identify(src/gazebo_ros_pkgs/gazebo_msgs) by extensions ['colcon_meta']
[0.332s] Level 1:colcon.colcon_core.package_identification:_identify(src/gazebo_ros_pkgs/gazebo_msgs) by extension 'colcon_meta'
[0.332s] Level 1:colcon.colcon_core.package_identification:_identify(src/gazebo_ros_pkgs/gazebo_msgs) by extensions ['ros']
[0.332s] Level 1:colcon.colcon_core.package_identification:_identify(src/gazebo_ros_pkgs/gazebo_msgs) by extension 'ros'
[0.333s] DEBUG:colcon.colcon_core.package_identification:Package 'src/gazebo_ros_pkgs/gazebo_msgs' with type 'ros.ament_cmake' and name 'gazebo_msgs'
[0.333s] Level 1:colcon.colcon_core.package_identification:_identify(src/gazebo_ros_pkgs/gazebo_plugins) by extensions ['ignore', 'ignore_ament_install']
[0.333s] Level 1:colcon.colcon_core.package_identification:_identify(src/gazebo_ros_pkgs/gazebo_plugins) by extension 'ignore'
[0.333s] Level 1:colcon.colcon_core.package_identification:_identify(src/gazebo_ros_pkgs/gazebo_plugins) by extension 'ignore_ament_install'
[0.333s] Level 1:colcon.colcon_core.package_identification:_identify(src/gazebo_ros_pkgs/gazebo_plugins) by extensions ['colcon_pkg']
[0.333s] Level 1:colcon.colcon_core.package_identification:_identify(src/gazebo_ros_pkgs/gazebo_plugins) by extension 'colcon_pkg'
[0.334s] Level 1:colcon.colcon_core.package_identification:_identify(src/gazebo_ros_pkgs/gazebo_plugins) by extensions ['colcon_meta']
[0.334s] Level 1:colcon.colcon_core.package_identification:_identify(src/gazebo_ros_pkgs/gazebo_plugins) by extension 'colcon_meta'
[0.334s] Level 1:colcon.colcon_core.package_identification:_identify(src/gazebo_ros_pkgs/gazebo_plugins) by extensions ['ros']
[0.334s] Level 1:colcon.colcon_core.package_identification:_identify(src/gazebo_ros_pkgs/gazebo_plugins) by extension 'ros'
[0.335s] DEBUG:colcon.colcon_core.package_identification:Package 'src/gazebo_ros_pkgs/gazebo_plugins' with type 'ros.ament_cmake' and name 'gazebo_plugins'
[0.335s] Level 1:colcon.colcon_core.package_identification:_identify(src/gazebo_ros_pkgs/gazebo_ros) by extensions ['ignore', 'ignore_ament_install']
[0.335s] Level 1:colcon.colcon_core.package_identification:_identify(src/gazebo_ros_pkgs/gazebo_ros) by extension 'ignore'
[0.335s] Level 1:colcon.colcon_core.package_identification:_identify(src/gazebo_ros_pkgs/gazebo_ros) by extension 'ignore_ament_install'
[0.335s] Level 1:colcon.colcon_core.package_identification:_identify(src/gazebo_ros_pkgs/gazebo_ros) by extensions ['colcon_pkg']
[0.335s] Level 1:colcon.colcon_core.package_identification:_identify(src/gazebo_ros_pkgs/gazebo_ros) by extension 'colcon_pkg'
[0.336s] Level 1:colcon.colcon_core.package_identification:_identify(src/gazebo_ros_pkgs/gazebo_ros) by extensions ['colcon_meta']
[0.336s] Level 1:colcon.colcon_core.package_identification:_identify(src/gazebo_ros_pkgs/gazebo_ros) by extension 'colcon_meta'
[0.336s] Level 1:colcon.colcon_core.package_identification:_identify(src/gazebo_ros_pkgs/gazebo_ros) by extensions ['ros']
[0.336s] Level 1:colcon.colcon_core.package_identification:_identify(src/gazebo_ros_pkgs/gazebo_ros) by extension 'ros'
[0.337s] DEBUG:colcon.colcon_core.package_identification:Package 'src/gazebo_ros_pkgs/gazebo_ros' with type 'ros.ament_cmake' and name 'gazebo_ros'
[0.337s] Level 1:colcon.colcon_core.package_identification:_identify(src/gazebo_ros_pkgs/gazebo_ros_control) by extensions ['ignore', 'ignore_ament_install']
[0.337s] Level 1:colcon.colcon_core.package_identification:_identify(src/gazebo_ros_pkgs/gazebo_ros_control) by extension 'ignore'
[0.337s] Level 1:colcon.colcon_core.package_identification:_identify(src/gazebo_ros_pkgs/gazebo_ros_control) by extension 'ignore_ament_install'
[0.337s] Level 1:colcon.colcon_core.package_identification:_identify(src/gazebo_ros_pkgs/gazebo_ros_control) by extensions ['colcon_pkg']
[0.337s] Level 1:colcon.colcon_core.package_identification:_identify(src/gazebo_ros_pkgs/gazebo_ros_control) by extension 'colcon_pkg'
[0.337s] Level 1:colcon.colcon_core.package_identification:_identify(src/gazebo_ros_pkgs/gazebo_ros_control) by extensions ['colcon_meta']
[0.338s] Level 1:colcon.colcon_core.package_identification:_identify(src/gazebo_ros_pkgs/gazebo_ros_control) by extension 'colcon_meta'
[0.338s] Level 1:colcon.colcon_core.package_identification:_identify(src/gazebo_ros_pkgs/gazebo_ros_control) by extensions ['ros']
[0.338s] Level 1:colcon.colcon_core.package_identification:_identify(src/gazebo_ros_pkgs/gazebo_ros_control) by extension 'ros'
[0.338s] Level 1:colcon.colcon_core.package_identification:_identify(src/gazebo_ros_pkgs/gazebo_ros_control) by extensions ['cmake', 'python']
[0.338s] Level 1:colcon.colcon_core.package_identification:_identify(src/gazebo_ros_pkgs/gazebo_ros_control) by extension 'cmake'
[0.338s] Level 1:colcon.colcon_core.package_identification:_identify(src/gazebo_ros_pkgs/gazebo_ros_control) by extension 'python'
[0.338s] Level 1:colcon.colcon_core.package_identification:_identify(src/gazebo_ros_pkgs/gazebo_ros_control) by extensions ['python_setup_py']
[0.338s] Level 1:colcon.colcon_core.package_identification:_identify(src/gazebo_ros_pkgs/gazebo_ros_control) by extension 'python_setup_py'
[0.338s] Level 1:colcon.colcon_core.package_identification:_identify(src/gazebo_ros_pkgs/gazebo_ros_pkgs) by extensions ['ignore', 'ignore_ament_install']
[0.338s] Level 1:colcon.colcon_core.package_identification:_identify(src/gazebo_ros_pkgs/gazebo_ros_pkgs) by extension 'ignore'
[0.338s] Level 1:colcon.colcon_core.package_identification:_identify(src/gazebo_ros_pkgs/gazebo_ros_pkgs) by extension 'ignore_ament_install'
[0.338s] Level 1:colcon.colcon_core.package_identification:_identify(src/gazebo_ros_pkgs/gazebo_ros_pkgs) by extensions ['colcon_pkg']
[0.338s] Level 1:colcon.colcon_core.package_identification:_identify(src/gazebo_ros_pkgs/gazebo_ros_pkgs) by extension 'colcon_pkg'
[0.338s] Level 1:colcon.colcon_core.package_identification:_identify(src/gazebo_ros_pkgs/gazebo_ros_pkgs) by extensions ['colcon_meta']
[0.338s] Level 1:colcon.colcon_core.package_identification:_identify(src/gazebo_ros_pkgs/gazebo_ros_pkgs) by extension 'colcon_meta'
[0.338s] Level 1:colcon.colcon_core.package_identification:_identify(src/gazebo_ros_pkgs/gazebo_ros_pkgs) by extensions ['ros']
[0.338s] Level 1:colcon.colcon_core.package_identification:_identify(src/gazebo_ros_pkgs/gazebo_ros_pkgs) by extension 'ros'
[0.339s] DEBUG:colcon.colcon_core.package_identification:Package 'src/gazebo_ros_pkgs/gazebo_ros_pkgs' with type 'ros.ament_cmake' and name 'gazebo_ros_pkgs'
[0.339s] Level 1:colcon.colcon_core.package_identification:_identify(src/livox_laser_simulation_ros2) by extensions ['ignore', 'ignore_ament_install']
[0.339s] Level 1:colcon.colcon_core.package_identification:_identify(src/livox_laser_simulation_ros2) by extension 'ignore'
[0.339s] Level 1:colcon.colcon_core.package_identification:_identify(src/livox_laser_simulation_ros2) by extension 'ignore_ament_install'
[0.339s] Level 1:colcon.colcon_core.package_identification:_identify(src/livox_laser_simulation_ros2) by extensions ['colcon_pkg']
[0.339s] Level 1:colcon.colcon_core.package_identification:_identify(src/livox_laser_simulation_ros2) by extension 'colcon_pkg'
[0.339s] Level 1:colcon.colcon_core.package_identification:_identify(src/livox_laser_simulation_ros2) by extensions ['colcon_meta']
[0.339s] Level 1:colcon.colcon_core.package_identification:_identify(src/livox_laser_simulation_ros2) by extension 'colcon_meta'
[0.339s] Level 1:colcon.colcon_core.package_identification:_identify(src/livox_laser_simulation_ros2) by extensions ['ros']
[0.339s] Level 1:colcon.colcon_core.package_identification:_identify(src/livox_laser_simulation_ros2) by extension 'ros'
[0.340s] DEBUG:colcon.colcon_core.package_identification:Package 'src/livox_laser_simulation_ros2' with type 'ros.ament_cmake' and name 'ros2_livox_simulation'
[0.340s] Level 1:colcon.colcon_core.package_identification:_identify(src/livox_ros_driver2) by extensions ['ignore', 'ignore_ament_install']
[0.340s] Level 1:colcon.colcon_core.package_identification:_identify(src/livox_ros_driver2) by extension 'ignore'
[0.340s] Level 1:colcon.colcon_core.package_identification:_identify(src/livox_ros_driver2) by extension 'ignore_ament_install'
[0.340s] Level 1:colcon.colcon_core.package_identification:_identify(src/livox_ros_driver2) by extensions ['colcon_pkg']
[0.340s] Level 1:colcon.colcon_core.package_identification:_identify(src/livox_ros_driver2) by extension 'colcon_pkg'
[0.340s] Level 1:colcon.colcon_core.package_identification:_identify(src/livox_ros_driver2) by extensions ['colcon_meta']
[0.340s] Level 1:colcon.colcon_core.package_identification:_identify(src/livox_ros_driver2) by extension 'colcon_meta'
[0.340s] Level 1:colcon.colcon_core.package_identification:_identify(src/livox_ros_driver2) by extensions ['ros']
[0.340s] Level 1:colcon.colcon_core.package_identification:_identify(src/livox_ros_driver2) by extension 'ros'
[0.341s] DEBUG:colcon.colcon_core.package_identification:Package 'src/livox_ros_driver2' with type 'ros.ament_cmake' and name 'livox_ros_driver2'
[0.342s] Level 1:colcon.colcon_core.package_identification:_identify(src/mission_mode) by extensions ['ignore', 'ignore_ament_install']
[0.342s] Level 1:colcon.colcon_core.package_identification:_identify(src/mission_mode) by extension 'ignore'
[0.342s] Level 1:colcon.colcon_core.package_identification:_identify(src/mission_mode) by extension 'ignore_ament_install'
[0.342s] Level 1:colcon.colcon_core.package_identification:_identify(src/mission_mode) by extensions ['colcon_pkg']
[0.342s] Level 1:colcon.colcon_core.package_identification:_identify(src/mission_mode) by extension 'colcon_pkg'
[0.342s] Level 1:colcon.colcon_core.package_identification:_identify(src/mission_mode) by extensions ['colcon_meta']
[0.342s] Level 1:colcon.colcon_core.package_identification:_identify(src/mission_mode) by extension 'colcon_meta'
[0.342s] Level 1:colcon.colcon_core.package_identification:_identify(src/mission_mode) by extensions ['ros']
[0.342s] Level 1:colcon.colcon_core.package_identification:_identify(src/mission_mode) by extension 'ros'
[0.343s] DEBUG:colcon.colcon_core.package_identification:Package 'src/mission_mode' with type 'ros.ament_cmake' and name 'mission_mode'
[0.343s] Level 1:colcon.colcon_core.package_identification:_identify(src/octomap_mapping) by extensions ['ignore', 'ignore_ament_install']
[0.343s] Level 1:colcon.colcon_core.package_identification:_identify(src/octomap_mapping) by extension 'ignore'
[0.343s] Level 1:colcon.colcon_core.package_identification:_identify(src/octomap_mapping) by extension 'ignore_ament_install'
[0.343s] Level 1:colcon.colcon_core.package_identification:_identify(src/octomap_mapping) by extensions ['colcon_pkg']
[0.343s] Level 1:colcon.colcon_core.package_identification:_identify(src/octomap_mapping) by extension 'colcon_pkg'
[0.343s] Level 1:colcon.colcon_core.package_identification:_identify(src/octomap_mapping) by extensions ['colcon_meta']
[0.343s] Level 1:colcon.colcon_core.package_identification:_identify(src/octomap_mapping) by extension 'colcon_meta'
[0.343s] Level 1:colcon.colcon_core.package_identification:_identify(src/octomap_mapping) by extensions ['ros']
[0.343s] Level 1:colcon.colcon_core.package_identification:_identify(src/octomap_mapping) by extension 'ros'
[0.343s] Level 1:colcon.colcon_core.package_identification:_identify(src/octomap_mapping) by extensions ['cmake', 'python']
[0.343s] Level 1:colcon.colcon_core.package_identification:_identify(src/octomap_mapping) by extension 'cmake'
[0.343s] Level 1:colcon.colcon_core.package_identification:_identify(src/octomap_mapping) by extension 'python'
[0.343s] Level 1:colcon.colcon_core.package_identification:_identify(src/octomap_mapping) by extensions ['python_setup_py']
[0.343s] Level 1:colcon.colcon_core.package_identification:_identify(src/octomap_mapping) by extension 'python_setup_py'
[0.343s] Level 1:colcon.colcon_core.package_identification:_identify(src/octomap_mapping/octomap_mapping) by extensions ['ignore', 'ignore_ament_install']
[0.343s] Level 1:colcon.colcon_core.package_identification:_identify(src/octomap_mapping/octomap_mapping) by extension 'ignore'
[0.343s] Level 1:colcon.colcon_core.package_identification:_identify(src/octomap_mapping/octomap_mapping) by extension 'ignore_ament_install'
[0.343s] Level 1:colcon.colcon_core.package_identification:_identify(src/octomap_mapping/octomap_mapping) by extensions ['colcon_pkg']
[0.343s] Level 1:colcon.colcon_core.package_identification:_identify(src/octomap_mapping/octomap_mapping) by extension 'colcon_pkg'
[0.343s] Level 1:colcon.colcon_core.package_identification:_identify(src/octomap_mapping/octomap_mapping) by extensions ['colcon_meta']
[0.343s] Level 1:colcon.colcon_core.package_identification:_identify(src/octomap_mapping/octomap_mapping) by extension 'colcon_meta'
[0.344s] Level 1:colcon.colcon_core.package_identification:_identify(src/octomap_mapping/octomap_mapping) by extensions ['ros']
[0.344s] Level 1:colcon.colcon_core.package_identification:_identify(src/octomap_mapping/octomap_mapping) by extension 'ros'
[0.344s] DEBUG:colcon.colcon_core.package_identification:Package 'src/octomap_mapping/octomap_mapping' with type 'ros.ament_cmake' and name 'octomap_mapping'
[0.344s] Level 1:colcon.colcon_core.package_identification:_identify(src/octomap_mapping/octomap_server) by extensions ['ignore', 'ignore_ament_install']
[0.344s] Level 1:colcon.colcon_core.package_identification:_identify(src/octomap_mapping/octomap_server) by extension 'ignore'
[0.344s] Level 1:colcon.colcon_core.package_identification:_identify(src/octomap_mapping/octomap_server) by extension 'ignore_ament_install'
[0.344s] Level 1:colcon.colcon_core.package_identification:_identify(src/octomap_mapping/octomap_server) by extensions ['colcon_pkg']
[0.344s] Level 1:colcon.colcon_core.package_identification:_identify(src/octomap_mapping/octomap_server) by extension 'colcon_pkg'
[0.344s] Level 1:colcon.colcon_core.package_identification:_identify(src/octomap_mapping/octomap_server) by extensions ['colcon_meta']
[0.344s] Level 1:colcon.colcon_core.package_identification:_identify(src/octomap_mapping/octomap_server) by extension 'colcon_meta'
[0.344s] Level 1:colcon.colcon_core.package_identification:_identify(src/octomap_mapping/octomap_server) by extensions ['ros']
[0.344s] Level 1:colcon.colcon_core.package_identification:_identify(src/octomap_mapping/octomap_server) by extension 'ros'
[0.346s] DEBUG:colcon.colcon_core.package_identification:Package 'src/octomap_mapping/octomap_server' with type 'ros.ament_cmake' and name 'octomap_server'
[0.346s] Level 1:colcon.colcon_core.package_identification:_identify(src/octomap_rviz_plugins) by extensions ['ignore', 'ignore_ament_install']
[0.346s] Level 1:colcon.colcon_core.package_identification:_identify(src/octomap_rviz_plugins) by extension 'ignore'
[0.346s] Level 1:colcon.colcon_core.package_identification:_identify(src/octomap_rviz_plugins) by extension 'ignore_ament_install'
[0.346s] Level 1:colcon.colcon_core.package_identification:_identify(src/octomap_rviz_plugins) by extensions ['colcon_pkg']
[0.346s] Level 1:colcon.colcon_core.package_identification:_identify(src/octomap_rviz_plugins) by extension 'colcon_pkg'
[0.346s] Level 1:colcon.colcon_core.package_identification:_identify(src/octomap_rviz_plugins) by extensions ['colcon_meta']
[0.346s] Level 1:colcon.colcon_core.package_identification:_identify(src/octomap_rviz_plugins) by extension 'colcon_meta'
[0.346s] Level 1:colcon.colcon_core.package_identification:_identify(src/octomap_rviz_plugins) by extensions ['ros']
[0.346s] Level 1:colcon.colcon_core.package_identification:_identify(src/octomap_rviz_plugins) by extension 'ros'
[0.347s] DEBUG:colcon.colcon_core.package_identification:Package 'src/octomap_rviz_plugins' with type 'ros.ament_cmake' and name 'octomap_rviz_plugins'
[0.347s] Level 1:colcon.colcon_core.package_identification:_identify(src/realsense_gazebo_plugin) by extensions ['ignore', 'ignore_ament_install']
[0.348s] Level 1:colcon.colcon_core.package_identification:_identify(src/realsense_gazebo_plugin) by extension 'ignore'
[0.348s] Level 1:colcon.colcon_core.package_identification:_identify(src/realsense_gazebo_plugin) by extension 'ignore_ament_install'
[0.348s] Level 1:colcon.colcon_core.package_identification:_identify(src/realsense_gazebo_plugin) by extensions ['colcon_pkg']
[0.348s] Level 1:colcon.colcon_core.package_identification:_identify(src/realsense_gazebo_plugin) by extension 'colcon_pkg'
[0.348s] Level 1:colcon.colcon_core.package_identification:_identify(src/realsense_gazebo_plugin) by extensions ['colcon_meta']
[0.348s] Level 1:colcon.colcon_core.package_identification:_identify(src/realsense_gazebo_plugin) by extension 'colcon_meta'
[0.348s] Level 1:colcon.colcon_core.package_identification:_identify(src/realsense_gazebo_plugin) by extensions ['ros']
[0.348s] Level 1:colcon.colcon_core.package_identification:_identify(src/realsense_gazebo_plugin) by extension 'ros'
[0.349s] DEBUG:colcon.colcon_core.package_identification:Package 'src/realsense_gazebo_plugin' with type 'ros.catkin' and name 'realsense_gazebo_plugin'
[0.349s] Level 1:colcon.colcon_core.package_identification:_identify(src/ros2_px4_stack) by extensions ['ignore', 'ignore_ament_install']
[0.349s] Level 1:colcon.colcon_core.package_identification:_identify(src/ros2_px4_stack) by extension 'ignore'
[0.349s] Level 1:colcon.colcon_core.package_identification:_identify(src/ros2_px4_stack) by extension 'ignore_ament_install'
[0.349s] Level 1:colcon.colcon_core.package_identification:_identify(src/ros2_px4_stack) by extensions ['colcon_pkg']
[0.349s] Level 1:colcon.colcon_core.package_identification:_identify(src/ros2_px4_stack) by extension 'colcon_pkg'
[0.349s] Level 1:colcon.colcon_core.package_identification:_identify(src/ros2_px4_stack) by extensions ['colcon_meta']
[0.349s] Level 1:colcon.colcon_core.package_identification:_identify(src/ros2_px4_stack) by extension 'colcon_meta'
[0.349s] Level 1:colcon.colcon_core.package_identification:_identify(src/ros2_px4_stack) by extensions ['ros']
[0.349s] Level 1:colcon.colcon_core.package_identification:_identify(src/ros2_px4_stack) by extension 'ros'
[0.349s] DEBUG:colcon.colcon_core.package_identification:Package 'src/ros2_px4_stack' with type 'ros.ament_python' and name 'ros2_px4_stack'
[0.350s] Level 1:colcon.colcon_core.package_identification:_identify(src/snapstack_msgs2) by extensions ['ignore', 'ignore_ament_install']
[0.350s] Level 1:colcon.colcon_core.package_identification:_identify(src/snapstack_msgs2) by extension 'ignore'
[0.350s] Level 1:colcon.colcon_core.package_identification:_identify(src/snapstack_msgs2) by extension 'ignore_ament_install'
[0.350s] Level 1:colcon.colcon_core.package_identification:_identify(src/snapstack_msgs2) by extensions ['colcon_pkg']
[0.350s] Level 1:colcon.colcon_core.package_identification:_identify(src/snapstack_msgs2) by extension 'colcon_pkg'
[0.350s] Level 1:colcon.colcon_core.package_identification:_identify(src/snapstack_msgs2) by extensions ['colcon_meta']
[0.350s] Level 1:colcon.colcon_core.package_identification:_identify(src/snapstack_msgs2) by extension 'colcon_meta'
[0.350s] Level 1:colcon.colcon_core.package_identification:_identify(src/snapstack_msgs2) by extensions ['ros']
[0.350s] Level 1:colcon.colcon_core.package_identification:_identify(src/snapstack_msgs2) by extension 'ros'
[0.351s] DEBUG:colcon.colcon_core.package_identification:Package 'src/snapstack_msgs2' with type 'ros.ament_cmake' and name 'snapstack_msgs2'
[0.351s] Level 1:colcon.colcon_core.package_identification:_identify(src/trajectory_generator_ros2) by extensions ['ignore', 'ignore_ament_install']
[0.351s] Level 1:colcon.colcon_core.package_identification:_identify(src/trajectory_generator_ros2) by extension 'ignore'
[0.351s] Level 1:colcon.colcon_core.package_identification:_identify(src/trajectory_generator_ros2) by extension 'ignore_ament_install'
[0.351s] Level 1:colcon.colcon_core.package_identification:_identify(src/trajectory_generator_ros2) by extensions ['colcon_pkg']
[0.351s] Level 1:colcon.colcon_core.package_identification:_identify(src/trajectory_generator_ros2) by extension 'colcon_pkg'
[0.351s] Level 1:colcon.colcon_core.package_identification:_identify(src/trajectory_generator_ros2) by extensions ['colcon_meta']
[0.351s] Level 1:colcon.colcon_core.package_identification:_identify(src/trajectory_generator_ros2) by extension 'colcon_meta'
[0.351s] Level 1:colcon.colcon_core.package_identification:_identify(src/trajectory_generator_ros2) by extensions ['ros']
[0.351s] Level 1:colcon.colcon_core.package_identification:_identify(src/trajectory_generator_ros2) by extension 'ros'
[0.352s] DEBUG:colcon.colcon_core.package_identification:Package 'src/trajectory_generator_ros2' with type 'ros.ament_cmake' and name 'trajectory_generator_ros2'
[0.352s] Level 1:colcon.colcon_core.package_discovery:discover_packages(recursive) using defaults
[0.352s] Level 1:colcon.colcon_core.package_discovery:discover_packages(ignore) discover
[0.352s] Level 1:colcon.colcon_core.package_discovery:discover_packages(ignore) using defaults
[0.352s] Level 1:colcon.colcon_core.package_discovery:discover_packages(path) discover
[0.352s] Level 1:colcon.colcon_core.package_discovery:discover_packages(path) using defaults
[0.368s] INFO:colcon.colcon_metadata.metadata.colcon_pkg:Updating descriptor of package 'src/gazebo_ros_pkgs/gazebo_plugins' from colcon.pkg: {'dependencies': ['Gazebo']}
[0.368s] INFO:colcon.colcon_metadata.metadata.colcon_pkg:Updating descriptor of package 'src/gazebo_ros_pkgs/gazebo_ros' from colcon.pkg: {'dependencies': ['Gazebo']}
[0.369s] INFO:colcon.colcon_metadata.metadata.colcon_pkg:Updating descriptor of package 'src/gazebo_ros_pkgs/gazebo_dev' from colcon.pkg: {'dependencies': ['Gazebo']}
[0.374s] Level 1:colcon.colcon_core.package_discovery:discover_packages(prefix_path) check parameters
[0.374s] Level 1:colcon.colcon_core.package_discovery:discover_packages(prefix_path) discover
[0.376s] DEBUG:colcon.colcon_installed_package_information.package_discovery:Found 4 installed packages in /home/lorenzo/code/dynus_lite/dynus_lite_ws/install
[0.377s] DEBUG:colcon.colcon_installed_package_information.package_discovery:Found 373 installed packages in /opt/ros/humble
[0.378s] Level 1:colcon.colcon_core.package_discovery:discover_packages(prefix_path) using defaults
[0.418s] Level 5:colcon.colcon_core.verb:set package 'behavior_selector2' build argument 'cmake_args' from command line to 'None'
[0.418s] Level 5:colcon.colcon_core.verb:set package 'behavior_selector2' build argument 'cmake_target' from command line to 'None'
[0.418s] Level 5:colcon.colcon_core.verb:set package 'behavior_selector2' build argument 'cmake_target_skip_unavailable' from command line to 'False'
[0.418s] Level 5:colcon.colcon_core.verb:set package 'behavior_selector2' build argument 'cmake_clean_cache' from command line to 'False'
[0.418s] Level 5:colcon.colcon_core.verb:set package 'behavior_selector2' build argument 'cmake_clean_first' from command line to 'False'
[0.418s] Level 5:colcon.colcon_core.verb:set package 'behavior_selector2' build argument 'cmake_force_configure' from command line to 'False'
[0.418s] Level 5:colcon.colcon_core.verb:set package 'behavior_selector2' build argument 'ament_cmake_args' from command line to 'None'
[0.418s] Level 5:colcon.colcon_core.verb:set package 'behavior_selector2' build argument 'catkin_cmake_args' from command line to 'None'
[0.418s] Level 5:colcon.colcon_core.verb:set package 'behavior_selector2' build argument 'catkin_skip_building_tests' from command line to 'False'
[0.418s] DEBUG:colcon.colcon_core.verb:Building package 'behavior_selector2' with the following arguments: {'ament_cmake_args': None, 'build_base': '/home/lorenzo/code/dynus_lite/dynus_lite_ws/build/behavior_selector2', 'catkin_cmake_args': None, 'catkin_skip_building_tests': False, 'cmake_args': None, 'cmake_clean_cache': False, 'cmake_clean_first': False, 'cmake_force_configure': False, 'cmake_target': None, 'cmake_target_skip_unavailable': False, 'install_base': '/home/lorenzo/code/dynus_lite/dynus_lite_ws/install/behavior_selector2', 'merge_install': False, 'path': '/home/lorenzo/code/dynus_lite/dynus_lite_ws/src/behavior_selector2', 'symlink_install': False, 'test_result_base': None}
[0.419s] Level 5:colcon.colcon_core.verb:set package 'decomp_ros_msgs' build argument 'cmake_args' from command line to 'None'
[0.419s] Level 5:colcon.colcon_core.verb:set package 'decomp_ros_msgs' build argument 'cmake_target' from command line to 'None'
[0.419s] Level 5:colcon.colcon_core.verb:set package 'decomp_ros_msgs' build argument 'cmake_target_skip_unavailable' from command line to 'False'
[0.419s] Level 5:colcon.colcon_core.verb:set package 'decomp_ros_msgs' build argument 'cmake_clean_cache' from command line to 'False'
[0.419s] Level 5:colcon.colcon_core.verb:set package 'decomp_ros_msgs' build argument 'cmake_clean_first' from command line to 'False'
[0.419s] Level 5:colcon.colcon_core.verb:set package 'decomp_ros_msgs' build argument 'cmake_force_configure' from command line to 'False'
[0.419s] Level 5:colcon.colcon_core.verb:set package 'decomp_ros_msgs' build argument 'ament_cmake_args' from command line to 'None'
[0.419s] Level 5:colcon.colcon_core.verb:set package 'decomp_ros_msgs' build argument 'catkin_cmake_args' from command line to 'None'
[0.419s] Level 5:colcon.colcon_core.verb:set package 'decomp_ros_msgs' build argument 'catkin_skip_building_tests' from command line to 'False'
[0.419s] DEBUG:colcon.colcon_core.verb:Building package 'decomp_ros_msgs' with the following arguments: {'ament_cmake_args': None, 'build_base': '/home/lorenzo/code/dynus_lite/dynus_lite_ws/build/decomp_ros_msgs', 'catkin_cmake_args': None, 'catkin_skip_building_tests': False, 'cmake_args': None, 'cmake_clean_cache': False, 'cmake_clean_first': False, 'cmake_force_configure': False, 'cmake_target': None, 'cmake_target_skip_unavailable': False, 'install_base': '/home/lorenzo/code/dynus_lite/dynus_lite_ws/install/decomp_ros_msgs', 'merge_install': False, 'path': '/home/lorenzo/code/dynus_lite/dynus_lite_ws/src/DecompROS2/decomp_ros_msgs', 'symlink_install': False, 'test_result_base': None}
[0.419s] Level 5:colcon.colcon_core.verb:set package 'decomp_util' build argument 'cmake_args' from command line to 'None'
[0.419s] Level 5:colcon.colcon_core.verb:set package 'decomp_util' build argument 'cmake_target' from command line to 'None'
[0.419s] Level 5:colcon.colcon_core.verb:set package 'decomp_util' build argument 'cmake_target_skip_unavailable' from command line to 'False'
[0.419s] Level 5:colcon.colcon_core.verb:set package 'decomp_util' build argument 'cmake_clean_cache' from command line to 'False'
[0.419s] Level 5:colcon.colcon_core.verb:set package 'decomp_util' build argument 'cmake_clean_first' from command line to 'False'
[0.419s] Level 5:colcon.colcon_core.verb:set package 'decomp_util' build argument 'cmake_force_configure' from command line to 'False'
[0.419s] Level 5:colcon.colcon_core.verb:set package 'decomp_util' build argument 'ament_cmake_args' from command line to 'None'
[0.419s] Level 5:colcon.colcon_core.verb:set package 'decomp_util' build argument 'catkin_cmake_args' from command line to 'None'
[0.419s] Level 5:colcon.colcon_core.verb:set package 'decomp_util' build argument 'catkin_skip_building_tests' from command line to 'False'
[0.419s] DEBUG:colcon.colcon_core.verb:Building package 'decomp_util' with the following arguments: {'ament_cmake_args': None, 'build_base': '/home/lorenzo/code/dynus_lite/dynus_lite_ws/build/decomp_util', 'catkin_cmake_args': None, 'catkin_skip_building_tests': False, 'cmake_args': None, 'cmake_clean_cache': False, 'cmake_clean_first': False, 'cmake_force_configure': False, 'cmake_target': None, 'cmake_target_skip_unavailable': False, 'install_base': '/home/lorenzo/code/dynus_lite/dynus_lite_ws/install/decomp_util', 'merge_install': False, 'path': '/home/lorenzo/code/dynus_lite/dynus_lite_ws/src/DecompROS2/DecompUtil', 'symlink_install': False, 'test_result_base': None}
[0.420s] Level 5:colcon.colcon_core.verb:set package 'dynus_interfaces' build argument 'cmake_args' from command line to 'None'
[0.420s] Level 5:colcon.colcon_core.verb:set package 'dynus_interfaces' build argument 'cmake_target' from command line to 'None'
[0.420s] Level 5:colcon.colcon_core.verb:set package 'dynus_interfaces' build argument 'cmake_target_skip_unavailable' from command line to 'False'
[0.420s] Level 5:colcon.colcon_core.verb:set package 'dynus_interfaces' build argument 'cmake_clean_cache' from command line to 'False'
[0.420s] Level 5:colcon.colcon_core.verb:set package 'dynus_interfaces' build argument 'cmake_clean_first' from command line to 'False'
[0.420s] Level 5:colcon.colcon_core.verb:set package 'dynus_interfaces' build argument 'cmake_force_configure' from command line to 'False'
[0.420s] Level 5:colcon.colcon_core.verb:set package 'dynus_interfaces' build argument 'ament_cmake_args' from command line to 'None'
[0.420s] Level 5:colcon.colcon_core.verb:set package 'dynus_interfaces' build argument 'catkin_cmake_args' from command line to 'None'
[0.420s] Level 5:colcon.colcon_core.verb:set package 'dynus_interfaces' build argument 'catkin_skip_building_tests' from command line to 'False'
[0.420s] DEBUG:colcon.colcon_core.verb:Building package 'dynus_interfaces' with the following arguments: {'ament_cmake_args': None, 'build_base': '/home/lorenzo/code/dynus_lite/dynus_lite_ws/build/dynus_interfaces', 'catkin_cmake_args': None, 'catkin_skip_building_tests': False, 'cmake_args': None, 'cmake_clean_cache': False, 'cmake_clean_first': False, 'cmake_force_configure': False, 'cmake_target': None, 'cmake_target_skip_unavailable': False, 'install_base': '/home/lorenzo/code/dynus_lite/dynus_lite_ws/install/dynus_interfaces', 'merge_install': False, 'path': '/home/lorenzo/code/dynus_lite/dynus_lite_ws/src/dynus_interfaces', 'symlink_install': False, 'test_result_base': None}
[0.420s] Level 5:colcon.colcon_core.verb:set package 'gazebo_dev' build argument 'cmake_args' from command line to 'None'
[0.420s] Level 5:colcon.colcon_core.verb:set package 'gazebo_dev' build argument 'cmake_target' from command line to 'None'
[0.420s] Level 5:colcon.colcon_core.verb:set package 'gazebo_dev' build argument 'cmake_target_skip_unavailable' from command line to 'False'
[0.420s] Level 5:colcon.colcon_core.verb:set package 'gazebo_dev' build argument 'cmake_clean_cache' from command line to 'False'
[0.420s] Level 5:colcon.colcon_core.verb:set package 'gazebo_dev' build argument 'cmake_clean_first' from command line to 'False'
[0.420s] Level 5:colcon.colcon_core.verb:set package 'gazebo_dev' build argument 'cmake_force_configure' from command line to 'False'
[0.420s] Level 5:colcon.colcon_core.verb:set package 'gazebo_dev' build argument 'ament_cmake_args' from command line to 'None'
[0.420s] Level 5:colcon.colcon_core.verb:set package 'gazebo_dev' build argument 'catkin_cmake_args' from command line to 'None'
[0.420s] Level 5:colcon.colcon_core.verb:set package 'gazebo_dev' build argument 'catkin_skip_building_tests' from command line to 'False'
[0.420s] DEBUG:colcon.colcon_core.verb:Building package 'gazebo_dev' with the following arguments: {'ament_cmake_args': None, 'build_base': '/home/lorenzo/code/dynus_lite/dynus_lite_ws/build/gazebo_dev', 'catkin_cmake_args': None, 'catkin_skip_building_tests': False, 'cmake_args': None, 'cmake_clean_cache': False, 'cmake_clean_first': False, 'cmake_force_configure': False, 'cmake_target': None, 'cmake_target_skip_unavailable': False, 'install_base': '/home/lorenzo/code/dynus_lite/dynus_lite_ws/install/gazebo_dev', 'merge_install': False, 'path': '/home/lorenzo/code/dynus_lite/dynus_lite_ws/src/gazebo_ros_pkgs/gazebo_dev', 'symlink_install': False, 'test_result_base': None}
[0.421s] Level 5:colcon.colcon_core.verb:set package 'gazebo_msgs' build argument 'cmake_args' from command line to 'None'
[0.421s] Level 5:colcon.colcon_core.verb:set package 'gazebo_msgs' build argument 'cmake_target' from command line to 'None'
[0.421s] Level 5:colcon.colcon_core.verb:set package 'gazebo_msgs' build argument 'cmake_target_skip_unavailable' from command line to 'False'
[0.421s] Level 5:colcon.colcon_core.verb:set package 'gazebo_msgs' build argument 'cmake_clean_cache' from command line to 'False'
[0.421s] Level 5:colcon.colcon_core.verb:set package 'gazebo_msgs' build argument 'cmake_clean_first' from command line to 'False'
[0.421s] Level 5:colcon.colcon_core.verb:set package 'gazebo_msgs' build argument 'cmake_force_configure' from command line to 'False'
[0.421s] Level 5:colcon.colcon_core.verb:set package 'gazebo_msgs' build argument 'ament_cmake_args' from command line to 'None'
[0.421s] Level 5:colcon.colcon_core.verb:set package 'gazebo_msgs' build argument 'catkin_cmake_args' from command line to 'None'
[0.421s] Level 5:colcon.colcon_core.verb:set package 'gazebo_msgs' build argument 'catkin_skip_building_tests' from command line to 'False'
[0.421s] DEBUG:colcon.colcon_core.verb:Building package 'gazebo_msgs' with the following arguments: {'ament_cmake_args': None, 'build_base': '/home/lorenzo/code/dynus_lite/dynus_lite_ws/build/gazebo_msgs', 'catkin_cmake_args': None, 'catkin_skip_building_tests': False, 'cmake_args': None, 'cmake_clean_cache': False, 'cmake_clean_first': False, 'cmake_force_configure': False, 'cmake_target': None, 'cmake_target_skip_unavailable': False, 'install_base': '/home/lorenzo/code/dynus_lite/dynus_lite_ws/install/gazebo_msgs', 'merge_install': False, 'path': '/home/lorenzo/code/dynus_lite/dynus_lite_ws/src/gazebo_ros_pkgs/gazebo_msgs', 'symlink_install': False, 'test_result_base': None}
[0.421s] Level 5:colcon.colcon_core.verb:set package 'livox_ros_driver2' build argument 'cmake_args' from command line to 'None'
[0.421s] Level 5:colcon.colcon_core.verb:set package 'livox_ros_driver2' build argument 'cmake_target' from command line to 'None'
[0.421s] Level 5:colcon.colcon_core.verb:set package 'livox_ros_driver2' build argument 'cmake_target_skip_unavailable' from command line to 'False'
[0.421s] Level 5:colcon.colcon_core.verb:set package 'livox_ros_driver2' build argument 'cmake_clean_cache' from command line to 'False'
[0.421s] Level 5:colcon.colcon_core.verb:set package 'livox_ros_driver2' build argument 'cmake_clean_first' from command line to 'False'
[0.421s] Level 5:colcon.colcon_core.verb:set package 'livox_ros_driver2' build argument 'cmake_force_configure' from command line to 'False'
[0.421s] Level 5:colcon.colcon_core.verb:set package 'livox_ros_driver2' build argument 'ament_cmake_args' from command line to 'None'
[0.421s] Level 5:colcon.colcon_core.verb:set package 'livox_ros_driver2' build argument 'catkin_cmake_args' from command line to 'None'
[0.421s] Level 5:colcon.colcon_core.verb:set package 'livox_ros_driver2' build argument 'catkin_skip_building_tests' from command line to 'False'
[0.421s] DEBUG:colcon.colcon_core.verb:Building package 'livox_ros_driver2' with the following arguments: {'ament_cmake_args': None, 'build_base': '/home/lorenzo/code/dynus_lite/dynus_lite_ws/build/livox_ros_driver2', 'catkin_cmake_args': None, 'catkin_skip_building_tests': False, 'cmake_args': None, 'cmake_clean_cache': False, 'cmake_clean_first': False, 'cmake_force_configure': False, 'cmake_target': None, 'cmake_target_skip_unavailable': False, 'install_base': '/home/lorenzo/code/dynus_lite/dynus_lite_ws/install/livox_ros_driver2', 'merge_install': False, 'path': '/home/lorenzo/code/dynus_lite/dynus_lite_ws/src/livox_ros_driver2', 'symlink_install': False, 'test_result_base': None}
[0.421s] Level 5:colcon.colcon_core.verb:set package 'mission_mode' build argument 'cmake_args' from command line to 'None'
[0.422s] Level 5:colcon.colcon_core.verb:set package 'mission_mode' build argument 'cmake_target' from command line to 'None'
[0.422s] Level 5:colcon.colcon_core.verb:set package 'mission_mode' build argument 'cmake_target_skip_unavailable' from command line to 'False'
[0.422s] Level 5:colcon.colcon_core.verb:set package 'mission_mode' build argument 'cmake_clean_cache' from command line to 'False'
[0.422s] Level 5:colcon.colcon_core.verb:set package 'mission_mode' build argument 'cmake_clean_first' from command line to 'False'
[0.422s] Level 5:colcon.colcon_core.verb:set package 'mission_mode' build argument 'cmake_force_configure' from command line to 'False'
[0.422s] Level 5:colcon.colcon_core.verb:set package 'mission_mode' build argument 'ament_cmake_args' from command line to 'None'
[0.422s] Level 5:colcon.colcon_core.verb:set package 'mission_mode' build argument 'catkin_cmake_args' from command line to 'None'
[0.422s] Level 5:colcon.colcon_core.verb:set package 'mission_mode' build argument 'catkin_skip_building_tests' from command line to 'False'
[0.422s] DEBUG:colcon.colcon_core.verb:Building package 'mission_mode' with the following arguments: {'ament_cmake_args': None, 'build_base': '/home/lorenzo/code/dynus_lite/dynus_lite_ws/build/mission_mode', 'catkin_cmake_args': None, 'catkin_skip_building_tests': False, 'cmake_args': None, 'cmake_clean_cache': False, 'cmake_clean_first': False, 'cmake_force_configure': False, 'cmake_target': None, 'cmake_target_skip_unavailable': False, 'install_base': '/home/lorenzo/code/dynus_lite/dynus_lite_ws/install/mission_mode', 'merge_install': False, 'path': '/home/lorenzo/code/dynus_lite/dynus_lite_ws/src/mission_mode', 'symlink_install': False, 'test_result_base': None}
[0.422s] Level 5:colcon.colcon_core.verb:set package 'octomap_rviz_plugins' build argument 'cmake_args' from command line to 'None'
[0.422s] Level 5:colcon.colcon_core.verb:set package 'octomap_rviz_plugins' build argument 'cmake_target' from command line to 'None'
[0.422s] Level 5:colcon.colcon_core.verb:set package 'octomap_rviz_plugins' build argument 'cmake_target_skip_unavailable' from command line to 'False'
[0.422s] Level 5:colcon.colcon_core.verb:set package 'octomap_rviz_plugins' build argument 'cmake_clean_cache' from command line to 'False'
[0.422s] Level 5:colcon.colcon_core.verb:set package 'octomap_rviz_plugins' build argument 'cmake_clean_first' from command line to 'False'
[0.422s] Level 5:colcon.colcon_core.verb:set package 'octomap_rviz_plugins' build argument 'cmake_force_configure' from command line to 'False'
[0.422s] Level 5:colcon.colcon_core.verb:set package 'octomap_rviz_plugins' build argument 'ament_cmake_args' from command line to 'None'
[0.422s] Level 5:colcon.colcon_core.verb:set package 'octomap_rviz_plugins' build argument 'catkin_cmake_args' from command line to 'None'
[0.422s] Level 5:colcon.colcon_core.verb:set package 'octomap_rviz_plugins' build argument 'catkin_skip_building_tests' from command line to 'False'
[0.422s] DEBUG:colcon.colcon_core.verb:Building package 'octomap_rviz_plugins' with the following arguments: {'ament_cmake_args': None, 'build_base': '/home/lorenzo/code/dynus_lite/dynus_lite_ws/build/octomap_rviz_plugins', 'catkin_cmake_args': None, 'catkin_skip_building_tests': False, 'cmake_args': None, 'cmake_clean_cache': False, 'cmake_clean_first': False, 'cmake_force_configure': False, 'cmake_target': None, 'cmake_target_skip_unavailable': False, 'install_base': '/home/lorenzo/code/dynus_lite/dynus_lite_ws/install/octomap_rviz_plugins', 'merge_install': False, 'path': '/home/lorenzo/code/dynus_lite/dynus_lite_ws/src/octomap_rviz_plugins', 'symlink_install': False, 'test_result_base': None}
[0.422s] Level 5:colcon.colcon_core.verb:set package 'octomap_server' build argument 'cmake_args' from command line to 'None'
[0.423s] Level 5:colcon.colcon_core.verb:set package 'octomap_server' build argument 'cmake_target' from command line to 'None'
[0.423s] Level 5:colcon.colcon_core.verb:set package 'octomap_server' build argument 'cmake_target_skip_unavailable' from command line to 'False'
[0.423s] Level 5:colcon.colcon_core.verb:set package 'octomap_server' build argument 'cmake_clean_cache' from command line to 'False'
[0.423s] Level 5:colcon.colcon_core.verb:set package 'octomap_server' build argument 'cmake_clean_first' from command line to 'False'
[0.423s] Level 5:colcon.colcon_core.verb:set package 'octomap_server' build argument 'cmake_force_configure' from command line to 'False'
[0.423s] Level 5:colcon.colcon_core.verb:set package 'octomap_server' build argument 'ament_cmake_args' from command line to 'None'
[0.423s] Level 5:colcon.colcon_core.verb:set package 'octomap_server' build argument 'catkin_cmake_args' from command line to 'None'
[0.423s] Level 5:colcon.colcon_core.verb:set package 'octomap_server' build argument 'catkin_skip_building_tests' from command line to 'False'
[0.423s] DEBUG:colcon.colcon_core.verb:Building package 'octomap_server' with the following arguments: {'ament_cmake_args': None, 'build_base': '/home/lorenzo/code/dynus_lite/dynus_lite_ws/build/octomap_server', 'catkin_cmake_args': None, 'catkin_skip_building_tests': False, 'cmake_args': None, 'cmake_clean_cache': False, 'cmake_clean_first': False, 'cmake_force_configure': False, 'cmake_target': None, 'cmake_target_skip_unavailable': False, 'install_base': '/home/lorenzo/code/dynus_lite/dynus_lite_ws/install/octomap_server', 'merge_install': False, 'path': '/home/lorenzo/code/dynus_lite/dynus_lite_ws/src/octomap_mapping/octomap_server', 'symlink_install': False, 'test_result_base': None}
[0.423s] Level 5:colcon.colcon_core.verb:set package 'ros2_px4_stack' build argument 'cmake_args' from command line to 'None'
[0.423s] Level 5:colcon.colcon_core.verb:set package 'ros2_px4_stack' build argument 'cmake_target' from command line to 'None'
[0.423s] Level 5:colcon.colcon_core.verb:set package 'ros2_px4_stack' build argument 'cmake_target_skip_unavailable' from command line to 'False'
[0.423s] Level 5:colcon.colcon_core.verb:set package 'ros2_px4_stack' build argument 'cmake_clean_cache' from command line to 'False'
[0.423s] Level 5:colcon.colcon_core.verb:set package 'ros2_px4_stack' build argument 'cmake_clean_first' from command line to 'False'
[0.423s] Level 5:colcon.colcon_core.verb:set package 'ros2_px4_stack' build argument 'cmake_force_configure' from command line to 'False'
[0.423s] Level 5:colcon.colcon_core.verb:set package 'ros2_px4_stack' build argument 'ament_cmake_args' from command line to 'None'
[0.423s] Level 5:colcon.colcon_core.verb:set package 'ros2_px4_stack' build argument 'catkin_cmake_args' from command line to 'None'
[0.423s] Level 5:colcon.colcon_core.verb:set package 'ros2_px4_stack' build argument 'catkin_skip_building_tests' from command line to 'False'
[0.423s] DEBUG:colcon.colcon_core.verb:Building package 'ros2_px4_stack' with the following arguments: {'ament_cmake_args': None, 'build_base': '/home/lorenzo/code/dynus_lite/dynus_lite_ws/build/ros2_px4_stack', 'catkin_cmake_args': None, 'catkin_skip_building_tests': False, 'cmake_args': None, 'cmake_clean_cache': False, 'cmake_clean_first': False, 'cmake_force_configure': False, 'cmake_target': None, 'cmake_target_skip_unavailable': False, 'install_base': '/home/lorenzo/code/dynus_lite/dynus_lite_ws/install/ros2_px4_stack', 'merge_install': False, 'path': '/home/lorenzo/code/dynus_lite/dynus_lite_ws/src/ros2_px4_stack', 'symlink_install': False, 'test_result_base': None}
[0.423s] Level 5:colcon.colcon_core.verb:set package 'snapstack_msgs2' build argument 'cmake_args' from command line to 'None'
[0.423s] Level 5:colcon.colcon_core.verb:set package 'snapstack_msgs2' build argument 'cmake_target' from command line to 'None'
[0.423s] Level 5:colcon.colcon_core.verb:set package 'snapstack_msgs2' build argument 'cmake_target_skip_unavailable' from command line to 'False'
[0.424s] Level 5:colcon.colcon_core.verb:set package 'snapstack_msgs2' build argument 'cmake_clean_cache' from command line to 'False'
[0.424s] Level 5:colcon.colcon_core.verb:set package 'snapstack_msgs2' build argument 'cmake_clean_first' from command line to 'False'
[0.424s] Level 5:colcon.colcon_core.verb:set package 'snapstack_msgs2' build argument 'cmake_force_configure' from command line to 'False'
[0.424s] Level 5:colcon.colcon_core.verb:set package 'snapstack_msgs2' build argument 'ament_cmake_args' from command line to 'None'
[0.424s] Level 5:colcon.colcon_core.verb:set package 'snapstack_msgs2' build argument 'catkin_cmake_args' from command line to 'None'
[0.424s] Level 5:colcon.colcon_core.verb:set package 'snapstack_msgs2' build argument 'catkin_skip_building_tests' from command line to 'False'
[0.424s] DEBUG:colcon.colcon_core.verb:Building package 'snapstack_msgs2' with the following arguments: {'ament_cmake_args': None, 'build_base': '/home/lorenzo/code/dynus_lite/dynus_lite_ws/build/snapstack_msgs2', 'catkin_cmake_args': None, 'catkin_skip_building_tests': False, 'cmake_args': None, 'cmake_clean_cache': False, 'cmake_clean_first': False, 'cmake_force_configure': False, 'cmake_target': None, 'cmake_target_skip_unavailable': False, 'install_base': '/home/lorenzo/code/dynus_lite/dynus_lite_ws/install/snapstack_msgs2', 'merge_install': False, 'path': '/home/lorenzo/code/dynus_lite/dynus_lite_ws/src/snapstack_msgs2', 'symlink_install': False, 'test_result_base': None}
[0.424s] Level 5:colcon.colcon_core.verb:set package 'trajectory_generator_ros2' build argument 'cmake_args' from command line to 'None'
[0.424s] Level 5:colcon.colcon_core.verb:set package 'trajectory_generator_ros2' build argument 'cmake_target' from command line to 'None'
[0.424s] Level 5:colcon.colcon_core.verb:set package 'trajectory_generator_ros2' build argument 'cmake_target_skip_unavailable' from command line to 'False'
[0.424s] Level 5:colcon.colcon_core.verb:set package 'trajectory_generator_ros2' build argument 'cmake_clean_cache' from command line to 'False'
[0.424s] Level 5:colcon.colcon_core.verb:set package 'trajectory_generator_ros2' build argument 'cmake_clean_first' from command line to 'False'
[0.424s] Level 5:colcon.colcon_core.verb:set package 'trajectory_generator_ros2' build argument 'cmake_force_configure' from command line to 'False'
[0.424s] Level 5:colcon.colcon_core.verb:set package 'trajectory_generator_ros2' build argument 'ament_cmake_args' from command line to 'None'
[0.424s] Level 5:colcon.colcon_core.verb:set package 'trajectory_generator_ros2' build argument 'catkin_cmake_args' from command line to 'None'
[0.424s] Level 5:colcon.colcon_core.verb:set package 'trajectory_generator_ros2' build argument 'catkin_skip_building_tests' from command line to 'False'
[0.424s] DEBUG:colcon.colcon_core.verb:Building package 'trajectory_generator_ros2' with the following arguments: {'ament_cmake_args': None, 'build_base': '/home/lorenzo/code/dynus_lite/dynus_lite_ws/build/trajectory_generator_ros2', 'catkin_cmake_args': None, 'catkin_skip_building_tests': False, 'cmake_args': None, 'cmake_clean_cache': False, 'cmake_clean_first': False, 'cmake_force_configure': False, 'cmake_target': None, 'cmake_target_skip_unavailable': False, 'install_base': '/home/lorenzo/code/dynus_lite/dynus_lite_ws/install/trajectory_generator_ros2', 'merge_install': False, 'path': '/home/lorenzo/code/dynus_lite/dynus_lite_ws/src/trajectory_generator_ros2', 'symlink_install': False, 'test_result_base': None}
[0.424s] Level 5:colcon.colcon_core.verb:set package 'decomp_rviz_plugins' build argument 'cmake_args' from command line to 'None'
[0.424s] Level 5:colcon.colcon_core.verb:set package 'decomp_rviz_plugins' build argument 'cmake_target' from command line to 'None'
[0.424s] Level 5:colcon.colcon_core.verb:set package 'decomp_rviz_plugins' build argument 'cmake_target_skip_unavailable' from command line to 'False'
[0.424s] Level 5:colcon.colcon_core.verb:set package 'decomp_rviz_plugins' build argument 'cmake_clean_cache' from command line to 'False'
[0.425s] Level 5:colcon.colcon_core.verb:set package 'decomp_rviz_plugins' build argument 'cmake_clean_first' from command line to 'False'
[0.425s] Level 5:colcon.colcon_core.verb:set package 'decomp_rviz_plugins' build argument 'cmake_force_configure' from command line to 'False'
[0.425s] Level 5:colcon.colcon_core.verb:set package 'decomp_rviz_plugins' build argument 'ament_cmake_args' from command line to 'None'
[0.425s] Level 5:colcon.colcon_core.verb:set package 'decomp_rviz_plugins' build argument 'catkin_cmake_args' from command line to 'None'
[0.425s] Level 5:colcon.colcon_core.verb:set package 'decomp_rviz_plugins' build argument 'catkin_skip_building_tests' from command line to 'False'
[0.425s] DEBUG:colcon.colcon_core.verb:Building package 'decomp_rviz_plugins' with the following arguments: {'ament_cmake_args': None, 'build_base': '/home/lorenzo/code/dynus_lite/dynus_lite_ws/build/decomp_rviz_plugins', 'catkin_cmake_args': None, 'catkin_skip_building_tests': False, 'cmake_args': None, 'cmake_clean_cache': False, 'cmake_clean_first': False, 'cmake_force_configure': False, 'cmake_target': None, 'cmake_target_skip_unavailable': False, 'install_base': '/home/lorenzo/code/dynus_lite/dynus_lite_ws/install/decomp_rviz_plugins', 'merge_install': False, 'path': '/home/lorenzo/code/dynus_lite/dynus_lite_ws/src/DecompROS2/decomp_rviz_plugins', 'symlink_install': False, 'test_result_base': None}
[0.425s] Level 5:colcon.colcon_core.verb:set package 'gazebo_ros' build argument 'cmake_args' from command line to 'None'
[0.425s] Level 5:colcon.colcon_core.verb:set package 'gazebo_ros' build argument 'cmake_target' from command line to 'None'
[0.425s] Level 5:colcon.colcon_core.verb:set package 'gazebo_ros' build argument 'cmake_target_skip_unavailable' from command line to 'False'
[0.425s] Level 5:colcon.colcon_core.verb:set package 'gazebo_ros' build argument 'cmake_clean_cache' from command line to 'False'
[0.425s] Level 5:colcon.colcon_core.verb:set package 'gazebo_ros' build argument 'cmake_clean_first' from command line to 'False'
[0.425s] Level 5:colcon.colcon_core.verb:set package 'gazebo_ros' build argument 'cmake_force_configure' from command line to 'False'
[0.425s] Level 5:colcon.colcon_core.verb:set package 'gazebo_ros' build argument 'ament_cmake_args' from command line to 'None'
[0.425s] Level 5:colcon.colcon_core.verb:set package 'gazebo_ros' build argument 'catkin_cmake_args' from command line to 'None'
[0.425s] Level 5:colcon.colcon_core.verb:set package 'gazebo_ros' build argument 'catkin_skip_building_tests' from command line to 'False'
[0.425s] DEBUG:colcon.colcon_core.verb:Building package 'gazebo_ros' with the following arguments: {'ament_cmake_args': None, 'build_base': '/home/lorenzo/code/dynus_lite/dynus_lite_ws/build/gazebo_ros', 'catkin_cmake_args': None, 'catkin_skip_building_tests': False, 'cmake_args': None, 'cmake_clean_cache': False, 'cmake_clean_first': False, 'cmake_force_configure': False, 'cmake_target': None, 'cmake_target_skip_unavailable': False, 'install_base': '/home/lorenzo/code/dynus_lite/dynus_lite_ws/install/gazebo_ros', 'merge_install': False, 'path': '/home/lorenzo/code/dynus_lite/dynus_lite_ws/src/gazebo_ros_pkgs/gazebo_ros', 'symlink_install': False, 'test_result_base': None}
[0.425s] Level 5:colcon.colcon_core.verb:set package 'octomap_mapping' build argument 'cmake_args' from command line to 'None'
[0.425s] Level 5:colcon.colcon_core.verb:set package 'octomap_mapping' build argument 'cmake_target' from command line to 'None'
[0.425s] Level 5:colcon.colcon_core.verb:set package 'octomap_mapping' build argument 'cmake_target_skip_unavailable' from command line to 'False'
[0.425s] Level 5:colcon.colcon_core.verb:set package 'octomap_mapping' build argument 'cmake_clean_cache' from command line to 'False'
[0.425s] Level 5:colcon.colcon_core.verb:set package 'octomap_mapping' build argument 'cmake_clean_first' from command line to 'False'
[0.425s] Level 5:colcon.colcon_core.verb:set package 'octomap_mapping' build argument 'cmake_force_configure' from command line to 'False'
[0.426s] Level 5:colcon.colcon_core.verb:set package 'octomap_mapping' build argument 'ament_cmake_args' from command line to 'None'
[0.426s] Level 5:colcon.colcon_core.verb:set package 'octomap_mapping' build argument 'catkin_cmake_args' from command line to 'None'
[0.426s] Level 5:colcon.colcon_core.verb:set package 'octomap_mapping' build argument 'catkin_skip_building_tests' from command line to 'False'
[0.426s] DEBUG:colcon.colcon_core.verb:Building package 'octomap_mapping' with the following arguments: {'ament_cmake_args': None, 'build_base': '/home/lorenzo/code/dynus_lite/dynus_lite_ws/build/octomap_mapping', 'catkin_cmake_args': None, 'catkin_skip_building_tests': False, 'cmake_args': None, 'cmake_clean_cache': False, 'cmake_clean_first': False, 'cmake_force_configure': False, 'cmake_target': None, 'cmake_target_skip_unavailable': False, 'install_base': '/home/lorenzo/code/dynus_lite/dynus_lite_ws/install/octomap_mapping', 'merge_install': False, 'path': '/home/lorenzo/code/dynus_lite/dynus_lite_ws/src/octomap_mapping/octomap_mapping', 'symlink_install': False, 'test_result_base': None}
[0.426s] Level 5:colcon.colcon_core.verb:set package 'decomp_test_node' build argument 'cmake_args' from command line to 'None'
[0.426s] Level 5:colcon.colcon_core.verb:set package 'decomp_test_node' build argument 'cmake_target' from command line to 'None'
[0.426s] Level 5:colcon.colcon_core.verb:set package 'decomp_test_node' build argument 'cmake_target_skip_unavailable' from command line to 'False'
[0.426s] Level 5:colcon.colcon_core.verb:set package 'decomp_test_node' build argument 'cmake_clean_cache' from command line to 'False'
[0.426s] Level 5:colcon.colcon_core.verb:set package 'decomp_test_node' build argument 'cmake_clean_first' from command line to 'False'
[0.426s] Level 5:colcon.colcon_core.verb:set package 'decomp_test_node' build argument 'cmake_force_configure' from command line to 'False'
[0.426s] Level 5:colcon.colcon_core.verb:set package 'decomp_test_node' build argument 'ament_cmake_args' from command line to 'None'
[0.426s] Level 5:colcon.colcon_core.verb:set package 'decomp_test_node' build argument 'catkin_cmake_args' from command line to 'None'
[0.426s] Level 5:colcon.colcon_core.verb:set package 'decomp_test_node' build argument 'catkin_skip_building_tests' from command line to 'False'
[0.426s] DEBUG:colcon.colcon_core.verb:Building package 'decomp_test_node' with the following arguments: {'ament_cmake_args': None, 'build_base': '/home/lorenzo/code/dynus_lite/dynus_lite_ws/build/decomp_test_node', 'catkin_cmake_args': None, 'catkin_skip_building_tests': False, 'cmake_args': None, 'cmake_clean_cache': False, 'cmake_clean_first': False, 'cmake_force_configure': False, 'cmake_target': None, 'cmake_target_skip_unavailable': False, 'install_base': '/home/lorenzo/code/dynus_lite/dynus_lite_ws/install/decomp_test_node', 'merge_install': False, 'path': '/home/lorenzo/code/dynus_lite/dynus_lite_ws/src/DecompROS2/decomp_test_node', 'symlink_install': False, 'test_result_base': None}
[0.426s] Level 5:colcon.colcon_core.verb:set package 'gazebo_plugins' build argument 'cmake_args' from command line to 'None'
[0.426s] Level 5:colcon.colcon_core.verb:set package 'gazebo_plugins' build argument 'cmake_target' from command line to 'None'
[0.426s] Level 5:colcon.colcon_core.verb:set package 'gazebo_plugins' build argument 'cmake_target_skip_unavailable' from command line to 'False'
[0.426s] Level 5:colcon.colcon_core.verb:set package 'gazebo_plugins' build argument 'cmake_clean_cache' from command line to 'False'
[0.426s] Level 5:colcon.colcon_core.verb:set package 'gazebo_plugins' build argument 'cmake_clean_first' from command line to 'False'
[0.426s] Level 5:colcon.colcon_core.verb:set package 'gazebo_plugins' build argument 'cmake_force_configure' from command line to 'False'
[0.426s] Level 5:colcon.colcon_core.verb:set package 'gazebo_plugins' build argument 'ament_cmake_args' from command line to 'None'
[0.427s] Level 5:colcon.colcon_core.verb:set package 'gazebo_plugins' build argument 'catkin_cmake_args' from command line to 'None'
[0.427s] Level 5:colcon.colcon_core.verb:set package 'gazebo_plugins' build argument 'catkin_skip_building_tests' from command line to 'False'
[0.427s] DEBUG:colcon.colcon_core.verb:Building package 'gazebo_plugins' with the following arguments: {'ament_cmake_args': None, 'build_base': '/home/lorenzo/code/dynus_lite/dynus_lite_ws/build/gazebo_plugins', 'catkin_cmake_args': None, 'catkin_skip_building_tests': False, 'cmake_args': None, 'cmake_clean_cache': False, 'cmake_clean_first': False, 'cmake_force_configure': False, 'cmake_target': None, 'cmake_target_skip_unavailable': False, 'install_base': '/home/lorenzo/code/dynus_lite/dynus_lite_ws/install/gazebo_plugins', 'merge_install': False, 'path': '/home/lorenzo/code/dynus_lite/dynus_lite_ws/src/gazebo_ros_pkgs/gazebo_plugins', 'symlink_install': False, 'test_result_base': None}
[0.427s] Level 5:colcon.colcon_core.verb:set package 'realsense_gazebo_plugin' build argument 'cmake_args' from command line to 'None'
[0.427s] Level 5:colcon.colcon_core.verb:set package 'realsense_gazebo_plugin' build argument 'cmake_target' from command line to 'None'
[0.427s] Level 5:colcon.colcon_core.verb:set package 'realsense_gazebo_plugin' build argument 'cmake_target_skip_unavailable' from command line to 'False'
[0.427s] Level 5:colcon.colcon_core.verb:set package 'realsense_gazebo_plugin' build argument 'cmake_clean_cache' from command line to 'False'
[0.427s] Level 5:colcon.colcon_core.verb:set package 'realsense_gazebo_plugin' build argument 'cmake_clean_first' from command line to 'False'
[0.427s] Level 5:colcon.colcon_core.verb:set package 'realsense_gazebo_plugin' build argument 'cmake_force_configure' from command line to 'False'
[0.427s] Level 5:colcon.colcon_core.verb:set package 'realsense_gazebo_plugin' build argument 'ament_cmake_args' from command line to 'None'
[0.427s] Level 5:colcon.colcon_core.verb:set package 'realsense_gazebo_plugin' build argument 'catkin_cmake_args' from command line to 'None'
[0.427s] Level 5:colcon.colcon_core.verb:set package 'realsense_gazebo_plugin' build argument 'catkin_skip_building_tests' from command line to 'False'
[0.427s] DEBUG:colcon.colcon_core.verb:Building package 'realsense_gazebo_plugin' with the following arguments: {'ament_cmake_args': None, 'build_base': '/home/lorenzo/code/dynus_lite/dynus_lite_ws/build/realsense_gazebo_plugin', 'catkin_cmake_args': None, 'catkin_skip_building_tests': False, 'cmake_args': None, 'cmake_clean_cache': False, 'cmake_clean_first': False, 'cmake_force_configure': False, 'cmake_target': None, 'cmake_target_skip_unavailable': False, 'install_base': '/home/lorenzo/code/dynus_lite/dynus_lite_ws/install/realsense_gazebo_plugin', 'merge_install': False, 'path': '/home/lorenzo/code/dynus_lite/dynus_lite_ws/src/realsense_gazebo_plugin', 'symlink_install': False, 'test_result_base': None}
[0.427s] Level 5:colcon.colcon_core.verb:set package 'dynus' build argument 'cmake_args' from command line to 'None'
[0.427s] Level 5:colcon.colcon_core.verb:set package 'dynus' build argument 'cmake_target' from command line to 'None'
[0.427s] Level 5:colcon.colcon_core.verb:set package 'dynus' build argument 'cmake_target_skip_unavailable' from command line to 'False'
[0.427s] Level 5:colcon.colcon_core.verb:set package 'dynus' build argument 'cmake_clean_cache' from command line to 'False'
[0.427s] Level 5:colcon.colcon_core.verb:set package 'dynus' build argument 'cmake_clean_first' from command line to 'False'
[0.427s] Level 5:colcon.colcon_core.verb:set package 'dynus' build argument 'cmake_force_configure' from command line to 'False'
[0.427s] Level 5:colcon.colcon_core.verb:set package 'dynus' build argument 'ament_cmake_args' from command line to 'None'
[0.427s] Level 5:colcon.colcon_core.verb:set package 'dynus' build argument 'catkin_cmake_args' from command line to 'None'
[0.428s] Level 5:colcon.colcon_core.verb:set package 'dynus' build argument 'catkin_skip_building_tests' from command line to 'False'
[0.428s] DEBUG:colcon.colcon_core.verb:Building package 'dynus' with the following arguments: {'ament_cmake_args': None, 'build_base': '/home/lorenzo/code/dynus_lite/dynus_lite_ws/build/dynus', 'catkin_cmake_args': None, 'catkin_skip_building_tests': False, 'cmake_args': None, 'cmake_clean_cache': False, 'cmake_clean_first': False, 'cmake_force_configure': False, 'cmake_target': None, 'cmake_target_skip_unavailable': False, 'install_base': '/home/lorenzo/code/dynus_lite/dynus_lite_ws/install/dynus', 'merge_install': False, 'path': '/home/lorenzo/code/dynus_lite/dynus_lite_ws/src/dynus', 'symlink_install': False, 'test_result_base': None}
[0.428s] Level 5:colcon.colcon_core.verb:set package 'gazebo_ros_pkgs' build argument 'cmake_args' from command line to 'None'
[0.428s] Level 5:colcon.colcon_core.verb:set package 'gazebo_ros_pkgs' build argument 'cmake_target' from command line to 'None'
[0.428s] Level 5:colcon.colcon_core.verb:set package 'gazebo_ros_pkgs' build argument 'cmake_target_skip_unavailable' from command line to 'False'
[0.428s] Level 5:colcon.colcon_core.verb:set package 'gazebo_ros_pkgs' build argument 'cmake_clean_cache' from command line to 'False'
[0.428s] Level 5:colcon.colcon_core.verb:set package 'gazebo_ros_pkgs' build argument 'cmake_clean_first' from command line to 'False'
[0.428s] Level 5:colcon.colcon_core.verb:set package 'gazebo_ros_pkgs' build argument 'cmake_force_configure' from command line to 'False'
[0.428s] Level 5:colcon.colcon_core.verb:set package 'gazebo_ros_pkgs' build argument 'ament_cmake_args' from command line to 'None'
[0.428s] Level 5:colcon.colcon_core.verb:set package 'gazebo_ros_pkgs' build argument 'catkin_cmake_args' from command line to 'None'
[0.428s] Level 5:colcon.colcon_core.verb:set package 'gazebo_ros_pkgs' build argument 'catkin_skip_building_tests' from command line to 'False'
[0.428s] DEBUG:colcon.colcon_core.verb:Building package 'gazebo_ros_pkgs' with the following arguments: {'ament_cmake_args': None, 'build_base': '/home/lorenzo/code/dynus_lite/dynus_lite_ws/build/gazebo_ros_pkgs', 'catkin_cmake_args': None, 'catkin_skip_building_tests': False, 'cmake_args': None, 'cmake_clean_cache': False, 'cmake_clean_first': False, 'cmake_force_configure': False, 'cmake_target': None, 'cmake_target_skip_unavailable': False, 'install_base': '/home/lorenzo/code/dynus_lite/dynus_lite_ws/install/gazebo_ros_pkgs', 'merge_install': False, 'path': '/home/lorenzo/code/dynus_lite/dynus_lite_ws/src/gazebo_ros_pkgs/gazebo_ros_pkgs', 'symlink_install': False, 'test_result_base': None}
[0.428s] Level 5:colcon.colcon_core.verb:set package 'ros2_livox_simulation' build argument 'cmake_args' from command line to 'None'
[0.428s] Level 5:colcon.colcon_core.verb:set package 'ros2_livox_simulation' build argument 'cmake_target' from command line to 'None'
[0.428s] Level 5:colcon.colcon_core.verb:set package 'ros2_livox_simulation' build argument 'cmake_target_skip_unavailable' from command line to 'False'
[0.428s] Level 5:colcon.colcon_core.verb:set package 'ros2_livox_simulation' build argument 'cmake_clean_cache' from command line to 'False'
[0.428s] Level 5:colcon.colcon_core.verb:set package 'ros2_livox_simulation' build argument 'cmake_clean_first' from command line to 'False'
[0.428s] Level 5:colcon.colcon_core.verb:set package 'ros2_livox_simulation' build argument 'cmake_force_configure' from command line to 'False'
[0.428s] Level 5:colcon.colcon_core.verb:set package 'ros2_livox_simulation' build argument 'ament_cmake_args' from command line to 'None'
[0.428s] Level 5:colcon.colcon_core.verb:set package 'ros2_livox_simulation' build argument 'catkin_cmake_args' from command line to 'None'
[0.428s] Level 5:colcon.colcon_core.verb:set package 'ros2_livox_simulation' build argument 'catkin_skip_building_tests' from command line to 'False'
[0.429s] DEBUG:colcon.colcon_core.verb:Building package 'ros2_livox_simulation' with the following arguments: {'ament_cmake_args': None, 'build_base': '/home/lorenzo/code/dynus_lite/dynus_lite_ws/build/ros2_livox_simulation', 'catkin_cmake_args': None, 'catkin_skip_building_tests': False, 'cmake_args': None, 'cmake_clean_cache': False, 'cmake_clean_first': False, 'cmake_force_configure': False, 'cmake_target': None, 'cmake_target_skip_unavailable': False, 'install_base': '/home/lorenzo/code/dynus_lite/dynus_lite_ws/install/ros2_livox_simulation', 'merge_install': False, 'path': '/home/lorenzo/code/dynus_lite/dynus_lite_ws/src/livox_laser_simulation_ros2', 'symlink_install': False, 'test_result_base': None}
[0.429s] INFO:colcon.colcon_core.executor:Executing jobs using 'parallel' executor
[0.429s] DEBUG:colcon.colcon_parallel_executor.executor.parallel:run_until_complete
[0.430s] INFO:colcon.colcon_ros.task.ament_cmake.build:Building ROS package in '/home/lorenzo/code/dynus_lite/dynus_lite_ws/src/gazebo_ros_pkgs/gazebo_dev' with build type 'ament_cmake'
[0.430s] INFO:colcon.colcon_cmake.task.cmake.build:Building CMake package in '/home/lorenzo/code/dynus_lite/dynus_lite_ws/src/gazebo_ros_pkgs/gazebo_dev'
[0.432s] INFO:colcon.colcon_core.plugin_system:Skipping extension 'colcon_core.shell.bat': Not used on non-Windows systems
[0.432s] INFO:colcon.colcon_core.shell:Skip shell extension 'powershell' for command environment: Not usable outside of PowerShell
[0.432s] DEBUG:colcon.colcon_core.shell:Skip shell extension 'dsv' for command environment
[0.435s] INFO:colcon.colcon_ros.task.ament_cmake.build:Building ROS package in '/home/lorenzo/code/dynus_lite/dynus_lite_ws/src/gazebo_ros_pkgs/gazebo_msgs' with build type 'ament_cmake'
[0.435s] INFO:colcon.colcon_cmake.task.cmake.build:Building CMake package in '/home/lorenzo/code/dynus_lite/dynus_lite_ws/src/gazebo_ros_pkgs/gazebo_msgs'
[0.435s] INFO:colcon.colcon_core.shell:Skip shell extension 'powershell' for command environment: Not usable outside of PowerShell
[0.435s] DEBUG:colcon.colcon_core.shell:Skip shell extension 'dsv' for command environment
[0.437s] INFO:colcon.colcon_ros.task.ament_cmake.build:Building ROS package in '/home/lorenzo/code/dynus_lite/dynus_lite_ws/src/DecompROS2/decomp_ros_msgs' with build type 'ament_cmake'
[0.438s] INFO:colcon.colcon_cmake.task.cmake.build:Building CMake package in '/home/lorenzo/code/dynus_lite/dynus_lite_ws/src/DecompROS2/decomp_ros_msgs'
[0.438s] INFO:colcon.colcon_core.shell:Skip shell extension 'powershell' for command environment: Not usable outside of PowerShell
[0.438s] DEBUG:colcon.colcon_core.shell:Skip shell extension 'dsv' for command environment
[0.440s] INFO:colcon.colcon_ros.task.cmake.build:Building ROS package in '/home/lorenzo/code/dynus_lite/dynus_lite_ws/src/DecompROS2/DecompUtil' with build type 'cmake'
[0.440s] INFO:colcon.colcon_cmake.task.cmake.build:Building CMake package in '/home/lorenzo/code/dynus_lite/dynus_lite_ws/src/DecompROS2/DecompUtil'
[0.440s] INFO:colcon.colcon_core.shell:Skip shell extension 'powershell' for command environment: Not usable outside of PowerShell
[0.440s] DEBUG:colcon.colcon_core.shell:Skip shell extension 'dsv' for command environment
[0.443s] INFO:colcon.colcon_ros.task.ament_cmake.build:Building ROS package in '/home/lorenzo/code/dynus_lite/dynus_lite_ws/src/dynus_interfaces' with build type 'ament_cmake'
[0.443s] INFO:colcon.colcon_cmake.task.cmake.build:Building CMake package in '/home/lorenzo/code/dynus_lite/dynus_lite_ws/src/dynus_interfaces'
[0.443s] INFO:colcon.colcon_core.shell:Skip shell extension 'powershell' for command environment: Not usable outside of PowerShell
[0.443s] DEBUG:colcon.colcon_core.shell:Skip shell extension 'dsv' for command environment
[0.446s] INFO:colcon.colcon_ros.task.ament_cmake.build:Building ROS package in '/home/lorenzo/code/dynus_lite/dynus_lite_ws/src/livox_ros_driver2' with build type 'ament_cmake'
[0.447s] INFO:colcon.colcon_cmake.task.cmake.build:Building CMake package in '/home/lorenzo/code/dynus_lite/dynus_lite_ws/src/livox_ros_driver2'
[0.447s] INFO:colcon.colcon_core.shell:Skip shell extension 'powershell' for command environment: Not usable outside of PowerShell
[0.447s] DEBUG:colcon.colcon_core.shell:Skip shell extension 'dsv' for command environment
[0.450s] INFO:colcon.colcon_ros.task.ament_cmake.build:Building ROS package in '/home/lorenzo/code/dynus_lite/dynus_lite_ws/src/octomap_mapping/octomap_server' with build type 'ament_cmake'
[0.450s] INFO:colcon.colcon_cmake.task.cmake.build:Building CMake package in '/home/lorenzo/code/dynus_lite/dynus_lite_ws/src/octomap_mapping/octomap_server'
[0.450s] INFO:colcon.colcon_core.shell:Skip shell extension 'powershell' for command environment: Not usable outside of PowerShell
[0.450s] DEBUG:colcon.colcon_core.shell:Skip shell extension 'dsv' for command environment
[0.453s] INFO:colcon.colcon_ros.task.ament_python.build:Building ROS package in '/home/lorenzo/code/dynus_lite/dynus_lite_ws/src/behavior_selector2' with build type 'ament_python'
[0.453s] Level 1:colcon.colcon_core.shell:create_environment_hook('behavior_selector2', 'ament_prefix_path')
[0.453s] INFO:colcon.colcon_core.shell:Creating environment hook '/home/lorenzo/code/dynus_lite/dynus_lite_ws/install/behavior_selector2/share/behavior_selector2/hook/ament_prefix_path.ps1'
[0.453s] INFO:colcon.colcon_core.shell:Creating environment descriptor '/home/lorenzo/code/dynus_lite/dynus_lite_ws/install/behavior_selector2/share/behavior_selector2/hook/ament_prefix_path.dsv'
[0.454s] INFO:colcon.colcon_core.shell:Creating environment hook '/home/lorenzo/code/dynus_lite/dynus_lite_ws/install/behavior_selector2/share/behavior_selector2/hook/ament_prefix_path.sh'
[0.454s] INFO:colcon.colcon_core.shell:Skip shell extension 'powershell' for command environment: Not usable outside of PowerShell
[0.454s] DEBUG:colcon.colcon_core.shell:Skip shell extension 'dsv' for command environment
[0.461s] DEBUG:colcon.colcon_core.event_handler.log_command:Invoking command in '/home/lorenzo/code/dynus_lite/dynus_lite_ws/build/gazebo_dev': CMAKE_PREFIX_PATH=${CMAKE_PREFIX_PATH}:/opt/ros/humble /usr/bin/cmake /home/lorenzo/code/dynus_lite/dynus_lite_ws/src/gazebo_ros_pkgs/gazebo_dev -DCMAKE_INSTALL_PREFIX=/home/lorenzo/code/dynus_lite/dynus_lite_ws/install/gazebo_dev
[0.463s] DEBUG:colcon.colcon_core.event_handler.log_command:Invoking command in '/home/lorenzo/code/dynus_lite/dynus_lite_ws/build/gazebo_msgs': CMAKE_PREFIX_PATH=${CMAKE_PREFIX_PATH}:/opt/ros/humble /usr/bin/cmake /home/lorenzo/code/dynus_lite/dynus_lite_ws/src/gazebo_ros_pkgs/gazebo_msgs -DCMAKE_INSTALL_PREFIX=/home/lorenzo/code/dynus_lite/dynus_lite_ws/install/gazebo_msgs
[0.466s] DEBUG:colcon.colcon_core.event_handler.log_command:Invoking command in '/home/lorenzo/code/dynus_lite/dynus_lite_ws/build/decomp_ros_msgs': CMAKE_PREFIX_PATH=${CMAKE_PREFIX_PATH}:/opt/ros/humble /usr/bin/cmake --build /home/lorenzo/code/dynus_lite/dynus_lite_ws/build/decomp_ros_msgs -- -j8 -l8
[0.469s] DEBUG:colcon.colcon_core.event_handler.log_command:Invoking command in '/home/lorenzo/code/dynus_lite/dynus_lite_ws/build/decomp_util': CMAKE_PREFIX_PATH=${CMAKE_PREFIX_PATH}:/opt/ros/humble /usr/bin/cmake --build /home/lorenzo/code/dynus_lite/dynus_lite_ws/build/decomp_util -- -j8 -l8
[0.472s] DEBUG:colcon.colcon_core.event_handler.log_command:Invoking command in '/home/lorenzo/code/dynus_lite/dynus_lite_ws/build/dynus_interfaces': CMAKE_PREFIX_PATH=${CMAKE_PREFIX_PATH}:/opt/ros/humble /usr/bin/cmake /home/lorenzo/code/dynus_lite/dynus_lite_ws/src/dynus_interfaces -DCMAKE_INSTALL_PREFIX=/home/lorenzo/code/dynus_lite/dynus_lite_ws/install/dynus_interfaces
[0.475s] DEBUG:colcon.colcon_core.event_handler.log_command:Invoking command in '/home/lorenzo/code/dynus_lite/dynus_lite_ws/build/livox_ros_driver2': CMAKE_PREFIX_PATH=${CMAKE_PREFIX_PATH}:/opt/ros/humble /usr/bin/cmake /home/lorenzo/code/dynus_lite/dynus_lite_ws/src/livox_ros_driver2 -DCMAKE_INSTALL_PREFIX=/home/lorenzo/code/dynus_lite/dynus_lite_ws/install/livox_ros_driver2
[0.480s] DEBUG:colcon.colcon_core.event_handler.log_command:Invoking command in '/home/lorenzo/code/dynus_lite/dynus_lite_ws/build/octomap_server': CMAKE_PREFIX_PATH=${CMAKE_PREFIX_PATH}:/opt/ros/humble /usr/bin/cmake /home/lorenzo/code/dynus_lite/dynus_lite_ws/src/octomap_mapping/octomap_server -DCMAKE_INSTALL_PREFIX=/home/lorenzo/code/dynus_lite/dynus_lite_ws/install/octomap_server
[1.255s] WARNING:colcon.colcon_ros.task.ament_python.build:Package 'behavior_selector2' doesn't explicitly install a marker in the package index (colcon-ros currently does it implicitly but that fallback will be removed in the future)
[1.255s] INFO:colcon.colcon_core.task.python.build:Building Python package in '/home/lorenzo/code/dynus_lite/dynus_lite_ws/src/behavior_selector2'
[1.256s] INFO:colcon.colcon_core.shell:Skip shell extension 'powershell' for command environment: Not usable outside of PowerShell
[1.256s] DEBUG:colcon.colcon_core.shell:Skip shell extension 'dsv' for command environment
[1.270s] DEBUG:colcon.colcon_core.event_handler.log_command:Invoked command in '/home/lorenzo/code/dynus_lite/dynus_lite_ws/build/decomp_util' returned '0': CMAKE_PREFIX_PATH=${CMAKE_PREFIX_PATH}:/opt/ros/humble /usr/bin/cmake --build /home/lorenzo/code/dynus_lite/dynus_lite_ws/build/decomp_util -- -j8 -l8
[1.294s] DEBUG:colcon.colcon_core.event_handler.log_command:Invoking command in '/home/lorenzo/code/dynus_lite/dynus_lite_ws/build/decomp_util': CMAKE_PREFIX_PATH=${CMAKE_PREFIX_PATH}:/opt/ros/humble /usr/bin/cmake --install /home/lorenzo/code/dynus_lite/dynus_lite_ws/build/decomp_util
[1.428s] DEBUG:colcon.colcon_core.event_handler.log_command:Invoked command in '/home/lorenzo/code/dynus_lite/dynus_lite_ws/build/decomp_ros_msgs' returned '0': CMAKE_PREFIX_PATH=${CMAKE_PREFIX_PATH}:/opt/ros/humble /usr/bin/cmake --build /home/lorenzo/code/dynus_lite/dynus_lite_ws/build/decomp_ros_msgs -- -j8 -l8
[1.434s] DEBUG:colcon.colcon_core.event_handler.log_command:Invoking command in '/home/lorenzo/code/dynus_lite/dynus_lite_ws/build/decomp_ros_msgs': CMAKE_PREFIX_PATH=${CMAKE_PREFIX_PATH}:/opt/ros/humble /usr/bin/cmake --install /home/lorenzo/code/dynus_lite/dynus_lite_ws/build/decomp_ros_msgs
[1.436s] Level 1:colcon.colcon_core.shell:create_environment_hook('decomp_util', 'pkg_config_path')
[1.437s] INFO:colcon.colcon_core.shell:Creating environment hook '/home/lorenzo/code/dynus_lite/dynus_lite_ws/install/decomp_util/share/decomp_util/hook/pkg_config_path.ps1'
[1.438s] INFO:colcon.colcon_core.shell:Creating environment descriptor '/home/lorenzo/code/dynus_lite/dynus_lite_ws/install/decomp_util/share/decomp_util/hook/pkg_config_path.dsv'
[1.439s] INFO:colcon.colcon_core.shell:Creating environment hook '/home/lorenzo/code/dynus_lite/dynus_lite_ws/install/decomp_util/share/decomp_util/hook/pkg_config_path.sh'
[1.439s] DEBUG:colcon.colcon_core.event_handler.log_command:Invoked command in '/home/lorenzo/code/dynus_lite/dynus_lite_ws/build/decomp_util' returned '0': CMAKE_PREFIX_PATH=${CMAKE_PREFIX_PATH}:/opt/ros/humble /usr/bin/cmake --install /home/lorenzo/code/dynus_lite/dynus_lite_ws/build/decomp_util
[1.443s] Level 1:colcon.colcon_core.shell:create_environment_hook('decomp_util', 'pkg_config_path_multiarch')
[1.444s] INFO:colcon.colcon_core.shell:Creating environment hook '/home/lorenzo/code/dynus_lite/dynus_lite_ws/install/decomp_util/share/decomp_util/hook/pkg_config_path_multiarch.ps1'
[1.445s] INFO:colcon.colcon_core.shell:Creating environment descriptor '/home/lorenzo/code/dynus_lite/dynus_lite_ws/install/decomp_util/share/decomp_util/hook/pkg_config_path_multiarch.dsv'
[1.446s] INFO:colcon.colcon_core.shell:Creating environment hook '/home/lorenzo/code/dynus_lite/dynus_lite_ws/install/decomp_util/share/decomp_util/hook/pkg_config_path_multiarch.sh'
[1.447s] Level 1:colcon.colcon_core.environment:create_environment_scripts_only(decomp_util)
[1.453s] Level 1:colcon.colcon_core.environment:checking '/home/lorenzo/code/dynus_lite/dynus_lite_ws/install/decomp_util' for CMake module files
[1.460s] Level 1:colcon.colcon_core.environment:checking '/home/lorenzo/code/dynus_lite/dynus_lite_ws/install/decomp_util' for CMake config files
[1.461s] Level 1:colcon.colcon_core.shell:create_environment_hook('decomp_util', 'cmake_prefix_path')
[1.461s] INFO:colcon.colcon_core.shell:Creating environment hook '/home/lorenzo/code/dynus_lite/dynus_lite_ws/install/decomp_util/share/decomp_util/hook/cmake_prefix_path.ps1'
[1.462s] INFO:colcon.colcon_core.shell:Creating environment descriptor '/home/lorenzo/code/dynus_lite/dynus_lite_ws/install/decomp_util/share/decomp_util/hook/cmake_prefix_path.dsv'
[1.470s] INFO:colcon.colcon_core.shell:Creating environment hook '/home/lorenzo/code/dynus_lite/dynus_lite_ws/install/decomp_util/share/decomp_util/hook/cmake_prefix_path.sh'
[1.471s] Level 1:colcon.colcon_core.environment:checking '/home/lorenzo/code/dynus_lite/dynus_lite_ws/install/decomp_util/bin'
[1.471s] Level 1:colcon.colcon_core.environment:checking '/home/lorenzo/code/dynus_lite/dynus_lite_ws/install/decomp_util/lib/pkgconfig/decomp_util.pc'
[1.472s] Level 1:colcon.colcon_core.environment:checking '/home/lorenzo/code/dynus_lite/dynus_lite_ws/install/decomp_util/lib/python3.10/site-packages'
[1.473s] Level 1:colcon.colcon_core.environment:checking '/home/lorenzo/code/dynus_lite/dynus_lite_ws/install/decomp_util/bin'
[1.478s] INFO:colcon.colcon_core.shell:Creating package script '/home/lorenzo/code/dynus_lite/dynus_lite_ws/install/decomp_util/share/decomp_util/package.ps1'
[1.484s] INFO:colcon.colcon_core.shell:Creating package descriptor '/home/lorenzo/code/dynus_lite/dynus_lite_ws/install/decomp_util/share/decomp_util/package.dsv'
[1.485s] INFO:colcon.colcon_core.shell:Creating package script '/home/lorenzo/code/dynus_lite/dynus_lite_ws/install/decomp_util/share/decomp_util/package.sh'
[1.492s] INFO:colcon.colcon_core.shell:Creating package script '/home/lorenzo/code/dynus_lite/dynus_lite_ws/install/decomp_util/share/decomp_util/package.bash'
[1.494s] INFO:colcon.colcon_core.shell:Creating package script '/home/lorenzo/code/dynus_lite/dynus_lite_ws/install/decomp_util/share/decomp_util/package.zsh'
[1.498s] Level 1:colcon.colcon_core.environment:create_file_with_runtime_dependencies(/home/lorenzo/code/dynus_lite/dynus_lite_ws/install/decomp_util/share/colcon-core/packages/decomp_util)
[1.498s] INFO:colcon.colcon_ros.task.ament_cmake.build:Building ROS package in '/home/lorenzo/code/dynus_lite/dynus_lite_ws/src/mission_mode' with build type 'ament_cmake'
[1.499s] INFO:colcon.colcon_cmake.task.cmake.build:Building CMake package in '/home/lorenzo/code/dynus_lite/dynus_lite_ws/src/mission_mode'
[1.499s] INFO:colcon.colcon_core.shell:Skip shell extension 'powershell' for command environment: Not usable outside of PowerShell
[1.499s] DEBUG:colcon.colcon_core.shell:Skip shell extension 'dsv' for command environment
[1.520s] DEBUG:colcon.colcon_core.event_handler.log_command:Invoking command in '/home/lorenzo/code/dynus_lite/dynus_lite_ws/build/mission_mode': CMAKE_PREFIX_PATH=${CMAKE_PREFIX_PATH}:/opt/ros/humble /usr/bin/cmake /home/lorenzo/code/dynus_lite/dynus_lite_ws/src/mission_mode -DCMAKE_INSTALL_PREFIX=/home/lorenzo/code/dynus_lite/dynus_lite_ws/install/mission_mode
[1.589s] Level 1:colcon.colcon_core.environment:create_environment_scripts_only(decomp_ros_msgs)
[1.589s] Level 1:colcon.colcon_core.environment:checking '/home/lorenzo/code/dynus_lite/dynus_lite_ws/install/decomp_ros_msgs' for CMake module files
[1.591s] Level 1:colcon.colcon_core.environment:checking '/home/lorenzo/code/dynus_lite/dynus_lite_ws/install/decomp_ros_msgs' for CMake config files
[1.592s] DEBUG:colcon.colcon_core.event_handler.log_command:Invoked command in '/home/lorenzo/code/dynus_lite/dynus_lite_ws/build/decomp_ros_msgs' returned '0': CMAKE_PREFIX_PATH=${CMAKE_PREFIX_PATH}:/opt/ros/humble /usr/bin/cmake --install /home/lorenzo/code/dynus_lite/dynus_lite_ws/build/decomp_ros_msgs
[1.593s] Level 1:colcon.colcon_core.shell:create_environment_hook('decomp_ros_msgs', 'cmake_prefix_path')
[1.593s] INFO:colcon.colcon_core.shell:Creating environment hook '/home/lorenzo/code/dynus_lite/dynus_lite_ws/install/decomp_ros_msgs/share/decomp_ros_msgs/hook/cmake_prefix_path.ps1'
[1.594s] INFO:colcon.colcon_core.shell:Creating environment descriptor '/home/lorenzo/code/dynus_lite/dynus_lite_ws/install/decomp_ros_msgs/share/decomp_ros_msgs/hook/cmake_prefix_path.dsv'
[1.595s] INFO:colcon.colcon_core.shell:Creating environment hook '/home/lorenzo/code/dynus_lite/dynus_lite_ws/install/decomp_ros_msgs/share/decomp_ros_msgs/hook/cmake_prefix_path.sh'
[1.596s] Level 1:colcon.colcon_core.environment:checking '/home/lorenzo/code/dynus_lite/dynus_lite_ws/install/decomp_ros_msgs/lib'
[1.597s] Level 1:colcon.colcon_core.shell:create_environment_hook('decomp_ros_msgs', 'ld_library_path_lib')
[1.597s] INFO:colcon.colcon_core.shell:Creating environment hook '/home/lorenzo/code/dynus_lite/dynus_lite_ws/install/decomp_ros_msgs/share/decomp_ros_msgs/hook/ld_library_path_lib.ps1'
[1.598s] INFO:colcon.colcon_core.shell:Creating environment descriptor '/home/lorenzo/code/dynus_lite/dynus_lite_ws/install/decomp_ros_msgs/share/decomp_ros_msgs/hook/ld_library_path_lib.dsv'
[1.599s] INFO:colcon.colcon_core.shell:Creating environment hook '/home/lorenzo/code/dynus_lite/dynus_lite_ws/install/decomp_ros_msgs/share/decomp_ros_msgs/hook/ld_library_path_lib.sh'
[1.600s] Level 1:colcon.colcon_core.environment:checking '/home/lorenzo/code/dynus_lite/dynus_lite_ws/install/decomp_ros_msgs/bin'
[1.600s] Level 1:colcon.colcon_core.environment:checking '/home/lorenzo/code/dynus_lite/dynus_lite_ws/install/decomp_ros_msgs/lib/pkgconfig/decomp_ros_msgs.pc'
[1.601s] Level 1:colcon.colcon_core.environment:checking '/home/lorenzo/code/dynus_lite/dynus_lite_ws/install/decomp_ros_msgs/lib/python3.10/site-packages'
[1.602s] Level 1:colcon.colcon_core.environment:checking '/home/lorenzo/code/dynus_lite/dynus_lite_ws/install/decomp_ros_msgs/bin'
[1.603s] INFO:colcon.colcon_core.shell:Creating package script '/home/lorenzo/code/dynus_lite/dynus_lite_ws/install/decomp_ros_msgs/share/decomp_ros_msgs/package.ps1'
[1.604s] INFO:colcon.colcon_core.shell:Creating package descriptor '/home/lorenzo/code/dynus_lite/dynus_lite_ws/install/decomp_ros_msgs/share/decomp_ros_msgs/package.dsv'
[1.605s] INFO:colcon.colcon_core.shell:Creating package script '/home/lorenzo/code/dynus_lite/dynus_lite_ws/install/decomp_ros_msgs/share/decomp_ros_msgs/package.sh'
[1.607s] INFO:colcon.colcon_core.shell:Creating package script '/home/lorenzo/code/dynus_lite/dynus_lite_ws/install/decomp_ros_msgs/share/decomp_ros_msgs/package.bash'
[1.608s] INFO:colcon.colcon_core.shell:Creating package script '/home/lorenzo/code/dynus_lite/dynus_lite_ws/install/decomp_ros_msgs/share/decomp_ros_msgs/package.zsh'
[1.608s] Level 1:colcon.colcon_core.environment:create_file_with_runtime_dependencies(/home/lorenzo/code/dynus_lite/dynus_lite_ws/install/decomp_ros_msgs/share/colcon-core/packages/decomp_ros_msgs)
[1.610s] Level 1:colcon.colcon_core.environment:create_environment_scripts_only(decomp_ros_msgs)
[1.610s] Level 1:colcon.colcon_core.environment:checking '/home/lorenzo/code/dynus_lite/dynus_lite_ws/install/decomp_ros_msgs' for CMake module files
[1.612s] Level 1:colcon.colcon_core.environment:checking '/home/lorenzo/code/dynus_lite/dynus_lite_ws/install/decomp_ros_msgs' for CMake config files
[1.613s] Level 1:colcon.colcon_core.shell:create_environment_hook('decomp_ros_msgs', 'cmake_prefix_path')
[1.613s] INFO:colcon.colcon_core.shell:Creating environment hook '/home/lorenzo/code/dynus_lite/dynus_lite_ws/install/decomp_ros_msgs/share/decomp_ros_msgs/hook/cmake_prefix_path.ps1'
[1.614s] INFO:colcon.colcon_core.shell:Creating environment descriptor '/home/lorenzo/code/dynus_lite/dynus_lite_ws/install/decomp_ros_msgs/share/decomp_ros_msgs/hook/cmake_prefix_path.dsv'
[1.615s] INFO:colcon.colcon_core.shell:Creating environment hook '/home/lorenzo/code/dynus_lite/dynus_lite_ws/install/decomp_ros_msgs/share/decomp_ros_msgs/hook/cmake_prefix_path.sh'
[1.616s] Level 1:colcon.colcon_core.environment:checking '/home/lorenzo/code/dynus_lite/dynus_lite_ws/install/decomp_ros_msgs/lib'
[1.616s] Level 1:colcon.colcon_core.shell:create_environment_hook('decomp_ros_msgs', 'ld_library_path_lib')
[1.617s] INFO:colcon.colcon_core.shell:Creating environment hook '/home/lorenzo/code/dynus_lite/dynus_lite_ws/install/decomp_ros_msgs/share/decomp_ros_msgs/hook/ld_library_path_lib.ps1'
[1.618s] INFO:colcon.colcon_core.shell:Creating environment descriptor '/home/lorenzo/code/dynus_lite/dynus_lite_ws/install/decomp_ros_msgs/share/decomp_ros_msgs/hook/ld_library_path_lib.dsv'
[1.618s] INFO:colcon.colcon_core.shell:Creating environment hook '/home/lorenzo/code/dynus_lite/dynus_lite_ws/install/decomp_ros_msgs/share/decomp_ros_msgs/hook/ld_library_path_lib.sh'
[1.619s] Level 1:colcon.colcon_core.environment:checking '/home/lorenzo/code/dynus_lite/dynus_lite_ws/install/decomp_ros_msgs/bin'
[1.619s] Level 1:colcon.colcon_core.environment:checking '/home/lorenzo/code/dynus_lite/dynus_lite_ws/install/decomp_ros_msgs/lib/pkgconfig/decomp_ros_msgs.pc'
[1.620s] Level 1:colcon.colcon_core.environment:checking '/home/lorenzo/code/dynus_lite/dynus_lite_ws/install/decomp_ros_msgs/lib/python3.10/site-packages'
[1.621s] Level 1:colcon.colcon_core.environment:checking '/home/lorenzo/code/dynus_lite/dynus_lite_ws/install/decomp_ros_msgs/bin'
[1.622s] INFO:colcon.colcon_core.shell:Creating package script '/home/lorenzo/code/dynus_lite/dynus_lite_ws/install/decomp_ros_msgs/share/decomp_ros_msgs/package.ps1'
[1.623s] INFO:colcon.colcon_core.shell:Creating package descriptor '/home/lorenzo/code/dynus_lite/dynus_lite_ws/install/decomp_ros_msgs/share/decomp_ros_msgs/package.dsv'
[1.625s] INFO:colcon.colcon_core.shell:Creating package script '/home/lorenzo/code/dynus_lite/dynus_lite_ws/install/decomp_ros_msgs/share/decomp_ros_msgs/package.sh'
[1.626s] INFO:colcon.colcon_core.shell:Creating package script '/home/lorenzo/code/dynus_lite/dynus_lite_ws/install/decomp_ros_msgs/share/decomp_ros_msgs/package.bash'
[1.627s] INFO:colcon.colcon_core.shell:Creating package script '/home/lorenzo/code/dynus_lite/dynus_lite_ws/install/decomp_ros_msgs/share/decomp_ros_msgs/package.zsh'
[1.628s] Level 1:colcon.colcon_core.environment:create_file_with_runtime_dependencies(/home/lorenzo/code/dynus_lite/dynus_lite_ws/install/decomp_ros_msgs/share/colcon-core/packages/decomp_ros_msgs)
[1.629s] INFO:colcon.colcon_ros.task.ament_cmake.build:Building ROS package in '/home/lorenzo/code/dynus_lite/dynus_lite_ws/src/DecompROS2/decomp_rviz_plugins' with build type 'ament_cmake'
[1.629s] INFO:colcon.colcon_cmake.task.cmake.build:Building CMake package in '/home/lorenzo/code/dynus_lite/dynus_lite_ws/src/DecompROS2/decomp_rviz_plugins'
[1.629s] INFO:colcon.colcon_core.shell:Skip shell extension 'powershell' for command environment: Not usable outside of PowerShell
[1.630s] DEBUG:colcon.colcon_core.shell:Skip shell extension 'dsv' for command environment
[1.660s] DEBUG:colcon.colcon_core.event_handler.log_command:Invoking command in '/home/lorenzo/code/dynus_lite/dynus_lite_ws/build/decomp_rviz_plugins': CMAKE_PREFIX_PATH=/home/lorenzo/code/dynus_lite/dynus_lite_ws/install/decomp_ros_msgs:/home/lorenzo/code/dynus_lite/dynus_lite_ws/install/livox_ros_driver2:/home/lorenzo/code/dynus_lite/dynus_lite_ws/install/snapstack_msgs2:/home/lorenzo/code/dynus_lite/dynus_lite_ws/install/decomp_util:/opt/openrobots:/opt/ros/humble LD_LIBRARY_PATH=/home/lorenzo/code/dynus_lite/dynus_lite_ws/install/decomp_ros_msgs/lib:/home/lorenzo/code/dynus_lite/dynus_lite_ws/install/livox_ros_driver2/lib:/home/lorenzo/code/dynus_lite/dynus_lite_ws/install/snapstack_msgs2/lib:/opt/gurobi1103/linux64/lib:/usr/lib/x86_64-linux-gnu/gazebo-11/plugins:/opt/ros/humble/opt/rviz_ogre_vendor/lib:/opt/ros/humble/lib/x86_64-linux-gnu:/home/lorenzo/code/decomp_ws/install/decomp_ros_msgs/lib:/opt/ros/humble/lib:/home/lorenzo/code/livox_ws/install/livox_ros_driver2/lib:/opt/gurobi1103/linux64/lib /usr/bin/cmake /home/lorenzo/code/dynus_lite/dynus_lite_ws/src/DecompROS2/decomp_rviz_plugins -DCMAKE_INSTALL_PREFIX=/home/lorenzo/code/dynus_lite/dynus_lite_ws/install/decomp_rviz_plugins
[1.945s] DEBUG:colcon.colcon_core.event_handler.log_command:Invoked command in '/home/lorenzo/code/dynus_lite/dynus_lite_ws/build/gazebo_dev' returned '0': CMAKE_PREFIX_PATH=${CMAKE_PREFIX_PATH}:/opt/ros/humble /usr/bin/cmake /home/lorenzo/code/dynus_lite/dynus_lite_ws/src/gazebo_ros_pkgs/gazebo_dev -DCMAKE_INSTALL_PREFIX=/home/lorenzo/code/dynus_lite/dynus_lite_ws/install/gazebo_dev
[1.947s] DEBUG:colcon.colcon_core.event_handler.log_command:Invoking command in '/home/lorenzo/code/dynus_lite/dynus_lite_ws/build/gazebo_dev': CMAKE_PREFIX_PATH=${CMAKE_PREFIX_PATH}:/opt/ros/humble /usr/bin/cmake --build /home/lorenzo/code/dynus_lite/dynus_lite_ws/build/gazebo_dev -- -j8 -l8
[2.722s] DEBUG:colcon.colcon_core.event_handler.log_command:Invoking command in '/home/lorenzo/code/dynus_lite/dynus_lite_ws/src/behavior_selector2': PYTHONPATH=/home/lorenzo/code/dynus_lite/dynus_lite_ws/build/behavior_selector2/prefix_override:/usr/lib/python3/dist-packages/colcon_core/task/python/colcon_distutils_commands:/home/lorenzo/code/dynus_lite/dynus_lite_ws/install/behavior_selector2/lib/python3.10/site-packages:${PYTHONPATH} /usr/bin/python3 -W ignore:setup.py install is deprecated -W ignore:easy_install command is deprecated setup.py egg_info --egg-base ../../build/behavior_selector2 build --build-base /home/lorenzo/code/dynus_lite/dynus_lite_ws/build/behavior_selector2/build install --record /home/lorenzo/code/dynus_lite/dynus_lite_ws/build/behavior_selector2/install.log --single-version-externally-managed install_data
[4.888s] DEBUG:colcon.colcon_core.event_handler.log_command:Invoked command in '/home/lorenzo/code/dynus_lite/dynus_lite_ws/build/dynus_interfaces' returned '0': CMAKE_PREFIX_PATH=${CMAKE_PREFIX_PATH}:/opt/ros/humble /usr/bin/cmake /home/lorenzo/code/dynus_lite/dynus_lite_ws/src/dynus_interfaces -DCMAKE_INSTALL_PREFIX=/home/lorenzo/code/dynus_lite/dynus_lite_ws/install/dynus_interfaces
[4.903s] Level 1:colcon.colcon_core.environment:checking '/home/lorenzo/code/dynus_lite/dynus_lite_ws/install/behavior_selector2' for CMake module files
[4.905s] Level 1:colcon.colcon_core.environment:checking '/home/lorenzo/code/dynus_lite/dynus_lite_ws/install/behavior_selector2' for CMake config files
[4.906s] DEBUG:colcon.colcon_core.event_handler.log_command:Invoking command in '/home/lorenzo/code/dynus_lite/dynus_lite_ws/build/dynus_interfaces': CMAKE_PREFIX_PATH=${CMAKE_PREFIX_PATH}:/opt/ros/humble /usr/bin/cmake --build /home/lorenzo/code/dynus_lite/dynus_lite_ws/build/dynus_interfaces -- -j8 -l8
[4.907s] DEBUG:colcon.colcon_core.event_handler.log_command:Invoked command in '/home/lorenzo/code/dynus_lite/dynus_lite_ws/build/gazebo_dev' returned '0': CMAKE_PREFIX_PATH=${CMAKE_PREFIX_PATH}:/opt/ros/humble /usr/bin/cmake --build /home/lorenzo/code/dynus_lite/dynus_lite_ws/build/gazebo_dev -- -j8 -l8
[4.907s] DEBUG:colcon.colcon_core.event_handler.log_command:Invoking command in '/home/lorenzo/code/dynus_lite/dynus_lite_ws/build/gazebo_dev': CMAKE_PREFIX_PATH=${CMAKE_PREFIX_PATH}:/opt/ros/humble /usr/bin/cmake --install /home/lorenzo/code/dynus_lite/dynus_lite_ws/build/gazebo_dev
[4.908s] DEBUG:colcon.colcon_core.event_handler.log_command:Invoked command in '/home/lorenzo/code/dynus_lite/dynus_lite_ws/src/behavior_selector2' returned '0': PYTHONPATH=/home/lorenzo/code/dynus_lite/dynus_lite_ws/build/behavior_selector2/prefix_override:/usr/lib/python3/dist-packages/colcon_core/task/python/colcon_distutils_commands:/home/lorenzo/code/dynus_lite/dynus_lite_ws/install/behavior_selector2/lib/python3.10/site-packages:${PYTHONPATH} /usr/bin/python3 -W ignore:setup.py install is deprecated -W ignore:easy_install command is deprecated setup.py egg_info --egg-base ../../build/behavior_selector2 build --build-base /home/lorenzo/code/dynus_lite/dynus_lite_ws/build/behavior_selector2/build install --record /home/lorenzo/code/dynus_lite/dynus_lite_ws/build/behavior_selector2/install.log --single-version-externally-managed install_data
[4.908s] Level 1:colcon.colcon_core.environment:checking '/home/lorenzo/code/dynus_lite/dynus_lite_ws/install/behavior_selector2/lib'
[4.908s] Level 1:colcon.colcon_core.environment:checking '/home/lorenzo/code/dynus_lite/dynus_lite_ws/install/behavior_selector2/bin'
[4.909s] Level 1:colcon.colcon_core.environment:checking '/home/lorenzo/code/dynus_lite/dynus_lite_ws/install/behavior_selector2/lib/pkgconfig/behavior_selector2.pc'
[4.909s] Level 1:colcon.colcon_core.environment:checking '/home/lorenzo/code/dynus_lite/dynus_lite_ws/install/behavior_selector2/lib/python3.10/site-packages'
[4.909s] Level 1:colcon.colcon_core.shell:create_environment_hook('behavior_selector2', 'pythonpath')
[4.910s] INFO:colcon.colcon_core.shell:Creating environment hook '/home/lorenzo/code/dynus_lite/dynus_lite_ws/install/behavior_selector2/share/behavior_selector2/hook/pythonpath.ps1'
[4.911s] INFO:colcon.colcon_core.shell:Creating environment descriptor '/home/lorenzo/code/dynus_lite/dynus_lite_ws/install/behavior_selector2/share/behavior_selector2/hook/pythonpath.dsv'
[4.911s] INFO:colcon.colcon_core.shell:Creating environment hook '/home/lorenzo/code/dynus_lite/dynus_lite_ws/install/behavior_selector2/share/behavior_selector2/hook/pythonpath.sh'
[4.913s] Level 1:colcon.colcon_core.environment:checking '/home/lorenzo/code/dynus_lite/dynus_lite_ws/install/behavior_selector2/bin'
[4.913s] Level 1:colcon.colcon_core.environment:create_environment_scripts_only(behavior_selector2)
[4.914s] INFO:colcon.colcon_core.shell:Creating package script '/home/lorenzo/code/dynus_lite/dynus_lite_ws/install/behavior_selector2/share/behavior_selector2/package.ps1'
[4.915s] INFO:colcon.colcon_core.shell:Creating package descriptor '/home/lorenzo/code/dynus_lite/dynus_lite_ws/install/behavior_selector2/share/behavior_selector2/package.dsv'
[4.916s] INFO:colcon.colcon_core.shell:Creating package script '/home/lorenzo/code/dynus_lite/dynus_lite_ws/install/behavior_selector2/share/behavior_selector2/package.sh'
[4.916s] INFO:colcon.colcon_core.shell:Creating package script '/home/lorenzo/code/dynus_lite/dynus_lite_ws/install/behavior_selector2/share/behavior_selector2/package.bash'
[4.918s] INFO:colcon.colcon_core.shell:Creating package script '/home/lorenzo/code/dynus_lite/dynus_lite_ws/install/behavior_selector2/share/behavior_selector2/package.zsh'
[4.918s] Level 1:colcon.colcon_core.environment:create_file_with_runtime_dependencies(/home/lorenzo/code/dynus_lite/dynus_lite_ws/install/behavior_selector2/share/colcon-core/packages/behavior_selector2)
[4.920s] INFO:colcon.colcon_ros.task.ament_cmake.build:Building ROS package in '/home/lorenzo/code/dynus_lite/dynus_lite_ws/src/octomap_rviz_plugins' with build type 'ament_cmake'
[4.920s] INFO:colcon.colcon_cmake.task.cmake.build:Building CMake package in '/home/lorenzo/code/dynus_lite/dynus_lite_ws/src/octomap_rviz_plugins'
[4.920s] INFO:colcon.colcon_core.shell:Skip shell extension 'powershell' for command environment: Not usable outside of PowerShell
[4.920s] DEBUG:colcon.colcon_core.shell:Skip shell extension 'dsv' for command environment
[4.943s] DEBUG:colcon.colcon_core.event_handler.log_command:Invoking command in '/home/lorenzo/code/dynus_lite/dynus_lite_ws/build/octomap_rviz_plugins': CMAKE_PREFIX_PATH=${CMAKE_PREFIX_PATH}:/opt/ros/humble /usr/bin/cmake /home/lorenzo/code/dynus_lite/dynus_lite_ws/src/octomap_rviz_plugins -DCMAKE_INSTALL_PREFIX=/home/lorenzo/code/dynus_lite/dynus_lite_ws/install/octomap_rviz_plugins
[5.856s] DEBUG:colcon.colcon_core.event_handler.log_command:Invoked command in '/home/lorenzo/code/dynus_lite/dynus_lite_ws/build/mission_mode' returned '0': CMAKE_PREFIX_PATH=${CMAKE_PREFIX_PATH}:/opt/ros/humble /usr/bin/cmake /home/lorenzo/code/dynus_lite/dynus_lite_ws/src/mission_mode -DCMAKE_INSTALL_PREFIX=/home/lorenzo/code/dynus_lite/dynus_lite_ws/install/mission_mode
[5.862s] DEBUG:colcon.colcon_core.event_handler.log_command:Invoking command in '/home/lorenzo/code/dynus_lite/dynus_lite_ws/build/mission_mode': CMAKE_PREFIX_PATH=${CMAKE_PREFIX_PATH}:/opt/ros/humble /usr/bin/cmake --build /home/lorenzo/code/dynus_lite/dynus_lite_ws/build/mission_mode -- -j8 -l8
[5.863s] Level 1:colcon.colcon_core.environment:create_environment_scripts_only(gazebo_dev)
[5.864s] Level 1:colcon.colcon_core.environment:checking '/home/lorenzo/code/dynus_lite/dynus_lite_ws/install/gazebo_dev' for CMake module files
[5.864s] Level 1:colcon.colcon_core.environment:checking '/home/lorenzo/code/dynus_lite/dynus_lite_ws/install/gazebo_dev' for CMake config files
[5.870s] Level 1:colcon.colcon_core.shell:create_environment_hook('gazebo_dev', 'cmake_prefix_path')
[5.870s] INFO:colcon.colcon_core.shell:Creating environment hook '/home/lorenzo/code/dynus_lite/dynus_lite_ws/install/gazebo_dev/share/gazebo_dev/hook/cmake_prefix_path.ps1'
[5.871s] INFO:colcon.colcon_core.shell:Creating environment descriptor '/home/lorenzo/code/dynus_lite/dynus_lite_ws/install/gazebo_dev/share/gazebo_dev/hook/cmake_prefix_path.dsv'
[5.872s] INFO:colcon.colcon_core.shell:Creating environment hook '/home/lorenzo/code/dynus_lite/dynus_lite_ws/install/gazebo_dev/share/gazebo_dev/hook/cmake_prefix_path.sh'
[5.873s] Level 1:colcon.colcon_core.environment:checking '/home/lorenzo/code/dynus_lite/dynus_lite_ws/install/gazebo_dev/bin'
[5.873s] Level 1:colcon.colcon_core.environment:checking '/home/lorenzo/code/dynus_lite/dynus_lite_ws/install/gazebo_dev/lib/pkgconfig/gazebo_dev.pc'
[5.877s] Level 1:colcon.colcon_core.environment:checking '/home/lorenzo/code/dynus_lite/dynus_lite_ws/install/gazebo_dev/lib/python3.10/site-packages'
[5.878s] Level 1:colcon.colcon_core.environment:checking '/home/lorenzo/code/dynus_lite/dynus_lite_ws/install/gazebo_dev/bin'
[5.879s] INFO:colcon.colcon_core.shell:Creating package script '/home/lorenzo/code/dynus_lite/dynus_lite_ws/install/gazebo_dev/share/gazebo_dev/package.ps1'
[5.880s] INFO:colcon.colcon_core.shell:Creating package descriptor '/home/lorenzo/code/dynus_lite/dynus_lite_ws/install/gazebo_dev/share/gazebo_dev/package.dsv'
[5.882s] DEBUG:colcon.colcon_core.event_handler.log_command:Invoked command in '/home/lorenzo/code/dynus_lite/dynus_lite_ws/build/gazebo_dev' returned '0': CMAKE_PREFIX_PATH=${CMAKE_PREFIX_PATH}:/opt/ros/humble /usr/bin/cmake --install /home/lorenzo/code/dynus_lite/dynus_lite_ws/build/gazebo_dev
[5.884s] INFO:colcon.colcon_core.shell:Creating package script '/home/lorenzo/code/dynus_lite/dynus_lite_ws/install/gazebo_dev/share/gazebo_dev/package.sh'
[5.885s] INFO:colcon.colcon_core.shell:Creating package script '/home/lorenzo/code/dynus_lite/dynus_lite_ws/install/gazebo_dev/share/gazebo_dev/package.bash'
[5.886s] INFO:colcon.colcon_core.shell:Creating package script '/home/lorenzo/code/dynus_lite/dynus_lite_ws/install/gazebo_dev/share/gazebo_dev/package.zsh'
[5.889s] Level 1:colcon.colcon_core.environment:create_file_with_runtime_dependencies(/home/lorenzo/code/dynus_lite/dynus_lite_ws/install/gazebo_dev/share/colcon-core/packages/gazebo_dev)
[5.891s] Level 1:colcon.colcon_core.environment:create_environment_scripts_only(gazebo_dev)
[5.891s] Level 1:colcon.colcon_core.environment:checking '/home/lorenzo/code/dynus_lite/dynus_lite_ws/install/gazebo_dev' for CMake module files
[5.893s] Level 1:colcon.colcon_core.environment:checking '/home/lorenzo/code/dynus_lite/dynus_lite_ws/install/gazebo_dev' for CMake config files
[5.896s] Level 1:colcon.colcon_core.shell:create_environment_hook('gazebo_dev', 'cmake_prefix_path')
[5.897s] INFO:colcon.colcon_core.shell:Creating environment hook '/home/lorenzo/code/dynus_lite/dynus_lite_ws/install/gazebo_dev/share/gazebo_dev/hook/cmake_prefix_path.ps1'
[5.898s] INFO:colcon.colcon_core.shell:Creating environment descriptor '/home/lorenzo/code/dynus_lite/dynus_lite_ws/install/gazebo_dev/share/gazebo_dev/hook/cmake_prefix_path.dsv'
[5.898s] INFO:colcon.colcon_core.shell:Creating environment hook '/home/lorenzo/code/dynus_lite/dynus_lite_ws/install/gazebo_dev/share/gazebo_dev/hook/cmake_prefix_path.sh'
[5.903s] Level 1:colcon.colcon_core.environment:checking '/home/lorenzo/code/dynus_lite/dynus_lite_ws/install/gazebo_dev/bin'
[5.903s] Level 1:colcon.colcon_core.environment:checking '/home/lorenzo/code/dynus_lite/dynus_lite_ws/install/gazebo_dev/lib/pkgconfig/gazebo_dev.pc'
[5.903s] Level 1:colcon.colcon_core.environment:checking '/home/lorenzo/code/dynus_lite/dynus_lite_ws/install/gazebo_dev/lib/python3.10/site-packages'
[5.904s] Level 1:colcon.colcon_core.environment:checking '/home/lorenzo/code/dynus_lite/dynus_lite_ws/install/gazebo_dev/bin'
[5.908s] INFO:colcon.colcon_core.shell:Creating package script '/home/lorenzo/code/dynus_lite/dynus_lite_ws/install/gazebo_dev/share/gazebo_dev/package.ps1'
[5.913s] INFO:colcon.colcon_core.shell:Creating package descriptor '/home/lorenzo/code/dynus_lite/dynus_lite_ws/install/gazebo_dev/share/gazebo_dev/package.dsv'
[5.914s] INFO:colcon.colcon_core.shell:Creating package script '/home/lorenzo/code/dynus_lite/dynus_lite_ws/install/gazebo_dev/share/gazebo_dev/package.sh'
[5.915s] INFO:colcon.colcon_core.shell:Creating package script '/home/lorenzo/code/dynus_lite/dynus_lite_ws/install/gazebo_dev/share/gazebo_dev/package.bash'
[5.918s] INFO:colcon.colcon_core.shell:Creating package script '/home/lorenzo/code/dynus_lite/dynus_lite_ws/install/gazebo_dev/share/gazebo_dev/package.zsh'
[5.919s] Level 1:colcon.colcon_core.environment:create_file_with_runtime_dependencies(/home/lorenzo/code/dynus_lite/dynus_lite_ws/install/gazebo_dev/share/colcon-core/packages/gazebo_dev)
[5.921s] INFO:colcon.colcon_ros.task.ament_python.build:Building ROS package in '/home/lorenzo/code/dynus_lite/dynus_lite_ws/src/ros2_px4_stack' with build type 'ament_python'
[5.921s] Level 1:colcon.colcon_core.shell:create_environment_hook('ros2_px4_stack', 'ament_prefix_path')
[5.922s] INFO:colcon.colcon_core.shell:Creating environment hook '/home/lorenzo/code/dynus_lite/dynus_lite_ws/install/ros2_px4_stack/share/ros2_px4_stack/hook/ament_prefix_path.ps1'
[5.923s] INFO:colcon.colcon_core.shell:Creating environment descriptor '/home/lorenzo/code/dynus_lite/dynus_lite_ws/install/ros2_px4_stack/share/ros2_px4_stack/hook/ament_prefix_path.dsv'
[5.924s] INFO:colcon.colcon_core.shell:Creating environment hook '/home/lorenzo/code/dynus_lite/dynus_lite_ws/install/ros2_px4_stack/share/ros2_px4_stack/hook/ament_prefix_path.sh'
[5.929s] INFO:colcon.colcon_core.shell:Skip shell extension 'powershell' for command environment: Not usable outside of PowerShell
[5.929s] DEBUG:colcon.colcon_core.shell:Skip shell extension 'dsv' for command environment
[7.158s] INFO:colcon.colcon_core.task.python.build:Building Python package in '/home/lorenzo/code/dynus_lite/dynus_lite_ws/src/ros2_px4_stack'
[7.159s] INFO:colcon.colcon_core.shell:Skip shell extension 'powershell' for command environment: Not usable outside of PowerShell
[7.159s] DEBUG:colcon.colcon_core.shell:Skip shell extension 'dsv' for command environment
[7.181s] DEBUG:colcon.colcon_core.event_handler.log_command:Invoked command in '/home/lorenzo/code/dynus_lite/dynus_lite_ws/build/gazebo_msgs' returned '0': CMAKE_PREFIX_PATH=${CMAKE_PREFIX_PATH}:/opt/ros/humble /usr/bin/cmake /home/lorenzo/code/dynus_lite/dynus_lite_ws/src/gazebo_ros_pkgs/gazebo_msgs -DCMAKE_INSTALL_PREFIX=/home/lorenzo/code/dynus_lite/dynus_lite_ws/install/gazebo_msgs
[7.181s] DEBUG:colcon.colcon_core.event_handler.log_command:Invoking command in '/home/lorenzo/code/dynus_lite/dynus_lite_ws/build/gazebo_msgs': CMAKE_PREFIX_PATH=${CMAKE_PREFIX_PATH}:/opt/ros/humble /usr/bin/cmake --build /home/lorenzo/code/dynus_lite/dynus_lite_ws/build/gazebo_msgs -- -j8 -l8
[7.185s] DEBUG:colcon.colcon_core.event_handler.log_command:Invoked command in '/home/lorenzo/code/dynus_lite/dynus_lite_ws/build/livox_ros_driver2' returned '0': CMAKE_PREFIX_PATH=${CMAKE_PREFIX_PATH}:/opt/ros/humble /usr/bin/cmake /home/lorenzo/code/dynus_lite/dynus_lite_ws/src/livox_ros_driver2 -DCMAKE_INSTALL_PREFIX=/home/lorenzo/code/dynus_lite/dynus_lite_ws/install/livox_ros_driver2
[7.186s] DEBUG:colcon.colcon_core.event_handler.log_command:Invoking command in '/home/lorenzo/code/dynus_lite/dynus_lite_ws/build/livox_ros_driver2': CMAKE_PREFIX_PATH=${CMAKE_PREFIX_PATH}:/opt/ros/humble /usr/bin/cmake --build /home/lorenzo/code/dynus_lite/dynus_lite_ws/build/livox_ros_driver2 -- -j8 -l8
[10.281s] DEBUG:colcon.colcon_core.event_handler.log_command:Invoking command in '/home/lorenzo/code/dynus_lite/dynus_lite_ws/src/ros2_px4_stack': PYTHONPATH=/home/lorenzo/code/dynus_lite/dynus_lite_ws/build/ros2_px4_stack/prefix_override:/usr/lib/python3/dist-packages/colcon_core/task/python/colcon_distutils_commands:/home/lorenzo/code/dynus_lite/dynus_lite_ws/install/ros2_px4_stack/lib/python3.10/site-packages:${PYTHONPATH} /usr/bin/python3 -W ignore:setup.py install is deprecated -W ignore:easy_install command is deprecated setup.py egg_info --egg-base ../../build/ros2_px4_stack build --build-base /home/lorenzo/code/dynus_lite/dynus_lite_ws/build/ros2_px4_stack/build install --record /home/lorenzo/code/dynus_lite/dynus_lite_ws/build/ros2_px4_stack/install.log --single-version-externally-managed install_data
[10.561s] DEBUG:colcon.colcon_core.event_handler.log_command:Invoked command in '/home/lorenzo/code/dynus_lite/dynus_lite_ws/build/livox_ros_driver2' returned '0': CMAKE_PREFIX_PATH=${CMAKE_PREFIX_PATH}:/opt/ros/humble /usr/bin/cmake --build /home/lorenzo/code/dynus_lite/dynus_lite_ws/build/livox_ros_driver2 -- -j8 -l8
[10.562s] DEBUG:colcon.colcon_core.event_handler.log_command:Invoking command in '/home/lorenzo/code/dynus_lite/dynus_lite_ws/build/livox_ros_driver2': CMAKE_PREFIX_PATH=${CMAKE_PREFIX_PATH}:/opt/ros/humble /usr/bin/cmake --install /home/lorenzo/code/dynus_lite/dynus_lite_ws/build/livox_ros_driver2
[10.573s] DEBUG:colcon.colcon_core.event_handler.log_command:Invoked command in '/home/lorenzo/code/dynus_lite/dynus_lite_ws/build/octomap_server' returned '0': CMAKE_PREFIX_PATH=${CMAKE_PREFIX_PATH}:/opt/ros/humble /usr/bin/cmake /home/lorenzo/code/dynus_lite/dynus_lite_ws/src/octomap_mapping/octomap_server -DCMAKE_INSTALL_PREFIX=/home/lorenzo/code/dynus_lite/dynus_lite_ws/install/octomap_server
[10.574s] DEBUG:colcon.colcon_core.event_handler.log_command:Invoking command in '/home/lorenzo/code/dynus_lite/dynus_lite_ws/build/octomap_server': CMAKE_PREFIX_PATH=${CMAKE_PREFIX_PATH}:/opt/ros/humble /usr/bin/cmake --build /home/lorenzo/code/dynus_lite/dynus_lite_ws/build/octomap_server -- -j8 -l8
[12.141s] Level 1:colcon.colcon_core.environment:checking '/home/lorenzo/code/dynus_lite/dynus_lite_ws/install/ros2_px4_stack' for CMake module files
[12.142s] Level 1:colcon.colcon_core.environment:checking '/home/lorenzo/code/dynus_lite/dynus_lite_ws/install/ros2_px4_stack' for CMake config files
[12.144s] Level 1:colcon.colcon_core.environment:checking '/home/lorenzo/code/dynus_lite/dynus_lite_ws/install/ros2_px4_stack/lib'
[12.144s] Level 1:colcon.colcon_core.environment:checking '/home/lorenzo/code/dynus_lite/dynus_lite_ws/install/ros2_px4_stack/bin'
[12.144s] Level 1:colcon.colcon_core.environment:checking '/home/lorenzo/code/dynus_lite/dynus_lite_ws/install/ros2_px4_stack/lib/pkgconfig/ros2_px4_stack.pc'
[12.145s] Level 1:colcon.colcon_core.environment:checking '/home/lorenzo/code/dynus_lite/dynus_lite_ws/install/ros2_px4_stack/lib/python3.10/site-packages'
[12.145s] Level 1:colcon.colcon_core.shell:create_environment_hook('ros2_px4_stack', 'pythonpath')
[12.145s] INFO:colcon.colcon_core.shell:Creating environment hook '/home/lorenzo/code/dynus_lite/dynus_lite_ws/install/ros2_px4_stack/share/ros2_px4_stack/hook/pythonpath.ps1'
[12.146s] INFO:colcon.colcon_core.shell:Creating environment descriptor '/home/lorenzo/code/dynus_lite/dynus_lite_ws/install/ros2_px4_stack/share/ros2_px4_stack/hook/pythonpath.dsv'
[12.146s] INFO:colcon.colcon_core.shell:Creating environment hook '/home/lorenzo/code/dynus_lite/dynus_lite_ws/install/ros2_px4_stack/share/ros2_px4_stack/hook/pythonpath.sh'
[12.147s] Level 1:colcon.colcon_core.environment:checking '/home/lorenzo/code/dynus_lite/dynus_lite_ws/install/ros2_px4_stack/bin'
[12.147s] Level 1:colcon.colcon_core.environment:create_environment_scripts_only(ros2_px4_stack)
[12.152s] INFO:colcon.colcon_core.shell:Creating package script '/home/lorenzo/code/dynus_lite/dynus_lite_ws/install/ros2_px4_stack/share/ros2_px4_stack/package.ps1'
[12.160s] INFO:colcon.colcon_core.shell:Creating package descriptor '/home/lorenzo/code/dynus_lite/dynus_lite_ws/install/ros2_px4_stack/share/ros2_px4_stack/package.dsv'
[12.160s] INFO:colcon.colcon_core.shell:Creating package script '/home/lorenzo/code/dynus_lite/dynus_lite_ws/install/ros2_px4_stack/share/ros2_px4_stack/package.sh'
[12.161s] INFO:colcon.colcon_core.shell:Creating package script '/home/lorenzo/code/dynus_lite/dynus_lite_ws/install/ros2_px4_stack/share/ros2_px4_stack/package.bash'
[12.161s] INFO:colcon.colcon_core.shell:Creating package script '/home/lorenzo/code/dynus_lite/dynus_lite_ws/install/ros2_px4_stack/share/ros2_px4_stack/package.zsh'
[12.162s] Level 1:colcon.colcon_core.environment:create_file_with_runtime_dependencies(/home/lorenzo/code/dynus_lite/dynus_lite_ws/install/ros2_px4_stack/share/colcon-core/packages/ros2_px4_stack)
[12.162s] INFO:colcon.colcon_ros.task.ament_cmake.build:Building ROS package in '/home/lorenzo/code/dynus_lite/dynus_lite_ws/src/snapstack_msgs2' with build type 'ament_cmake'
[12.162s] INFO:colcon.colcon_cmake.task.cmake.build:Building CMake package in '/home/lorenzo/code/dynus_lite/dynus_lite_ws/src/snapstack_msgs2'
[12.166s] INFO:colcon.colcon_core.shell:Skip shell extension 'powershell' for command environment: Not usable outside of PowerShell
[12.166s] DEBUG:colcon.colcon_core.shell:Skip shell extension 'dsv' for command environment
[12.182s] DEBUG:colcon.colcon_core.event_handler.log_command:Invoked command in '/home/lorenzo/code/dynus_lite/dynus_lite_ws/src/ros2_px4_stack' returned '0': PYTHONPATH=/home/lorenzo/code/dynus_lite/dynus_lite_ws/build/ros2_px4_stack/prefix_override:/usr/lib/python3/dist-packages/colcon_core/task/python/colcon_distutils_commands:/home/lorenzo/code/dynus_lite/dynus_lite_ws/install/ros2_px4_stack/lib/python3.10/site-packages:${PYTHONPATH} /usr/bin/python3 -W ignore:setup.py install is deprecated -W ignore:easy_install command is deprecated setup.py egg_info --egg-base ../../build/ros2_px4_stack build --build-base /home/lorenzo/code/dynus_lite/dynus_lite_ws/build/ros2_px4_stack/build install --record /home/lorenzo/code/dynus_lite/dynus_lite_ws/build/ros2_px4_stack/install.log --single-version-externally-managed install_data
[12.206s] DEBUG:colcon.colcon_core.event_handler.log_command:Invoking command in '/home/lorenzo/code/dynus_lite/dynus_lite_ws/build/snapstack_msgs2': CMAKE_PREFIX_PATH=${CMAKE_PREFIX_PATH}:/opt/ros/humble /usr/bin/cmake --build /home/lorenzo/code/dynus_lite/dynus_lite_ws/build/snapstack_msgs2 -- -j8 -l8
[12.211s] Level 1:colcon.colcon_core.environment:create_environment_scripts_only(livox_ros_driver2)
[12.212s] Level 1:colcon.colcon_core.environment:checking '/home/lorenzo/code/dynus_lite/dynus_lite_ws/install/livox_ros_driver2' for CMake module files
[12.213s] Level 1:colcon.colcon_core.environment:checking '/home/lorenzo/code/dynus_lite/dynus_lite_ws/install/livox_ros_driver2' for CMake config files
[12.213s] Level 1:colcon.colcon_core.shell:create_environment_hook('livox_ros_driver2', 'cmake_prefix_path')
[12.220s] INFO:colcon.colcon_core.shell:Creating environment hook '/home/lorenzo/code/dynus_lite/dynus_lite_ws/install/livox_ros_driver2/share/livox_ros_driver2/hook/cmake_prefix_path.ps1'
[12.220s] INFO:colcon.colcon_core.shell:Creating environment descriptor '/home/lorenzo/code/dynus_lite/dynus_lite_ws/install/livox_ros_driver2/share/livox_ros_driver2/hook/cmake_prefix_path.dsv'
[12.221s] INFO:colcon.colcon_core.shell:Creating environment hook '/home/lorenzo/code/dynus_lite/dynus_lite_ws/install/livox_ros_driver2/share/livox_ros_driver2/hook/cmake_prefix_path.sh'
[12.222s] DEBUG:colcon.colcon_core.event_handler.log_command:Invoked command in '/home/lorenzo/code/dynus_lite/dynus_lite_ws/build/livox_ros_driver2' returned '0': CMAKE_PREFIX_PATH=${CMAKE_PREFIX_PATH}:/opt/ros/humble /usr/bin/cmake --install /home/lorenzo/code/dynus_lite/dynus_lite_ws/build/livox_ros_driver2
[12.222s] Level 1:colcon.colcon_core.environment:checking '/home/lorenzo/code/dynus_lite/dynus_lite_ws/install/livox_ros_driver2/lib'
[12.223s] Level 1:colcon.colcon_core.shell:create_environment_hook('livox_ros_driver2', 'ld_library_path_lib')
[12.223s] INFO:colcon.colcon_core.shell:Creating environment hook '/home/lorenzo/code/dynus_lite/dynus_lite_ws/install/livox_ros_driver2/share/livox_ros_driver2/hook/ld_library_path_lib.ps1'
[12.228s] INFO:colcon.colcon_core.shell:Creating environment descriptor '/home/lorenzo/code/dynus_lite/dynus_lite_ws/install/livox_ros_driver2/share/livox_ros_driver2/hook/ld_library_path_lib.dsv'
[12.229s] INFO:colcon.colcon_core.shell:Creating environment hook '/home/lorenzo/code/dynus_lite/dynus_lite_ws/install/livox_ros_driver2/share/livox_ros_driver2/hook/ld_library_path_lib.sh'
[12.230s] Level 1:colcon.colcon_core.environment:checking '/home/lorenzo/code/dynus_lite/dynus_lite_ws/install/livox_ros_driver2/bin'
[12.230s] Level 1:colcon.colcon_core.environment:checking '/home/lorenzo/code/dynus_lite/dynus_lite_ws/install/livox_ros_driver2/lib/pkgconfig/livox_ros_driver2.pc'
[12.230s] Level 1:colcon.colcon_core.environment:checking '/home/lorenzo/code/dynus_lite/dynus_lite_ws/install/livox_ros_driver2/lib/python3.10/site-packages'
[12.231s] Level 1:colcon.colcon_core.environment:checking '/home/lorenzo/code/dynus_lite/dynus_lite_ws/install/livox_ros_driver2/bin'
[12.231s] INFO:colcon.colcon_core.shell:Creating package script '/home/lorenzo/code/dynus_lite/dynus_lite_ws/install/livox_ros_driver2/share/livox_ros_driver2/package.ps1'
[12.235s] INFO:colcon.colcon_core.shell:Creating package descriptor '/home/lorenzo/code/dynus_lite/dynus_lite_ws/install/livox_ros_driver2/share/livox_ros_driver2/package.dsv'
[12.236s] INFO:colcon.colcon_core.shell:Creating package script '/home/lorenzo/code/dynus_lite/dynus_lite_ws/install/livox_ros_driver2/share/livox_ros_driver2/package.sh'
[12.237s] INFO:colcon.colcon_core.shell:Creating package script '/home/lorenzo/code/dynus_lite/dynus_lite_ws/install/livox_ros_driver2/share/livox_ros_driver2/package.bash'
[12.237s] INFO:colcon.colcon_core.shell:Creating package script '/home/lorenzo/code/dynus_lite/dynus_lite_ws/install/livox_ros_driver2/share/livox_ros_driver2/package.zsh'
[12.239s] Level 1:colcon.colcon_core.environment:create_file_with_runtime_dependencies(/home/lorenzo/code/dynus_lite/dynus_lite_ws/install/livox_ros_driver2/share/colcon-core/packages/livox_ros_driver2)
[12.240s] Level 1:colcon.colcon_core.environment:create_environment_scripts_only(livox_ros_driver2)
[12.240s] Level 1:colcon.colcon_core.environment:checking '/home/lorenzo/code/dynus_lite/dynus_lite_ws/install/livox_ros_driver2' for CMake module files
[12.241s] Level 1:colcon.colcon_core.environment:checking '/home/lorenzo/code/dynus_lite/dynus_lite_ws/install/livox_ros_driver2' for CMake config files
[12.241s] Level 1:colcon.colcon_core.shell:create_environment_hook('livox_ros_driver2', 'cmake_prefix_path')
[12.242s] INFO:colcon.colcon_core.shell:Creating environment hook '/home/lorenzo/code/dynus_lite/dynus_lite_ws/install/livox_ros_driver2/share/livox_ros_driver2/hook/cmake_prefix_path.ps1'
[12.248s] INFO:colcon.colcon_core.shell:Creating environment descriptor '/home/lorenzo/code/dynus_lite/dynus_lite_ws/install/livox_ros_driver2/share/livox_ros_driver2/hook/cmake_prefix_path.dsv'
[12.248s] INFO:colcon.colcon_core.shell:Creating environment hook '/home/lorenzo/code/dynus_lite/dynus_lite_ws/install/livox_ros_driver2/share/livox_ros_driver2/hook/cmake_prefix_path.sh'
[12.249s] Level 1:colcon.colcon_core.environment:checking '/home/lorenzo/code/dynus_lite/dynus_lite_ws/install/livox_ros_driver2/lib'
[12.249s] Level 1:colcon.colcon_core.shell:create_environment_hook('livox_ros_driver2', 'ld_library_path_lib')
[12.250s] INFO:colcon.colcon_core.shell:Creating environment hook '/home/lorenzo/code/dynus_lite/dynus_lite_ws/install/livox_ros_driver2/share/livox_ros_driver2/hook/ld_library_path_lib.ps1'
[12.251s] INFO:colcon.colcon_core.shell:Creating environment descriptor '/home/lorenzo/code/dynus_lite/dynus_lite_ws/install/livox_ros_driver2/share/livox_ros_driver2/hook/ld_library_path_lib.dsv'
[12.253s] INFO:colcon.colcon_core.shell:Creating environment hook '/home/lorenzo/code/dynus_lite/dynus_lite_ws/install/livox_ros_driver2/share/livox_ros_driver2/hook/ld_library_path_lib.sh'
[12.256s] Level 1:colcon.colcon_core.environment:checking '/home/lorenzo/code/dynus_lite/dynus_lite_ws/install/livox_ros_driver2/bin'
[12.256s] Level 1:colcon.colcon_core.environment:checking '/home/lorenzo/code/dynus_lite/dynus_lite_ws/install/livox_ros_driver2/lib/pkgconfig/livox_ros_driver2.pc'
[12.256s] Level 1:colcon.colcon_core.environment:checking '/home/lorenzo/code/dynus_lite/dynus_lite_ws/install/livox_ros_driver2/lib/python3.10/site-packages'
[12.257s] Level 1:colcon.colcon_core.environment:checking '/home/lorenzo/code/dynus_lite/dynus_lite_ws/install/livox_ros_driver2/bin'
[12.257s] INFO:colcon.colcon_core.shell:Creating package script '/home/lorenzo/code/dynus_lite/dynus_lite_ws/install/livox_ros_driver2/share/livox_ros_driver2/package.ps1'
[12.261s] INFO:colcon.colcon_core.shell:Creating package descriptor '/home/lorenzo/code/dynus_lite/dynus_lite_ws/install/livox_ros_driver2/share/livox_ros_driver2/package.dsv'
[12.262s] INFO:colcon.colcon_core.shell:Creating package script '/home/lorenzo/code/dynus_lite/dynus_lite_ws/install/livox_ros_driver2/share/livox_ros_driver2/package.sh'
[12.263s] INFO:colcon.colcon_core.shell:Creating package script '/home/lorenzo/code/dynus_lite/dynus_lite_ws/install/livox_ros_driver2/share/livox_ros_driver2/package.bash'
[12.263s] INFO:colcon.colcon_core.shell:Creating package script '/home/lorenzo/code/dynus_lite/dynus_lite_ws/install/livox_ros_driver2/share/livox_ros_driver2/package.zsh'
[12.265s] Level 1:colcon.colcon_core.environment:create_file_with_runtime_dependencies(/home/lorenzo/code/dynus_lite/dynus_lite_ws/install/livox_ros_driver2/share/colcon-core/packages/livox_ros_driver2)
[12.266s] INFO:colcon.colcon_ros.task.ament_cmake.build:Building ROS package in '/home/lorenzo/code/dynus_lite/dynus_lite_ws/src/trajectory_generator_ros2' with build type 'ament_cmake'
[12.267s] INFO:colcon.colcon_cmake.task.cmake.build:Building CMake package in '/home/lorenzo/code/dynus_lite/dynus_lite_ws/src/trajectory_generator_ros2'
[12.267s] INFO:colcon.colcon_core.shell:Skip shell extension 'powershell' for command environment: Not usable outside of PowerShell
[12.267s] DEBUG:colcon.colcon_core.shell:Skip shell extension 'dsv' for command environment
[12.291s] DEBUG:colcon.colcon_core.event_handler.log_command:Invoking command in '/home/lorenzo/code/dynus_lite/dynus_lite_ws/build/trajectory_generator_ros2': CMAKE_PREFIX_PATH=${CMAKE_PREFIX_PATH}:/opt/ros/humble /usr/bin/cmake /home/lorenzo/code/dynus_lite/dynus_lite_ws/src/trajectory_generator_ros2 -DCMAKE_INSTALL_PREFIX=/home/lorenzo/code/dynus_lite/dynus_lite_ws/install/trajectory_generator_ros2
[13.828s] DEBUG:colcon.colcon_core.event_handler.log_command:Invoked command in '/home/lorenzo/code/dynus_lite/dynus_lite_ws/build/octomap_rviz_plugins' returned '0': CMAKE_PREFIX_PATH=${CMAKE_PREFIX_PATH}:/opt/ros/humble /usr/bin/cmake /home/lorenzo/code/dynus_lite/dynus_lite_ws/src/octomap_rviz_plugins -DCMAKE_INSTALL_PREFIX=/home/lorenzo/code/dynus_lite/dynus_lite_ws/install/octomap_rviz_plugins
[13.828s] DEBUG:colcon.colcon_core.event_handler.log_command:Invoking command in '/home/lorenzo/code/dynus_lite/dynus_lite_ws/build/octomap_rviz_plugins': CMAKE_PREFIX_PATH=${CMAKE_PREFIX_PATH}:/opt/ros/humble /usr/bin/cmake --build /home/lorenzo/code/dynus_lite/dynus_lite_ws/build/octomap_rviz_plugins -- -j8 -l8
[13.957s] DEBUG:colcon.colcon_core.event_handler.log_command:Invoked command in '/home/lorenzo/code/dynus_lite/dynus_lite_ws/build/decomp_rviz_plugins' returned '0': CMAKE_PREFIX_PATH=/home/lorenzo/code/dynus_lite/dynus_lite_ws/install/decomp_ros_msgs:/home/lorenzo/code/dynus_lite/dynus_lite_ws/install/livox_ros_driver2:/home/lorenzo/code/dynus_lite/dynus_lite_ws/install/snapstack_msgs2:/home/lorenzo/code/dynus_lite/dynus_lite_ws/install/decomp_util:/opt/openrobots:/opt/ros/humble LD_LIBRARY_PATH=/home/lorenzo/code/dynus_lite/dynus_lite_ws/install/decomp_ros_msgs/lib:/home/lorenzo/code/dynus_lite/dynus_lite_ws/install/livox_ros_driver2/lib:/home/lorenzo/code/dynus_lite/dynus_lite_ws/install/snapstack_msgs2/lib:/opt/gurobi1103/linux64/lib:/usr/lib/x86_64-linux-gnu/gazebo-11/plugins:/opt/ros/humble/opt/rviz_ogre_vendor/lib:/opt/ros/humble/lib/x86_64-linux-gnu:/home/lorenzo/code/decomp_ws/install/decomp_ros_msgs/lib:/opt/ros/humble/lib:/home/lorenzo/code/livox_ws/install/livox_ros_driver2/lib:/opt/gurobi1103/linux64/lib /usr/bin/cmake /home/lorenzo/code/dynus_lite/dynus_lite_ws/src/DecompROS2/decomp_rviz_plugins -DCMAKE_INSTALL_PREFIX=/home/lorenzo/code/dynus_lite/dynus_lite_ws/install/decomp_rviz_plugins
[13.957s] DEBUG:colcon.colcon_core.event_handler.log_command:Invoking command in '/home/lorenzo/code/dynus_lite/dynus_lite_ws/build/decomp_rviz_plugins': CMAKE_PREFIX_PATH=/home/lorenzo/code/dynus_lite/dynus_lite_ws/install/decomp_ros_msgs:/home/lorenzo/code/dynus_lite/dynus_lite_ws/install/livox_ros_driver2:/home/lorenzo/code/dynus_lite/dynus_lite_ws/install/snapstack_msgs2:/home/lorenzo/code/dynus_lite/dynus_lite_ws/install/decomp_util:/opt/openrobots:/opt/ros/humble LD_LIBRARY_PATH=/home/lorenzo/code/dynus_lite/dynus_lite_ws/install/decomp_ros_msgs/lib:/home/lorenzo/code/dynus_lite/dynus_lite_ws/install/livox_ros_driver2/lib:/home/lorenzo/code/dynus_lite/dynus_lite_ws/install/snapstack_msgs2/lib:/opt/gurobi1103/linux64/lib:/usr/lib/x86_64-linux-gnu/gazebo-11/plugins:/opt/ros/humble/opt/rviz_ogre_vendor/lib:/opt/ros/humble/lib/x86_64-linux-gnu:/home/lorenzo/code/decomp_ws/install/decomp_ros_msgs/lib:/opt/ros/humble/lib:/home/lorenzo/code/livox_ws/install/livox_ros_driver2/lib:/opt/gurobi1103/linux64/lib /usr/bin/cmake --build /home/lorenzo/code/dynus_lite/dynus_lite_ws/build/decomp_rviz_plugins -- -j8 -l8
[14.194s] DEBUG:colcon.colcon_core.event_handler.log_command:Invoked command in '/home/lorenzo/code/dynus_lite/dynus_lite_ws/build/mission_mode' returned '0': CMAKE_PREFIX_PATH=${CMAKE_PREFIX_PATH}:/opt/ros/humble /usr/bin/cmake --build /home/lorenzo/code/dynus_lite/dynus_lite_ws/build/mission_mode -- -j8 -l8
[14.195s] DEBUG:colcon.colcon_core.event_handler.log_command:Invoking command in '/home/lorenzo/code/dynus_lite/dynus_lite_ws/build/mission_mode': CMAKE_PREFIX_PATH=${CMAKE_PREFIX_PATH}:/opt/ros/humble /usr/bin/cmake --install /home/lorenzo/code/dynus_lite/dynus_lite_ws/build/mission_mode
[14.408s] DEBUG:colcon.colcon_core.event_handler.log_command:Invoked command in '/home/lorenzo/code/dynus_lite/dynus_lite_ws/build/snapstack_msgs2' returned '0': CMAKE_PREFIX_PATH=${CMAKE_PREFIX_PATH}:/opt/ros/humble /usr/bin/cmake --build /home/lorenzo/code/dynus_lite/dynus_lite_ws/build/snapstack_msgs2 -- -j8 -l8
[14.409s] DEBUG:colcon.colcon_core.event_handler.log_command:Invoking command in '/home/lorenzo/code/dynus_lite/dynus_lite_ws/build/snapstack_msgs2': CMAKE_PREFIX_PATH=${CMAKE_PREFIX_PATH}:/opt/ros/humble /usr/bin/cmake --install /home/lorenzo/code/dynus_lite/dynus_lite_ws/build/snapstack_msgs2
[17.113s] Level 1:colcon.colcon_core.environment:create_environment_scripts_only(mission_mode)
[17.114s] Level 1:colcon.colcon_core.environment:checking '/home/lorenzo/code/dynus_lite/dynus_lite_ws/install/mission_mode' for CMake module files
[17.114s] Level 1:colcon.colcon_core.environment:checking '/home/lorenzo/code/dynus_lite/dynus_lite_ws/install/mission_mode' for CMake config files
[17.118s] Level 1:colcon.colcon_core.shell:create_environment_hook('mission_mode', 'cmake_prefix_path')
[17.118s] INFO:colcon.colcon_core.shell:Creating environment hook '/home/lorenzo/code/dynus_lite/dynus_lite_ws/install/mission_mode/share/mission_mode/hook/cmake_prefix_path.ps1'
[17.129s] INFO:colcon.colcon_core.shell:Creating environment descriptor '/home/lorenzo/code/dynus_lite/dynus_lite_ws/install/mission_mode/share/mission_mode/hook/cmake_prefix_path.dsv'
[17.129s] INFO:colcon.colcon_core.shell:Creating environment hook '/home/lorenzo/code/dynus_lite/dynus_lite_ws/install/mission_mode/share/mission_mode/hook/cmake_prefix_path.sh'
[17.130s] Level 1:colcon.colcon_core.environment:checking '/home/lorenzo/code/dynus_lite/dynus_lite_ws/install/mission_mode/lib'
[17.130s] Level 1:colcon.colcon_core.shell:create_environment_hook('mission_mode', 'ld_library_path_lib')
[17.130s] INFO:colcon.colcon_core.shell:Creating environment hook '/home/lorenzo/code/dynus_lite/dynus_lite_ws/install/mission_mode/share/mission_mode/hook/ld_library_path_lib.ps1'
[17.137s] DEBUG:colcon.colcon_core.event_handler.log_command:Invoked command in '/home/lorenzo/code/dynus_lite/dynus_lite_ws/build/trajectory_generator_ros2' returned '0': CMAKE_PREFIX_PATH=${CMAKE_PREFIX_PATH}:/opt/ros/humble /usr/bin/cmake /home/lorenzo/code/dynus_lite/dynus_lite_ws/src/trajectory_generator_ros2 -DCMAKE_INSTALL_PREFIX=/home/lorenzo/code/dynus_lite/dynus_lite_ws/install/trajectory_generator_ros2
[17.138s] DEBUG:colcon.colcon_core.event_handler.log_command:Invoking command in '/home/lorenzo/code/dynus_lite/dynus_lite_ws/build/trajectory_generator_ros2': CMAKE_PREFIX_PATH=${CMAKE_PREFIX_PATH}:/opt/ros/humble /usr/bin/cmake --build /home/lorenzo/code/dynus_lite/dynus_lite_ws/build/trajectory_generator_ros2 -- -j8 -l8
[17.147s] INFO:colcon.colcon_core.shell:Creating environment descriptor '/home/lorenzo/code/dynus_lite/dynus_lite_ws/install/mission_mode/share/mission_mode/hook/ld_library_path_lib.dsv'
[17.148s] INFO:colcon.colcon_core.shell:Creating environment hook '/home/lorenzo/code/dynus_lite/dynus_lite_ws/install/mission_mode/share/mission_mode/hook/ld_library_path_lib.sh'
[17.148s] Level 1:colcon.colcon_core.environment:checking '/home/lorenzo/code/dynus_lite/dynus_lite_ws/install/mission_mode/bin'
[17.148s] Level 1:colcon.colcon_core.environment:checking '/home/lorenzo/code/dynus_lite/dynus_lite_ws/install/mission_mode/lib/pkgconfig/mission_mode.pc'
[17.149s] Level 1:colcon.colcon_core.environment:checking '/home/lorenzo/code/dynus_lite/dynus_lite_ws/install/mission_mode/lib/python3.10/site-packages'
[17.149s] Level 1:colcon.colcon_core.environment:checking '/home/lorenzo/code/dynus_lite/dynus_lite_ws/install/mission_mode/bin'
[17.153s] INFO:colcon.colcon_core.shell:Creating package script '/home/lorenzo/code/dynus_lite/dynus_lite_ws/install/mission_mode/share/mission_mode/package.ps1'
[17.154s] INFO:colcon.colcon_core.shell:Creating package descriptor '/home/lorenzo/code/dynus_lite/dynus_lite_ws/install/mission_mode/share/mission_mode/package.dsv'
[17.155s] INFO:colcon.colcon_core.shell:Creating package script '/home/lorenzo/code/dynus_lite/dynus_lite_ws/install/mission_mode/share/mission_mode/package.sh'
[17.157s] DEBUG:colcon.colcon_core.event_handler.log_command:Invoked command in '/home/lorenzo/code/dynus_lite/dynus_lite_ws/build/mission_mode' returned '0': CMAKE_PREFIX_PATH=${CMAKE_PREFIX_PATH}:/opt/ros/humble /usr/bin/cmake --install /home/lorenzo/code/dynus_lite/dynus_lite_ws/build/mission_mode
[17.165s] INFO:colcon.colcon_core.shell:Creating package script '/home/lorenzo/code/dynus_lite/dynus_lite_ws/install/mission_mode/share/mission_mode/package.bash'
[17.165s] INFO:colcon.colcon_core.shell:Creating package script '/home/lorenzo/code/dynus_lite/dynus_lite_ws/install/mission_mode/share/mission_mode/package.zsh'
[17.166s] Level 1:colcon.colcon_core.environment:create_file_with_runtime_dependencies(/home/lorenzo/code/dynus_lite/dynus_lite_ws/install/mission_mode/share/colcon-core/packages/mission_mode)
[17.167s] Level 1:colcon.colcon_core.environment:create_environment_scripts_only(mission_mode)
[17.167s] Level 1:colcon.colcon_core.environment:checking '/home/lorenzo/code/dynus_lite/dynus_lite_ws/install/mission_mode' for CMake module files
[17.178s] Level 1:colcon.colcon_core.environment:checking '/home/lorenzo/code/dynus_lite/dynus_lite_ws/install/mission_mode' for CMake config files
[17.179s] Level 1:colcon.colcon_core.shell:create_environment_hook('mission_mode', 'cmake_prefix_path')
[17.179s] INFO:colcon.colcon_core.shell:Creating environment hook '/home/lorenzo/code/dynus_lite/dynus_lite_ws/install/mission_mode/share/mission_mode/hook/cmake_prefix_path.ps1'
[17.180s] INFO:colcon.colcon_core.shell:Creating environment descriptor '/home/lorenzo/code/dynus_lite/dynus_lite_ws/install/mission_mode/share/mission_mode/hook/cmake_prefix_path.dsv'
[17.180s] INFO:colcon.colcon_core.shell:Creating environment hook '/home/lorenzo/code/dynus_lite/dynus_lite_ws/install/mission_mode/share/mission_mode/hook/cmake_prefix_path.sh'
[17.218s] Level 1:colcon.colcon_core.environment:checking '/home/lorenzo/code/dynus_lite/dynus_lite_ws/install/mission_mode/lib'
[17.218s] Level 1:colcon.colcon_core.shell:create_environment_hook('mission_mode', 'ld_library_path_lib')
[17.218s] INFO:colcon.colcon_core.shell:Creating environment hook '/home/lorenzo/code/dynus_lite/dynus_lite_ws/install/mission_mode/share/mission_mode/hook/ld_library_path_lib.ps1'
[17.219s] INFO:colcon.colcon_core.shell:Creating environment descriptor '/home/lorenzo/code/dynus_lite/dynus_lite_ws/install/mission_mode/share/mission_mode/hook/ld_library_path_lib.dsv'
[17.219s] INFO:colcon.colcon_core.shell:Creating environment hook '/home/lorenzo/code/dynus_lite/dynus_lite_ws/install/mission_mode/share/mission_mode/hook/ld_library_path_lib.sh'
[17.220s] Level 1:colcon.colcon_core.environment:checking '/home/lorenzo/code/dynus_lite/dynus_lite_ws/install/mission_mode/bin'
[17.220s] Level 1:colcon.colcon_core.environment:checking '/home/lorenzo/code/dynus_lite/dynus_lite_ws/install/mission_mode/lib/pkgconfig/mission_mode.pc'
[17.220s] Level 1:colcon.colcon_core.environment:checking '/home/lorenzo/code/dynus_lite/dynus_lite_ws/install/mission_mode/lib/python3.10/site-packages'
[17.221s] Level 1:colcon.colcon_core.environment:checking '/home/lorenzo/code/dynus_lite/dynus_lite_ws/install/mission_mode/bin'
[17.221s] INFO:colcon.colcon_core.shell:Creating package script '/home/lorenzo/code/dynus_lite/dynus_lite_ws/install/mission_mode/share/mission_mode/package.ps1'
[17.234s] INFO:colcon.colcon_core.shell:Creating package descriptor '/home/lorenzo/code/dynus_lite/dynus_lite_ws/install/mission_mode/share/mission_mode/package.dsv'
[17.238s] INFO:colcon.colcon_core.shell:Creating package script '/home/lorenzo/code/dynus_lite/dynus_lite_ws/install/mission_mode/share/mission_mode/package.sh'
[17.239s] INFO:colcon.colcon_core.shell:Creating package script '/home/lorenzo/code/dynus_lite/dynus_lite_ws/install/mission_mode/share/mission_mode/package.bash'
[17.239s] INFO:colcon.colcon_core.shell:Creating package script '/home/lorenzo/code/dynus_lite/dynus_lite_ws/install/mission_mode/share/mission_mode/package.zsh'
[17.242s] Level 1:colcon.colcon_core.environment:create_file_with_runtime_dependencies(/home/lorenzo/code/dynus_lite/dynus_lite_ws/install/mission_mode/share/colcon-core/packages/mission_mode)
[17.393s] Level 1:colcon.colcon_core.environment:create_environment_scripts_only(snapstack_msgs2)
[17.394s] Level 1:colcon.colcon_core.environment:checking '/home/lorenzo/code/dynus_lite/dynus_lite_ws/install/snapstack_msgs2' for CMake module files
[17.395s] Level 1:colcon.colcon_core.environment:checking '/home/lorenzo/code/dynus_lite/dynus_lite_ws/install/snapstack_msgs2' for CMake config files
[17.395s] Level 1:colcon.colcon_core.shell:create_environment_hook('snapstack_msgs2', 'cmake_prefix_path')
[17.396s] INFO:colcon.colcon_core.shell:Creating environment hook '/home/lorenzo/code/dynus_lite/dynus_lite_ws/install/snapstack_msgs2/share/snapstack_msgs2/hook/cmake_prefix_path.ps1'
[17.402s] INFO:colcon.colcon_core.shell:Creating environment descriptor '/home/lorenzo/code/dynus_lite/dynus_lite_ws/install/snapstack_msgs2/share/snapstack_msgs2/hook/cmake_prefix_path.dsv'
[17.402s] INFO:colcon.colcon_core.shell:Creating environment hook '/home/lorenzo/code/dynus_lite/dynus_lite_ws/install/snapstack_msgs2/share/snapstack_msgs2/hook/cmake_prefix_path.sh'
[17.408s] DEBUG:colcon.colcon_core.event_handler.log_command:Invoked command in '/home/lorenzo/code/dynus_lite/dynus_lite_ws/build/snapstack_msgs2' returned '0': CMAKE_PREFIX_PATH=${CMAKE_PREFIX_PATH}:/opt/ros/humble /usr/bin/cmake --install /home/lorenzo/code/dynus_lite/dynus_lite_ws/build/snapstack_msgs2
[17.411s] Level 1:colcon.colcon_core.environment:checking '/home/lorenzo/code/dynus_lite/dynus_lite_ws/install/snapstack_msgs2/lib'
[17.411s] Level 1:colcon.colcon_core.shell:create_environment_hook('snapstack_msgs2', 'ld_library_path_lib')
[17.411s] INFO:colcon.colcon_core.shell:Creating environment hook '/home/lorenzo/code/dynus_lite/dynus_lite_ws/install/snapstack_msgs2/share/snapstack_msgs2/hook/ld_library_path_lib.ps1'
[17.412s] INFO:colcon.colcon_core.shell:Creating environment descriptor '/home/lorenzo/code/dynus_lite/dynus_lite_ws/install/snapstack_msgs2/share/snapstack_msgs2/hook/ld_library_path_lib.dsv'
[17.413s] INFO:colcon.colcon_core.shell:Creating environment hook '/home/lorenzo/code/dynus_lite/dynus_lite_ws/install/snapstack_msgs2/share/snapstack_msgs2/hook/ld_library_path_lib.sh'
[17.413s] Level 1:colcon.colcon_core.environment:checking '/home/lorenzo/code/dynus_lite/dynus_lite_ws/install/snapstack_msgs2/bin'
[17.414s] Level 1:colcon.colcon_core.environment:checking '/home/lorenzo/code/dynus_lite/dynus_lite_ws/install/snapstack_msgs2/lib/pkgconfig/snapstack_msgs2.pc'
[17.417s] Level 1:colcon.colcon_core.environment:checking '/home/lorenzo/code/dynus_lite/dynus_lite_ws/install/snapstack_msgs2/lib/python3.10/site-packages'
[17.418s] Level 1:colcon.colcon_core.environment:checking '/home/lorenzo/code/dynus_lite/dynus_lite_ws/install/snapstack_msgs2/bin'
[17.418s] INFO:colcon.colcon_core.shell:Creating package script '/home/lorenzo/code/dynus_lite/dynus_lite_ws/install/snapstack_msgs2/share/snapstack_msgs2/package.ps1'
[17.423s] INFO:colcon.colcon_core.shell:Creating package descriptor '/home/lorenzo/code/dynus_lite/dynus_lite_ws/install/snapstack_msgs2/share/snapstack_msgs2/package.dsv'
[17.427s] INFO:colcon.colcon_core.shell:Creating package script '/home/lorenzo/code/dynus_lite/dynus_lite_ws/install/snapstack_msgs2/share/snapstack_msgs2/package.sh'
[17.428s] INFO:colcon.colcon_core.shell:Creating package script '/home/lorenzo/code/dynus_lite/dynus_lite_ws/install/snapstack_msgs2/share/snapstack_msgs2/package.bash'
[17.432s] INFO:colcon.colcon_core.shell:Creating package script '/home/lorenzo/code/dynus_lite/dynus_lite_ws/install/snapstack_msgs2/share/snapstack_msgs2/package.zsh'
[17.432s] Level 1:colcon.colcon_core.environment:create_file_with_runtime_dependencies(/home/lorenzo/code/dynus_lite/dynus_lite_ws/install/snapstack_msgs2/share/colcon-core/packages/snapstack_msgs2)
[17.433s] Level 1:colcon.colcon_core.environment:create_environment_scripts_only(snapstack_msgs2)
[17.438s] Level 1:colcon.colcon_core.environment:checking '/home/lorenzo/code/dynus_lite/dynus_lite_ws/install/snapstack_msgs2' for CMake module files
[17.439s] Level 1:colcon.colcon_core.environment:checking '/home/lorenzo/code/dynus_lite/dynus_lite_ws/install/snapstack_msgs2' for CMake config files
[17.439s] Level 1:colcon.colcon_core.shell:create_environment_hook('snapstack_msgs2', 'cmake_prefix_path')
[17.444s] INFO:colcon.colcon_core.shell:Creating environment hook '/home/lorenzo/code/dynus_lite/dynus_lite_ws/install/snapstack_msgs2/share/snapstack_msgs2/hook/cmake_prefix_path.ps1'
[17.447s] INFO:colcon.colcon_core.shell:Creating environment descriptor '/home/lorenzo/code/dynus_lite/dynus_lite_ws/install/snapstack_msgs2/share/snapstack_msgs2/hook/cmake_prefix_path.dsv'
[17.451s] INFO:colcon.colcon_core.shell:Creating environment hook '/home/lorenzo/code/dynus_lite/dynus_lite_ws/install/snapstack_msgs2/share/snapstack_msgs2/hook/cmake_prefix_path.sh'
[17.452s] Level 1:colcon.colcon_core.environment:checking '/home/lorenzo/code/dynus_lite/dynus_lite_ws/install/snapstack_msgs2/lib'
[17.452s] Level 1:colcon.colcon_core.shell:create_environment_hook('snapstack_msgs2', 'ld_library_path_lib')
[17.452s] INFO:colcon.colcon_core.shell:Creating environment hook '/home/lorenzo/code/dynus_lite/dynus_lite_ws/install/snapstack_msgs2/share/snapstack_msgs2/hook/ld_library_path_lib.ps1'
[17.456s] INFO:colcon.colcon_core.shell:Creating environment descriptor '/home/lorenzo/code/dynus_lite/dynus_lite_ws/install/snapstack_msgs2/share/snapstack_msgs2/hook/ld_library_path_lib.dsv'
[17.461s] INFO:colcon.colcon_core.shell:Creating environment hook '/home/lorenzo/code/dynus_lite/dynus_lite_ws/install/snapstack_msgs2/share/snapstack_msgs2/hook/ld_library_path_lib.sh'
[17.461s] Level 1:colcon.colcon_core.environment:checking '/home/lorenzo/code/dynus_lite/dynus_lite_ws/install/snapstack_msgs2/bin'
[17.462s] Level 1:colcon.colcon_core.environment:checking '/home/lorenzo/code/dynus_lite/dynus_lite_ws/install/snapstack_msgs2/lib/pkgconfig/snapstack_msgs2.pc'
[17.462s] Level 1:colcon.colcon_core.environment:checking '/home/lorenzo/code/dynus_lite/dynus_lite_ws/install/snapstack_msgs2/lib/python3.10/site-packages'
[17.463s] Level 1:colcon.colcon_core.environment:checking '/home/lorenzo/code/dynus_lite/dynus_lite_ws/install/snapstack_msgs2/bin'
[17.463s] INFO:colcon.colcon_core.shell:Creating package script '/home/lorenzo/code/dynus_lite/dynus_lite_ws/install/snapstack_msgs2/share/snapstack_msgs2/package.ps1'
[17.471s] INFO:colcon.colcon_core.shell:Creating package descriptor '/home/lorenzo/code/dynus_lite/dynus_lite_ws/install/snapstack_msgs2/share/snapstack_msgs2/package.dsv'
[17.472s] INFO:colcon.colcon_core.shell:Creating package script '/home/lorenzo/code/dynus_lite/dynus_lite_ws/install/snapstack_msgs2/share/snapstack_msgs2/package.sh'
[17.476s] INFO:colcon.colcon_core.shell:Creating package script '/home/lorenzo/code/dynus_lite/dynus_lite_ws/install/snapstack_msgs2/share/snapstack_msgs2/package.bash'
[17.480s] INFO:colcon.colcon_core.shell:Creating package script '/home/lorenzo/code/dynus_lite/dynus_lite_ws/install/snapstack_msgs2/share/snapstack_msgs2/package.zsh'
[17.481s] Level 1:colcon.colcon_core.environment:create_file_with_runtime_dependencies(/home/lorenzo/code/dynus_lite/dynus_lite_ws/install/snapstack_msgs2/share/colcon-core/packages/snapstack_msgs2)
[44.896s] DEBUG:colcon.colcon_core.event_handler.log_command:Invoked command in '/home/lorenzo/code/dynus_lite/dynus_lite_ws/build/dynus_interfaces' returned '0': CMAKE_PREFIX_PATH=${CMAKE_PREFIX_PATH}:/opt/ros/humble /usr/bin/cmake --build /home/lorenzo/code/dynus_lite/dynus_lite_ws/build/dynus_interfaces -- -j8 -l8
[44.899s] DEBUG:colcon.colcon_core.event_handler.log_command:Invoking command in '/home/lorenzo/code/dynus_lite/dynus_lite_ws/build/dynus_interfaces': CMAKE_PREFIX_PATH=${CMAKE_PREFIX_PATH}:/opt/ros/humble /usr/bin/cmake --install /home/lorenzo/code/dynus_lite/dynus_lite_ws/build/dynus_interfaces
[45.168s] Level 1:colcon.colcon_core.environment:create_environment_scripts_only(dynus_interfaces)
[45.169s] Level 1:colcon.colcon_core.environment:checking '/home/lorenzo/code/dynus_lite/dynus_lite_ws/install/dynus_interfaces' for CMake module files
[45.170s] DEBUG:colcon.colcon_core.event_handler.log_command:Invoked command in '/home/lorenzo/code/dynus_lite/dynus_lite_ws/build/dynus_interfaces' returned '0': CMAKE_PREFIX_PATH=${CMAKE_PREFIX_PATH}:/opt/ros/humble /usr/bin/cmake --install /home/lorenzo/code/dynus_lite/dynus_lite_ws/build/dynus_interfaces
[45.171s] Level 1:colcon.colcon_core.environment:checking '/home/lorenzo/code/dynus_lite/dynus_lite_ws/install/dynus_interfaces' for CMake config files
[45.172s] Level 1:colcon.colcon_core.shell:create_environment_hook('dynus_interfaces', 'cmake_prefix_path')
[45.173s] INFO:colcon.colcon_core.shell:Creating environment hook '/home/lorenzo/code/dynus_lite/dynus_lite_ws/install/dynus_interfaces/share/dynus_interfaces/hook/cmake_prefix_path.ps1'
[45.173s] INFO:colcon.colcon_core.shell:Creating environment descriptor '/home/lorenzo/code/dynus_lite/dynus_lite_ws/install/dynus_interfaces/share/dynus_interfaces/hook/cmake_prefix_path.dsv'
[45.174s] INFO:colcon.colcon_core.shell:Creating environment hook '/home/lorenzo/code/dynus_lite/dynus_lite_ws/install/dynus_interfaces/share/dynus_interfaces/hook/cmake_prefix_path.sh'
[45.175s] Level 1:colcon.colcon_core.environment:checking '/home/lorenzo/code/dynus_lite/dynus_lite_ws/install/dynus_interfaces/lib'
[45.175s] Level 1:colcon.colcon_core.shell:create_environment_hook('dynus_interfaces', 'ld_library_path_lib')
[45.176s] INFO:colcon.colcon_core.shell:Creating environment hook '/home/lorenzo/code/dynus_lite/dynus_lite_ws/install/dynus_interfaces/share/dynus_interfaces/hook/ld_library_path_lib.ps1'
[45.177s] INFO:colcon.colcon_core.shell:Creating environment descriptor '/home/lorenzo/code/dynus_lite/dynus_lite_ws/install/dynus_interfaces/share/dynus_interfaces/hook/ld_library_path_lib.dsv'
[45.177s] INFO:colcon.colcon_core.shell:Creating environment hook '/home/lorenzo/code/dynus_lite/dynus_lite_ws/install/dynus_interfaces/share/dynus_interfaces/hook/ld_library_path_lib.sh'
[45.178s] Level 1:colcon.colcon_core.environment:checking '/home/lorenzo/code/dynus_lite/dynus_lite_ws/install/dynus_interfaces/bin'
[45.178s] Level 1:colcon.colcon_core.environment:checking '/home/lorenzo/code/dynus_lite/dynus_lite_ws/install/dynus_interfaces/lib/pkgconfig/dynus_interfaces.pc'
[45.179s] Level 1:colcon.colcon_core.environment:checking '/home/lorenzo/code/dynus_lite/dynus_lite_ws/install/dynus_interfaces/lib/python3.10/site-packages'
[45.179s] Level 1:colcon.colcon_core.environment:checking '/home/lorenzo/code/dynus_lite/dynus_lite_ws/install/dynus_interfaces/bin'
[45.180s] INFO:colcon.colcon_core.shell:Creating package script '/home/lorenzo/code/dynus_lite/dynus_lite_ws/install/dynus_interfaces/share/dynus_interfaces/package.ps1'
[45.181s] INFO:colcon.colcon_core.shell:Creating package descriptor '/home/lorenzo/code/dynus_lite/dynus_lite_ws/install/dynus_interfaces/share/dynus_interfaces/package.dsv'
[45.182s] INFO:colcon.colcon_core.shell:Creating package script '/home/lorenzo/code/dynus_lite/dynus_lite_ws/install/dynus_interfaces/share/dynus_interfaces/package.sh'
[45.183s] INFO:colcon.colcon_core.shell:Creating package script '/home/lorenzo/code/dynus_lite/dynus_lite_ws/install/dynus_interfaces/share/dynus_interfaces/package.bash'
[45.183s] INFO:colcon.colcon_core.shell:Creating package script '/home/lorenzo/code/dynus_lite/dynus_lite_ws/install/dynus_interfaces/share/dynus_interfaces/package.zsh'
[45.184s] Level 1:colcon.colcon_core.environment:create_file_with_runtime_dependencies(/home/lorenzo/code/dynus_lite/dynus_lite_ws/install/dynus_interfaces/share/colcon-core/packages/dynus_interfaces)
[45.185s] Level 1:colcon.colcon_core.environment:create_environment_scripts_only(dynus_interfaces)
[45.186s] Level 1:colcon.colcon_core.environment:checking '/home/lorenzo/code/dynus_lite/dynus_lite_ws/install/dynus_interfaces' for CMake module files
[45.187s] Level 1:colcon.colcon_core.environment:checking '/home/lorenzo/code/dynus_lite/dynus_lite_ws/install/dynus_interfaces' for CMake config files
[45.188s] Level 1:colcon.colcon_core.shell:create_environment_hook('dynus_interfaces', 'cmake_prefix_path')
[45.188s] INFO:colcon.colcon_core.shell:Creating environment hook '/home/lorenzo/code/dynus_lite/dynus_lite_ws/install/dynus_interfaces/share/dynus_interfaces/hook/cmake_prefix_path.ps1'
[45.189s] INFO:colcon.colcon_core.shell:Creating environment descriptor '/home/lorenzo/code/dynus_lite/dynus_lite_ws/install/dynus_interfaces/share/dynus_interfaces/hook/cmake_prefix_path.dsv'
[45.190s] INFO:colcon.colcon_core.shell:Creating environment hook '/home/lorenzo/code/dynus_lite/dynus_lite_ws/install/dynus_interfaces/share/dynus_interfaces/hook/cmake_prefix_path.sh'
[45.191s] Level 1:colcon.colcon_core.environment:checking '/home/lorenzo/code/dynus_lite/dynus_lite_ws/install/dynus_interfaces/lib'
[45.191s] Level 1:colcon.colcon_core.shell:create_environment_hook('dynus_interfaces', 'ld_library_path_lib')
[45.192s] INFO:colcon.colcon_core.shell:Creating environment hook '/home/lorenzo/code/dynus_lite/dynus_lite_ws/install/dynus_interfaces/share/dynus_interfaces/hook/ld_library_path_lib.ps1'
[45.192s] INFO:colcon.colcon_core.shell:Creating environment descriptor '/home/lorenzo/code/dynus_lite/dynus_lite_ws/install/dynus_interfaces/share/dynus_interfaces/hook/ld_library_path_lib.dsv'
[45.193s] INFO:colcon.colcon_core.shell:Creating environment hook '/home/lorenzo/code/dynus_lite/dynus_lite_ws/install/dynus_interfaces/share/dynus_interfaces/hook/ld_library_path_lib.sh'
[45.194s] Level 1:colcon.colcon_core.environment:checking '/home/lorenzo/code/dynus_lite/dynus_lite_ws/install/dynus_interfaces/bin'
[45.194s] Level 1:colcon.colcon_core.environment:checking '/home/lorenzo/code/dynus_lite/dynus_lite_ws/install/dynus_interfaces/lib/pkgconfig/dynus_interfaces.pc'
[45.194s] Level 1:colcon.colcon_core.environment:checking '/home/lorenzo/code/dynus_lite/dynus_lite_ws/install/dynus_interfaces/lib/python3.10/site-packages'
[45.195s] Level 1:colcon.colcon_core.environment:checking '/home/lorenzo/code/dynus_lite/dynus_lite_ws/install/dynus_interfaces/bin'
[45.196s] INFO:colcon.colcon_core.shell:Creating package script '/home/lorenzo/code/dynus_lite/dynus_lite_ws/install/dynus_interfaces/share/dynus_interfaces/package.ps1'
[45.197s] INFO:colcon.colcon_core.shell:Creating package descriptor '/home/lorenzo/code/dynus_lite/dynus_lite_ws/install/dynus_interfaces/share/dynus_interfaces/package.dsv'
[45.198s] INFO:colcon.colcon_core.shell:Creating package script '/home/lorenzo/code/dynus_lite/dynus_lite_ws/install/dynus_interfaces/share/dynus_interfaces/package.sh'
[45.199s] INFO:colcon.colcon_core.shell:Creating package script '/home/lorenzo/code/dynus_lite/dynus_lite_ws/install/dynus_interfaces/share/dynus_interfaces/package.bash'
[45.200s] INFO:colcon.colcon_core.shell:Creating package script '/home/lorenzo/code/dynus_lite/dynus_lite_ws/install/dynus_interfaces/share/dynus_interfaces/package.zsh'
[45.201s] Level 1:colcon.colcon_core.environment:create_file_with_runtime_dependencies(/home/lorenzo/code/dynus_lite/dynus_lite_ws/install/dynus_interfaces/share/colcon-core/packages/dynus_interfaces)
[88.227s] DEBUG:colcon.colcon_core.event_handler.log_command:Invoked command in '/home/lorenzo/code/dynus_lite/dynus_lite_ws/build/octomap_rviz_plugins' returned '0': CMAKE_PREFIX_PATH=${CMAKE_PREFIX_PATH}:/opt/ros/humble /usr/bin/cmake --build /home/lorenzo/code/dynus_lite/dynus_lite_ws/build/octomap_rviz_plugins -- -j8 -l8
[88.228s] DEBUG:colcon.colcon_core.event_handler.log_command:Invoking command in '/home/lorenzo/code/dynus_lite/dynus_lite_ws/build/octomap_rviz_plugins': CMAKE_PREFIX_PATH=${CMAKE_PREFIX_PATH}:/opt/ros/humble /usr/bin/cmake --install /home/lorenzo/code/dynus_lite/dynus_lite_ws/build/octomap_rviz_plugins
[88.313s] Level 1:colcon.colcon_core.environment:create_environment_scripts_only(octomap_rviz_plugins)
[88.313s] Level 1:colcon.colcon_core.environment:checking '/home/lorenzo/code/dynus_lite/dynus_lite_ws/install/octomap_rviz_plugins' for CMake module files
[88.314s] DEBUG:colcon.colcon_core.event_handler.log_command:Invoked command in '/home/lorenzo/code/dynus_lite/dynus_lite_ws/build/octomap_rviz_plugins' returned '0': CMAKE_PREFIX_PATH=${CMAKE_PREFIX_PATH}:/opt/ros/humble /usr/bin/cmake --install /home/lorenzo/code/dynus_lite/dynus_lite_ws/build/octomap_rviz_plugins
[88.316s] Level 1:colcon.colcon_core.environment:checking '/home/lorenzo/code/dynus_lite/dynus_lite_ws/install/octomap_rviz_plugins' for CMake config files
[88.317s] Level 1:colcon.colcon_core.shell:create_environment_hook('octomap_rviz_plugins', 'cmake_prefix_path')
[88.321s] INFO:colcon.colcon_core.shell:Creating environment hook '/home/lorenzo/code/dynus_lite/dynus_lite_ws/install/octomap_rviz_plugins/share/octomap_rviz_plugins/hook/cmake_prefix_path.ps1'
[88.322s] INFO:colcon.colcon_core.shell:Creating environment descriptor '/home/lorenzo/code/dynus_lite/dynus_lite_ws/install/octomap_rviz_plugins/share/octomap_rviz_plugins/hook/cmake_prefix_path.dsv'
[88.322s] INFO:colcon.colcon_core.shell:Creating environment hook '/home/lorenzo/code/dynus_lite/dynus_lite_ws/install/octomap_rviz_plugins/share/octomap_rviz_plugins/hook/cmake_prefix_path.sh'
[88.323s] Level 1:colcon.colcon_core.environment:checking '/home/lorenzo/code/dynus_lite/dynus_lite_ws/install/octomap_rviz_plugins/lib'
[88.324s] Level 1:colcon.colcon_core.shell:create_environment_hook('octomap_rviz_plugins', 'ld_library_path_lib')
[88.324s] INFO:colcon.colcon_core.shell:Creating environment hook '/home/lorenzo/code/dynus_lite/dynus_lite_ws/install/octomap_rviz_plugins/share/octomap_rviz_plugins/hook/ld_library_path_lib.ps1'
[88.328s] INFO:colcon.colcon_core.shell:Creating environment descriptor '/home/lorenzo/code/dynus_lite/dynus_lite_ws/install/octomap_rviz_plugins/share/octomap_rviz_plugins/hook/ld_library_path_lib.dsv'
[88.329s] INFO:colcon.colcon_core.shell:Creating environment hook '/home/lorenzo/code/dynus_lite/dynus_lite_ws/install/octomap_rviz_plugins/share/octomap_rviz_plugins/hook/ld_library_path_lib.sh'
[88.330s] Level 1:colcon.colcon_core.environment:checking '/home/lorenzo/code/dynus_lite/dynus_lite_ws/install/octomap_rviz_plugins/bin'
[88.330s] Level 1:colcon.colcon_core.environment:checking '/home/lorenzo/code/dynus_lite/dynus_lite_ws/install/octomap_rviz_plugins/lib/pkgconfig/octomap_rviz_plugins.pc'
[88.334s] Level 1:colcon.colcon_core.environment:checking '/home/lorenzo/code/dynus_lite/dynus_lite_ws/install/octomap_rviz_plugins/lib/python3.10/site-packages'
[88.335s] Level 1:colcon.colcon_core.environment:checking '/home/lorenzo/code/dynus_lite/dynus_lite_ws/install/octomap_rviz_plugins/bin'
[88.336s] INFO:colcon.colcon_core.shell:Creating package script '/home/lorenzo/code/dynus_lite/dynus_lite_ws/install/octomap_rviz_plugins/share/octomap_rviz_plugins/package.ps1'
[88.341s] INFO:colcon.colcon_core.shell:Creating package descriptor '/home/lorenzo/code/dynus_lite/dynus_lite_ws/install/octomap_rviz_plugins/share/octomap_rviz_plugins/package.dsv'
[88.342s] INFO:colcon.colcon_core.shell:Creating package script '/home/lorenzo/code/dynus_lite/dynus_lite_ws/install/octomap_rviz_plugins/share/octomap_rviz_plugins/package.sh'
[88.343s] INFO:colcon.colcon_core.shell:Creating package script '/home/lorenzo/code/dynus_lite/dynus_lite_ws/install/octomap_rviz_plugins/share/octomap_rviz_plugins/package.bash'
[88.343s] INFO:colcon.colcon_core.shell:Creating package script '/home/lorenzo/code/dynus_lite/dynus_lite_ws/install/octomap_rviz_plugins/share/octomap_rviz_plugins/package.zsh'
[88.347s] Level 1:colcon.colcon_core.environment:create_file_with_runtime_dependencies(/home/lorenzo/code/dynus_lite/dynus_lite_ws/install/octomap_rviz_plugins/share/colcon-core/packages/octomap_rviz_plugins)
[88.349s] Level 1:colcon.colcon_core.environment:create_environment_scripts_only(octomap_rviz_plugins)
[88.349s] Level 1:colcon.colcon_core.environment:checking '/home/lorenzo/code/dynus_lite/dynus_lite_ws/install/octomap_rviz_plugins' for CMake module files
[88.354s] Level 1:colcon.colcon_core.environment:checking '/home/lorenzo/code/dynus_lite/dynus_lite_ws/install/octomap_rviz_plugins' for CMake config files
[88.354s] Level 1:colcon.colcon_core.shell:create_environment_hook('octomap_rviz_plugins', 'cmake_prefix_path')
[88.355s] INFO:colcon.colcon_core.shell:Creating environment hook '/home/lorenzo/code/dynus_lite/dynus_lite_ws/install/octomap_rviz_plugins/share/octomap_rviz_plugins/hook/cmake_prefix_path.ps1'
[88.359s] INFO:colcon.colcon_core.shell:Creating environment descriptor '/home/lorenzo/code/dynus_lite/dynus_lite_ws/install/octomap_rviz_plugins/share/octomap_rviz_plugins/hook/cmake_prefix_path.dsv'
[88.360s] INFO:colcon.colcon_core.shell:Creating environment hook '/home/lorenzo/code/dynus_lite/dynus_lite_ws/install/octomap_rviz_plugins/share/octomap_rviz_plugins/hook/cmake_prefix_path.sh'
[88.361s] Level 1:colcon.colcon_core.environment:checking '/home/lorenzo/code/dynus_lite/dynus_lite_ws/install/octomap_rviz_plugins/lib'
[88.361s] Level 1:colcon.colcon_core.shell:create_environment_hook('octomap_rviz_plugins', 'ld_library_path_lib')
[88.365s] INFO:colcon.colcon_core.shell:Creating environment hook '/home/lorenzo/code/dynus_lite/dynus_lite_ws/install/octomap_rviz_plugins/share/octomap_rviz_plugins/hook/ld_library_path_lib.ps1'
[88.366s] INFO:colcon.colcon_core.shell:Creating environment descriptor '/home/lorenzo/code/dynus_lite/dynus_lite_ws/install/octomap_rviz_plugins/share/octomap_rviz_plugins/hook/ld_library_path_lib.dsv'
[88.367s] INFO:colcon.colcon_core.shell:Creating environment hook '/home/lorenzo/code/dynus_lite/dynus_lite_ws/install/octomap_rviz_plugins/share/octomap_rviz_plugins/hook/ld_library_path_lib.sh'
[88.371s] Level 1:colcon.colcon_core.environment:checking '/home/lorenzo/code/dynus_lite/dynus_lite_ws/install/octomap_rviz_plugins/bin'
[88.371s] Level 1:colcon.colcon_core.environment:checking '/home/lorenzo/code/dynus_lite/dynus_lite_ws/install/octomap_rviz_plugins/lib/pkgconfig/octomap_rviz_plugins.pc'
[88.371s] Level 1:colcon.colcon_core.environment:checking '/home/lorenzo/code/dynus_lite/dynus_lite_ws/install/octomap_rviz_plugins/lib/python3.10/site-packages'
[88.372s] Level 1:colcon.colcon_core.environment:checking '/home/lorenzo/code/dynus_lite/dynus_lite_ws/install/octomap_rviz_plugins/bin'
[88.373s] INFO:colcon.colcon_core.shell:Creating package script '/home/lorenzo/code/dynus_lite/dynus_lite_ws/install/octomap_rviz_plugins/share/octomap_rviz_plugins/package.ps1'
[88.378s] INFO:colcon.colcon_core.shell:Creating package descriptor '/home/lorenzo/code/dynus_lite/dynus_lite_ws/install/octomap_rviz_plugins/share/octomap_rviz_plugins/package.dsv'
[88.382s] INFO:colcon.colcon_core.shell:Creating package script '/home/lorenzo/code/dynus_lite/dynus_lite_ws/install/octomap_rviz_plugins/share/octomap_rviz_plugins/package.sh'
[88.383s] INFO:colcon.colcon_core.shell:Creating package script '/home/lorenzo/code/dynus_lite/dynus_lite_ws/install/octomap_rviz_plugins/share/octomap_rviz_plugins/package.bash'
[88.384s] INFO:colcon.colcon_core.shell:Creating package script '/home/lorenzo/code/dynus_lite/dynus_lite_ws/install/octomap_rviz_plugins/share/octomap_rviz_plugins/package.zsh'
[88.389s] Level 1:colcon.colcon_core.environment:create_file_with_runtime_dependencies(/home/lorenzo/code/dynus_lite/dynus_lite_ws/install/octomap_rviz_plugins/share/colcon-core/packages/octomap_rviz_plugins)
[109.393s] DEBUG:colcon.colcon_core.event_handler.log_command:Invoked command in '/home/lorenzo/code/dynus_lite/dynus_lite_ws/build/trajectory_generator_ros2' returned '0': CMAKE_PREFIX_PATH=${CMAKE_PREFIX_PATH}:/opt/ros/humble /usr/bin/cmake --build /home/lorenzo/code/dynus_lite/dynus_lite_ws/build/trajectory_generator_ros2 -- -j8 -l8
[109.394s] DEBUG:colcon.colcon_core.event_handler.log_command:Invoking command in '/home/lorenzo/code/dynus_lite/dynus_lite_ws/build/trajectory_generator_ros2': CMAKE_PREFIX_PATH=${CMAKE_PREFIX_PATH}:/opt/ros/humble /usr/bin/cmake --install /home/lorenzo/code/dynus_lite/dynus_lite_ws/build/trajectory_generator_ros2
[109.422s] Level 1:colcon.colcon_core.environment:create_environment_scripts_only(trajectory_generator_ros2)
[109.422s] Level 1:colcon.colcon_core.environment:checking '/home/lorenzo/code/dynus_lite/dynus_lite_ws/install/trajectory_generator_ros2' for CMake module files
[109.423s] Level 1:colcon.colcon_core.environment:checking '/home/lorenzo/code/dynus_lite/dynus_lite_ws/install/trajectory_generator_ros2' for CMake config files
[109.424s] Level 1:colcon.colcon_core.shell:create_environment_hook('trajectory_generator_ros2', 'cmake_prefix_path')
[109.424s] INFO:colcon.colcon_core.shell:Creating environment hook '/home/lorenzo/code/dynus_lite/dynus_lite_ws/install/trajectory_generator_ros2/share/trajectory_generator_ros2/hook/cmake_prefix_path.ps1'
[109.425s] INFO:colcon.colcon_core.shell:Creating environment descriptor '/home/lorenzo/code/dynus_lite/dynus_lite_ws/install/trajectory_generator_ros2/share/trajectory_generator_ros2/hook/cmake_prefix_path.dsv'
[109.425s] INFO:colcon.colcon_core.shell:Creating environment hook '/home/lorenzo/code/dynus_lite/dynus_lite_ws/install/trajectory_generator_ros2/share/trajectory_generator_ros2/hook/cmake_prefix_path.sh'
[109.426s] DEBUG:colcon.colcon_core.event_handler.log_command:Invoked command in '/home/lorenzo/code/dynus_lite/dynus_lite_ws/build/trajectory_generator_ros2' returned '0': CMAKE_PREFIX_PATH=${CMAKE_PREFIX_PATH}:/opt/ros/humble /usr/bin/cmake --install /home/lorenzo/code/dynus_lite/dynus_lite_ws/build/trajectory_generator_ros2
[109.426s] Level 1:colcon.colcon_core.environment:checking '/home/lorenzo/code/dynus_lite/dynus_lite_ws/install/trajectory_generator_ros2/lib'
[109.427s] Level 1:colcon.colcon_core.environment:checking '/home/lorenzo/code/dynus_lite/dynus_lite_ws/install/trajectory_generator_ros2/bin'
[109.427s] Level 1:colcon.colcon_core.environment:checking '/home/lorenzo/code/dynus_lite/dynus_lite_ws/install/trajectory_generator_ros2/lib/pkgconfig/trajectory_generator_ros2.pc'
[109.427s] Level 1:colcon.colcon_core.environment:checking '/home/lorenzo/code/dynus_lite/dynus_lite_ws/install/trajectory_generator_ros2/lib/python3.10/site-packages'
[109.428s] Level 1:colcon.colcon_core.environment:checking '/home/lorenzo/code/dynus_lite/dynus_lite_ws/install/trajectory_generator_ros2/bin'
[109.428s] INFO:colcon.colcon_core.shell:Creating package script '/home/lorenzo/code/dynus_lite/dynus_lite_ws/install/trajectory_generator_ros2/share/trajectory_generator_ros2/package.ps1'
[109.429s] INFO:colcon.colcon_core.shell:Creating package descriptor '/home/lorenzo/code/dynus_lite/dynus_lite_ws/install/trajectory_generator_ros2/share/trajectory_generator_ros2/package.dsv'
[109.429s] INFO:colcon.colcon_core.shell:Creating package script '/home/lorenzo/code/dynus_lite/dynus_lite_ws/install/trajectory_generator_ros2/share/trajectory_generator_ros2/package.sh'
[109.430s] INFO:colcon.colcon_core.shell:Creating package script '/home/lorenzo/code/dynus_lite/dynus_lite_ws/install/trajectory_generator_ros2/share/trajectory_generator_ros2/package.bash'
[109.431s] INFO:colcon.colcon_core.shell:Creating package script '/home/lorenzo/code/dynus_lite/dynus_lite_ws/install/trajectory_generator_ros2/share/trajectory_generator_ros2/package.zsh'
[109.431s] Level 1:colcon.colcon_core.environment:create_file_with_runtime_dependencies(/home/lorenzo/code/dynus_lite/dynus_lite_ws/install/trajectory_generator_ros2/share/colcon-core/packages/trajectory_generator_ros2)
[109.432s] Level 1:colcon.colcon_core.environment:create_environment_scripts_only(trajectory_generator_ros2)
[109.432s] Level 1:colcon.colcon_core.environment:checking '/home/lorenzo/code/dynus_lite/dynus_lite_ws/install/trajectory_generator_ros2' for CMake module files
[109.433s] Level 1:colcon.colcon_core.environment:checking '/home/lorenzo/code/dynus_lite/dynus_lite_ws/install/trajectory_generator_ros2' for CMake config files
[109.433s] Level 1:colcon.colcon_core.shell:create_environment_hook('trajectory_generator_ros2', 'cmake_prefix_path')
[109.434s] INFO:colcon.colcon_core.shell:Creating environment hook '/home/lorenzo/code/dynus_lite/dynus_lite_ws/install/trajectory_generator_ros2/share/trajectory_generator_ros2/hook/cmake_prefix_path.ps1'
[109.435s] INFO:colcon.colcon_core.shell:Creating environment descriptor '/home/lorenzo/code/dynus_lite/dynus_lite_ws/install/trajectory_generator_ros2/share/trajectory_generator_ros2/hook/cmake_prefix_path.dsv'
[109.435s] INFO:colcon.colcon_core.shell:Creating environment hook '/home/lorenzo/code/dynus_lite/dynus_lite_ws/install/trajectory_generator_ros2/share/trajectory_generator_ros2/hook/cmake_prefix_path.sh'
[109.436s] Level 1:colcon.colcon_core.environment:checking '/home/lorenzo/code/dynus_lite/dynus_lite_ws/install/trajectory_generator_ros2/lib'
[109.436s] Level 1:colcon.colcon_core.environment:checking '/home/lorenzo/code/dynus_lite/dynus_lite_ws/install/trajectory_generator_ros2/bin'
[109.436s] Level 1:colcon.colcon_core.environment:checking '/home/lorenzo/code/dynus_lite/dynus_lite_ws/install/trajectory_generator_ros2/lib/pkgconfig/trajectory_generator_ros2.pc'
[109.437s] Level 1:colcon.colcon_core.environment:checking '/home/lorenzo/code/dynus_lite/dynus_lite_ws/install/trajectory_generator_ros2/lib/python3.10/site-packages'
[109.437s] Level 1:colcon.colcon_core.environment:checking '/home/lorenzo/code/dynus_lite/dynus_lite_ws/install/trajectory_generator_ros2/bin'
[109.438s] INFO:colcon.colcon_core.shell:Creating package script '/home/lorenzo/code/dynus_lite/dynus_lite_ws/install/trajectory_generator_ros2/share/trajectory_generator_ros2/package.ps1'
[109.439s] INFO:colcon.colcon_core.shell:Creating package descriptor '/home/lorenzo/code/dynus_lite/dynus_lite_ws/install/trajectory_generator_ros2/share/trajectory_generator_ros2/package.dsv'
[109.439s] INFO:colcon.colcon_core.shell:Creating package script '/home/lorenzo/code/dynus_lite/dynus_lite_ws/install/trajectory_generator_ros2/share/trajectory_generator_ros2/package.sh'
[109.440s] INFO:colcon.colcon_core.shell:Creating package script '/home/lorenzo/code/dynus_lite/dynus_lite_ws/install/trajectory_generator_ros2/share/trajectory_generator_ros2/package.bash'
[109.441s] INFO:colcon.colcon_core.shell:Creating package script '/home/lorenzo/code/dynus_lite/dynus_lite_ws/install/trajectory_generator_ros2/share/trajectory_generator_ros2/package.zsh'
[109.442s] Level 1:colcon.colcon_core.environment:create_file_with_runtime_dependencies(/home/lorenzo/code/dynus_lite/dynus_lite_ws/install/trajectory_generator_ros2/share/colcon-core/packages/trajectory_generator_ros2)
[113.106s] DEBUG:colcon.colcon_core.event_handler.log_command:Invoked command in '/home/lorenzo/code/dynus_lite/dynus_lite_ws/build/decomp_rviz_plugins' returned '0': CMAKE_PREFIX_PATH=/home/lorenzo/code/dynus_lite/dynus_lite_ws/install/decomp_ros_msgs:/home/lorenzo/code/dynus_lite/dynus_lite_ws/install/livox_ros_driver2:/home/lorenzo/code/dynus_lite/dynus_lite_ws/install/snapstack_msgs2:/home/lorenzo/code/dynus_lite/dynus_lite_ws/install/decomp_util:/opt/openrobots:/opt/ros/humble LD_LIBRARY_PATH=/home/lorenzo/code/dynus_lite/dynus_lite_ws/install/decomp_ros_msgs/lib:/home/lorenzo/code/dynus_lite/dynus_lite_ws/install/livox_ros_driver2/lib:/home/lorenzo/code/dynus_lite/dynus_lite_ws/install/snapstack_msgs2/lib:/opt/gurobi1103/linux64/lib:/usr/lib/x86_64-linux-gnu/gazebo-11/plugins:/opt/ros/humble/opt/rviz_ogre_vendor/lib:/opt/ros/humble/lib/x86_64-linux-gnu:/home/lorenzo/code/decomp_ws/install/decomp_ros_msgs/lib:/opt/ros/humble/lib:/home/lorenzo/code/livox_ws/install/livox_ros_driver2/lib:/opt/gurobi1103/linux64/lib /usr/bin/cmake --build /home/lorenzo/code/dynus_lite/dynus_lite_ws/build/decomp_rviz_plugins -- -j8 -l8
[113.108s] DEBUG:colcon.colcon_core.event_handler.log_command:Invoking command in '/home/lorenzo/code/dynus_lite/dynus_lite_ws/build/decomp_rviz_plugins': CMAKE_PREFIX_PATH=/home/lorenzo/code/dynus_lite/dynus_lite_ws/install/decomp_ros_msgs:/home/lorenzo/code/dynus_lite/dynus_lite_ws/install/livox_ros_driver2:/home/lorenzo/code/dynus_lite/dynus_lite_ws/install/snapstack_msgs2:/home/lorenzo/code/dynus_lite/dynus_lite_ws/install/decomp_util:/opt/openrobots:/opt/ros/humble LD_LIBRARY_PATH=/home/lorenzo/code/dynus_lite/dynus_lite_ws/install/decomp_ros_msgs/lib:/home/lorenzo/code/dynus_lite/dynus_lite_ws/install/livox_ros_driver2/lib:/home/lorenzo/code/dynus_lite/dynus_lite_ws/install/snapstack_msgs2/lib:/opt/gurobi1103/linux64/lib:/usr/lib/x86_64-linux-gnu/gazebo-11/plugins:/opt/ros/humble/opt/rviz_ogre_vendor/lib:/opt/ros/humble/lib/x86_64-linux-gnu:/home/lorenzo/code/decomp_ws/install/decomp_ros_msgs/lib:/opt/ros/humble/lib:/home/lorenzo/code/livox_ws/install/livox_ros_driver2/lib:/opt/gurobi1103/linux64/lib /usr/bin/cmake --install /home/lorenzo/code/dynus_lite/dynus_lite_ws/build/decomp_rviz_plugins
[113.129s] Level 1:colcon.colcon_core.environment:create_environment_scripts_only(decomp_rviz_plugins)
[113.129s] Level 1:colcon.colcon_core.environment:checking '/home/lorenzo/code/dynus_lite/dynus_lite_ws/install/decomp_rviz_plugins' for CMake module files
[113.130s] DEBUG:colcon.colcon_core.event_handler.log_command:Invoked command in '/home/lorenzo/code/dynus_lite/dynus_lite_ws/build/decomp_rviz_plugins' returned '0': CMAKE_PREFIX_PATH=/home/lorenzo/code/dynus_lite/dynus_lite_ws/install/decomp_ros_msgs:/home/lorenzo/code/dynus_lite/dynus_lite_ws/install/livox_ros_driver2:/home/lorenzo/code/dynus_lite/dynus_lite_ws/install/snapstack_msgs2:/home/lorenzo/code/dynus_lite/dynus_lite_ws/install/decomp_util:/opt/openrobots:/opt/ros/humble LD_LIBRARY_PATH=/home/lorenzo/code/dynus_lite/dynus_lite_ws/install/decomp_ros_msgs/lib:/home/lorenzo/code/dynus_lite/dynus_lite_ws/install/livox_ros_driver2/lib:/home/lorenzo/code/dynus_lite/dynus_lite_ws/install/snapstack_msgs2/lib:/opt/gurobi1103/linux64/lib:/usr/lib/x86_64-linux-gnu/gazebo-11/plugins:/opt/ros/humble/opt/rviz_ogre_vendor/lib:/opt/ros/humble/lib/x86_64-linux-gnu:/home/lorenzo/code/decomp_ws/install/decomp_ros_msgs/lib:/opt/ros/humble/lib:/home/lorenzo/code/livox_ws/install/livox_ros_driver2/lib:/opt/gurobi1103/linux64/lib /usr/bin/cmake --install /home/lorenzo/code/dynus_lite/dynus_lite_ws/build/decomp_rviz_plugins
[113.130s] Level 1:colcon.colcon_core.environment:checking '/home/lorenzo/code/dynus_lite/dynus_lite_ws/install/decomp_rviz_plugins' for CMake config files
[113.131s] Level 1:colcon.colcon_core.shell:create_environment_hook('decomp_rviz_plugins', 'cmake_prefix_path')
[113.131s] INFO:colcon.colcon_core.shell:Creating environment hook '/home/lorenzo/code/dynus_lite/dynus_lite_ws/install/decomp_rviz_plugins/share/decomp_rviz_plugins/hook/cmake_prefix_path.ps1'
[113.132s] INFO:colcon.colcon_core.shell:Creating environment descriptor '/home/lorenzo/code/dynus_lite/dynus_lite_ws/install/decomp_rviz_plugins/share/decomp_rviz_plugins/hook/cmake_prefix_path.dsv'
[113.132s] INFO:colcon.colcon_core.shell:Creating environment hook '/home/lorenzo/code/dynus_lite/dynus_lite_ws/install/decomp_rviz_plugins/share/decomp_rviz_plugins/hook/cmake_prefix_path.sh'
[113.133s] Level 1:colcon.colcon_core.environment:checking '/home/lorenzo/code/dynus_lite/dynus_lite_ws/install/decomp_rviz_plugins/lib'
[113.133s] Level 1:colcon.colcon_core.shell:create_environment_hook('decomp_rviz_plugins', 'ld_library_path_lib')
[113.133s] INFO:colcon.colcon_core.shell:Creating environment hook '/home/lorenzo/code/dynus_lite/dynus_lite_ws/install/decomp_rviz_plugins/share/decomp_rviz_plugins/hook/ld_library_path_lib.ps1'
[113.134s] INFO:colcon.colcon_core.shell:Creating environment descriptor '/home/lorenzo/code/dynus_lite/dynus_lite_ws/install/decomp_rviz_plugins/share/decomp_rviz_plugins/hook/ld_library_path_lib.dsv'
[113.134s] INFO:colcon.colcon_core.shell:Creating environment hook '/home/lorenzo/code/dynus_lite/dynus_lite_ws/install/decomp_rviz_plugins/share/decomp_rviz_plugins/hook/ld_library_path_lib.sh'
[113.135s] Level 1:colcon.colcon_core.environment:checking '/home/lorenzo/code/dynus_lite/dynus_lite_ws/install/decomp_rviz_plugins/bin'
[113.135s] Level 1:colcon.colcon_core.environment:checking '/home/lorenzo/code/dynus_lite/dynus_lite_ws/install/decomp_rviz_plugins/lib/pkgconfig/decomp_rviz_plugins.pc'
[113.135s] Level 1:colcon.colcon_core.environment:checking '/home/lorenzo/code/dynus_lite/dynus_lite_ws/install/decomp_rviz_plugins/lib/python3.10/site-packages'
[113.136s] Level 1:colcon.colcon_core.environment:checking '/home/lorenzo/code/dynus_lite/dynus_lite_ws/install/decomp_rviz_plugins/bin'
[113.136s] INFO:colcon.colcon_core.shell:Creating package script '/home/lorenzo/code/dynus_lite/dynus_lite_ws/install/decomp_rviz_plugins/share/decomp_rviz_plugins/package.ps1'
[113.137s] INFO:colcon.colcon_core.shell:Creating package descriptor '/home/lorenzo/code/dynus_lite/dynus_lite_ws/install/decomp_rviz_plugins/share/decomp_rviz_plugins/package.dsv'
[113.137s] INFO:colcon.colcon_core.shell:Creating package script '/home/lorenzo/code/dynus_lite/dynus_lite_ws/install/decomp_rviz_plugins/share/decomp_rviz_plugins/package.sh'
[113.138s] INFO:colcon.colcon_core.shell:Creating package script '/home/lorenzo/code/dynus_lite/dynus_lite_ws/install/decomp_rviz_plugins/share/decomp_rviz_plugins/package.bash'
[113.138s] INFO:colcon.colcon_core.shell:Creating package script '/home/lorenzo/code/dynus_lite/dynus_lite_ws/install/decomp_rviz_plugins/share/decomp_rviz_plugins/package.zsh'
[113.139s] Level 1:colcon.colcon_core.environment:create_file_with_runtime_dependencies(/home/lorenzo/code/dynus_lite/dynus_lite_ws/install/decomp_rviz_plugins/share/colcon-core/packages/decomp_rviz_plugins)
[113.140s] Level 1:colcon.colcon_core.environment:create_environment_scripts_only(decomp_rviz_plugins)
[113.140s] Level 1:colcon.colcon_core.environment:checking '/home/lorenzo/code/dynus_lite/dynus_lite_ws/install/decomp_rviz_plugins' for CMake module files
[113.141s] Level 1:colcon.colcon_core.environment:checking '/home/lorenzo/code/dynus_lite/dynus_lite_ws/install/decomp_rviz_plugins' for CMake config files
[113.141s] Level 1:colcon.colcon_core.shell:create_environment_hook('decomp_rviz_plugins', 'cmake_prefix_path')
[113.141s] INFO:colcon.colcon_core.shell:Creating environment hook '/home/lorenzo/code/dynus_lite/dynus_lite_ws/install/decomp_rviz_plugins/share/decomp_rviz_plugins/hook/cmake_prefix_path.ps1'
[113.142s] INFO:colcon.colcon_core.shell:Creating environment descriptor '/home/lorenzo/code/dynus_lite/dynus_lite_ws/install/decomp_rviz_plugins/share/decomp_rviz_plugins/hook/cmake_prefix_path.dsv'
[113.142s] INFO:colcon.colcon_core.shell:Creating environment hook '/home/lorenzo/code/dynus_lite/dynus_lite_ws/install/decomp_rviz_plugins/share/decomp_rviz_plugins/hook/cmake_prefix_path.sh'
[113.143s] Level 1:colcon.colcon_core.environment:checking '/home/lorenzo/code/dynus_lite/dynus_lite_ws/install/decomp_rviz_plugins/lib'
[113.143s] Level 1:colcon.colcon_core.shell:create_environment_hook('decomp_rviz_plugins', 'ld_library_path_lib')
[113.143s] INFO:colcon.colcon_core.shell:Creating environment hook '/home/lorenzo/code/dynus_lite/dynus_lite_ws/install/decomp_rviz_plugins/share/decomp_rviz_plugins/hook/ld_library_path_lib.ps1'
[113.144s] INFO:colcon.colcon_core.shell:Creating environment descriptor '/home/lorenzo/code/dynus_lite/dynus_lite_ws/install/decomp_rviz_plugins/share/decomp_rviz_plugins/hook/ld_library_path_lib.dsv'
[113.144s] INFO:colcon.colcon_core.shell:Creating environment hook '/home/lorenzo/code/dynus_lite/dynus_lite_ws/install/decomp_rviz_plugins/share/decomp_rviz_plugins/hook/ld_library_path_lib.sh'
[113.145s] Level 1:colcon.colcon_core.environment:checking '/home/lorenzo/code/dynus_lite/dynus_lite_ws/install/decomp_rviz_plugins/bin'
[113.145s] Level 1:colcon.colcon_core.environment:checking '/home/lorenzo/code/dynus_lite/dynus_lite_ws/install/decomp_rviz_plugins/lib/pkgconfig/decomp_rviz_plugins.pc'
[113.145s] Level 1:colcon.colcon_core.environment:checking '/home/lorenzo/code/dynus_lite/dynus_lite_ws/install/decomp_rviz_plugins/lib/python3.10/site-packages'
[113.146s] Level 1:colcon.colcon_core.environment:checking '/home/lorenzo/code/dynus_lite/dynus_lite_ws/install/decomp_rviz_plugins/bin'
[113.146s] INFO:colcon.colcon_core.shell:Creating package script '/home/lorenzo/code/dynus_lite/dynus_lite_ws/install/decomp_rviz_plugins/share/decomp_rviz_plugins/package.ps1'
[113.147s] INFO:colcon.colcon_core.shell:Creating package descriptor '/home/lorenzo/code/dynus_lite/dynus_lite_ws/install/decomp_rviz_plugins/share/decomp_rviz_plugins/package.dsv'
[113.148s] INFO:colcon.colcon_core.shell:Creating package script '/home/lorenzo/code/dynus_lite/dynus_lite_ws/install/decomp_rviz_plugins/share/decomp_rviz_plugins/package.sh'
[113.149s] INFO:colcon.colcon_core.shell:Creating package script '/home/lorenzo/code/dynus_lite/dynus_lite_ws/install/decomp_rviz_plugins/share/decomp_rviz_plugins/package.bash'
[113.149s] INFO:colcon.colcon_core.shell:Creating package script '/home/lorenzo/code/dynus_lite/dynus_lite_ws/install/decomp_rviz_plugins/share/decomp_rviz_plugins/package.zsh'
[113.150s] Level 1:colcon.colcon_core.environment:create_file_with_runtime_dependencies(/home/lorenzo/code/dynus_lite/dynus_lite_ws/install/decomp_rviz_plugins/share/colcon-core/packages/decomp_rviz_plugins)
[113.150s] INFO:colcon.colcon_ros.task.ament_cmake.build:Building ROS package in '/home/lorenzo/code/dynus_lite/dynus_lite_ws/src/DecompROS2/decomp_test_node' with build type 'ament_cmake'
[113.150s] INFO:colcon.colcon_cmake.task.cmake.build:Building CMake package in '/home/lorenzo/code/dynus_lite/dynus_lite_ws/src/DecompROS2/decomp_test_node'
[113.151s] INFO:colcon.colcon_core.shell:Skip shell extension 'powershell' for command environment: Not usable outside of PowerShell
[113.151s] DEBUG:colcon.colcon_core.shell:Skip shell extension 'dsv' for command environment
[113.164s] DEBUG:colcon.colcon_core.event_handler.log_command:Invoking command in '/home/lorenzo/code/dynus_lite/dynus_lite_ws/build/decomp_test_node': AMENT_PREFIX_PATH=/home/lorenzo/code/dynus_lite/dynus_lite_ws/install/decomp_rviz_plugins:${AMENT_PREFIX_PATH} CMAKE_PREFIX_PATH=/home/lorenzo/code/dynus_lite/dynus_lite_ws/install/decomp_rviz_plugins:/home/lorenzo/code/dynus_lite/dynus_lite_ws/install/decomp_util:/home/lorenzo/code/dynus_lite/dynus_lite_ws/install/decomp_ros_msgs:/home/lorenzo/code/dynus_lite/dynus_lite_ws/install/livox_ros_driver2:/home/lorenzo/code/dynus_lite/dynus_lite_ws/install/snapstack_msgs2:/opt/openrobots:/opt/ros/humble LD_LIBRARY_PATH=/home/lorenzo/code/dynus_lite/dynus_lite_ws/install/decomp_rviz_plugins/lib:/home/lorenzo/code/dynus_lite/dynus_lite_ws/install/decomp_ros_msgs/lib:/home/lorenzo/code/dynus_lite/dynus_lite_ws/install/livox_ros_driver2/lib:/home/lorenzo/code/dynus_lite/dynus_lite_ws/install/snapstack_msgs2/lib:/opt/gurobi1103/linux64/lib:/usr/lib/x86_64-linux-gnu/gazebo-11/plugins:/opt/ros/humble/opt/rviz_ogre_vendor/lib:/opt/ros/humble/lib/x86_64-linux-gnu:/home/lorenzo/code/decomp_ws/install/decomp_ros_msgs/lib:/opt/ros/humble/lib:/home/lorenzo/code/livox_ws/install/livox_ros_driver2/lib:/opt/gurobi1103/linux64/lib PKG_CONFIG_PATH=/home/lorenzo/code/dynus_lite/dynus_lite_ws/install/decomp_util/lib/x86_64-linux-gnu/pkgconfig:/home/lorenzo/code/dynus_lite/dynus_lite_ws/install/decomp_util/lib/pkgconfig:/opt/openrobots/lib/pkgconfig /usr/bin/cmake /home/lorenzo/code/dynus_lite/dynus_lite_ws/src/DecompROS2/decomp_test_node -DCMAKE_INSTALL_PREFIX=/home/lorenzo/code/dynus_lite/dynus_lite_ws/install/decomp_test_node
[118.138s] DEBUG:colcon.colcon_core.event_handler.log_command:Invoked command in '/home/lorenzo/code/dynus_lite/dynus_lite_ws/build/decomp_test_node' returned '0': AMENT_PREFIX_PATH=/home/lorenzo/code/dynus_lite/dynus_lite_ws/install/decomp_rviz_plugins:${AMENT_PREFIX_PATH} CMAKE_PREFIX_PATH=/home/lorenzo/code/dynus_lite/dynus_lite_ws/install/decomp_rviz_plugins:/home/lorenzo/code/dynus_lite/dynus_lite_ws/install/decomp_util:/home/lorenzo/code/dynus_lite/dynus_lite_ws/install/decomp_ros_msgs:/home/lorenzo/code/dynus_lite/dynus_lite_ws/install/livox_ros_driver2:/home/lorenzo/code/dynus_lite/dynus_lite_ws/install/snapstack_msgs2:/opt/openrobots:/opt/ros/humble LD_LIBRARY_PATH=/home/lorenzo/code/dynus_lite/dynus_lite_ws/install/decomp_rviz_plugins/lib:/home/lorenzo/code/dynus_lite/dynus_lite_ws/install/decomp_ros_msgs/lib:/home/lorenzo/code/dynus_lite/dynus_lite_ws/install/livox_ros_driver2/lib:/home/lorenzo/code/dynus_lite/dynus_lite_ws/install/snapstack_msgs2/lib:/opt/gurobi1103/linux64/lib:/usr/lib/x86_64-linux-gnu/gazebo-11/plugins:/opt/ros/humble/opt/rviz_ogre_vendor/lib:/opt/ros/humble/lib/x86_64-linux-gnu:/home/lorenzo/code/decomp_ws/install/decomp_ros_msgs/lib:/opt/ros/humble/lib:/home/lorenzo/code/livox_ws/install/livox_ros_driver2/lib:/opt/gurobi1103/linux64/lib PKG_CONFIG_PATH=/home/lorenzo/code/dynus_lite/dynus_lite_ws/install/decomp_util/lib/x86_64-linux-gnu/pkgconfig:/home/lorenzo/code/dynus_lite/dynus_lite_ws/install/decomp_util/lib/pkgconfig:/opt/openrobots/lib/pkgconfig /usr/bin/cmake /home/lorenzo/code/dynus_lite/dynus_lite_ws/src/DecompROS2/decomp_test_node -DCMAKE_INSTALL_PREFIX=/home/lorenzo/code/dynus_lite/dynus_lite_ws/install/decomp_test_node
[118.141s] DEBUG:colcon.colcon_core.event_handler.log_command:Invoking command in '/home/lorenzo/code/dynus_lite/dynus_lite_ws/build/decomp_test_node': AMENT_PREFIX_PATH=/home/lorenzo/code/dynus_lite/dynus_lite_ws/install/decomp_rviz_plugins:${AMENT_PREFIX_PATH} CMAKE_PREFIX_PATH=/home/lorenzo/code/dynus_lite/dynus_lite_ws/install/decomp_rviz_plugins:/home/lorenzo/code/dynus_lite/dynus_lite_ws/install/decomp_util:/home/lorenzo/code/dynus_lite/dynus_lite_ws/install/decomp_ros_msgs:/home/lorenzo/code/dynus_lite/dynus_lite_ws/install/livox_ros_driver2:/home/lorenzo/code/dynus_lite/dynus_lite_ws/install/snapstack_msgs2:/opt/openrobots:/opt/ros/humble LD_LIBRARY_PATH=/home/lorenzo/code/dynus_lite/dynus_lite_ws/install/decomp_rviz_plugins/lib:/home/lorenzo/code/dynus_lite/dynus_lite_ws/install/decomp_ros_msgs/lib:/home/lorenzo/code/dynus_lite/dynus_lite_ws/install/livox_ros_driver2/lib:/home/lorenzo/code/dynus_lite/dynus_lite_ws/install/snapstack_msgs2/lib:/opt/gurobi1103/linux64/lib:/usr/lib/x86_64-linux-gnu/gazebo-11/plugins:/opt/ros/humble/opt/rviz_ogre_vendor/lib:/opt/ros/humble/lib/x86_64-linux-gnu:/home/lorenzo/code/decomp_ws/install/decomp_ros_msgs/lib:/opt/ros/humble/lib:/home/lorenzo/code/livox_ws/install/livox_ros_driver2/lib:/opt/gurobi1103/linux64/lib PKG_CONFIG_PATH=/home/lorenzo/code/dynus_lite/dynus_lite_ws/install/decomp_util/lib/x86_64-linux-gnu/pkgconfig:/home/lorenzo/code/dynus_lite/dynus_lite_ws/install/decomp_util/lib/pkgconfig:/opt/openrobots/lib/pkgconfig /usr/bin/cmake --build /home/lorenzo/code/dynus_lite/dynus_lite_ws/build/decomp_test_node -- -j8 -l8
[140.371s] DEBUG:colcon.colcon_core.event_handler.log_command:Invoked command in '/home/lorenzo/code/dynus_lite/dynus_lite_ws/build/gazebo_msgs' returned '0': CMAKE_PREFIX_PATH=${CMAKE_PREFIX_PATH}:/opt/ros/humble /usr/bin/cmake --build /home/lorenzo/code/dynus_lite/dynus_lite_ws/build/gazebo_msgs -- -j8 -l8
[140.373s] DEBUG:colcon.colcon_core.event_handler.log_command:Invoking command in '/home/lorenzo/code/dynus_lite/dynus_lite_ws/build/gazebo_msgs': CMAKE_PREFIX_PATH=${CMAKE_PREFIX_PATH}:/opt/ros/humble /usr/bin/cmake --install /home/lorenzo/code/dynus_lite/dynus_lite_ws/build/gazebo_msgs
[140.710s] Level 1:colcon.colcon_core.environment:create_environment_scripts_only(gazebo_msgs)
[140.711s] Level 1:colcon.colcon_core.environment:checking '/home/lorenzo/code/dynus_lite/dynus_lite_ws/install/gazebo_msgs' for CMake module files
[140.711s] DEBUG:colcon.colcon_core.event_handler.log_command:Invoked command in '/home/lorenzo/code/dynus_lite/dynus_lite_ws/build/gazebo_msgs' returned '0': CMAKE_PREFIX_PATH=${CMAKE_PREFIX_PATH}:/opt/ros/humble /usr/bin/cmake --install /home/lorenzo/code/dynus_lite/dynus_lite_ws/build/gazebo_msgs
[140.712s] Level 1:colcon.colcon_core.environment:checking '/home/lorenzo/code/dynus_lite/dynus_lite_ws/install/gazebo_msgs' for CMake config files
[140.712s] Level 1:colcon.colcon_core.shell:create_environment_hook('gazebo_msgs', 'cmake_prefix_path')
[140.713s] INFO:colcon.colcon_core.shell:Creating environment hook '/home/lorenzo/code/dynus_lite/dynus_lite_ws/install/gazebo_msgs/share/gazebo_msgs/hook/cmake_prefix_path.ps1'
[140.713s] INFO:colcon.colcon_core.shell:Creating environment descriptor '/home/lorenzo/code/dynus_lite/dynus_lite_ws/install/gazebo_msgs/share/gazebo_msgs/hook/cmake_prefix_path.dsv'
[140.714s] INFO:colcon.colcon_core.shell:Creating environment hook '/home/lorenzo/code/dynus_lite/dynus_lite_ws/install/gazebo_msgs/share/gazebo_msgs/hook/cmake_prefix_path.sh'
[140.714s] Level 1:colcon.colcon_core.environment:checking '/home/lorenzo/code/dynus_lite/dynus_lite_ws/install/gazebo_msgs/lib'
[140.714s] Level 1:colcon.colcon_core.shell:create_environment_hook('gazebo_msgs', 'ld_library_path_lib')
[140.715s] INFO:colcon.colcon_core.shell:Creating environment hook '/home/lorenzo/code/dynus_lite/dynus_lite_ws/install/gazebo_msgs/share/gazebo_msgs/hook/ld_library_path_lib.ps1'
[140.715s] INFO:colcon.colcon_core.shell:Creating environment descriptor '/home/lorenzo/code/dynus_lite/dynus_lite_ws/install/gazebo_msgs/share/gazebo_msgs/hook/ld_library_path_lib.dsv'
[140.716s] INFO:colcon.colcon_core.shell:Creating environment hook '/home/lorenzo/code/dynus_lite/dynus_lite_ws/install/gazebo_msgs/share/gazebo_msgs/hook/ld_library_path_lib.sh'
[140.716s] Level 1:colcon.colcon_core.environment:checking '/home/lorenzo/code/dynus_lite/dynus_lite_ws/install/gazebo_msgs/bin'
[140.716s] Level 1:colcon.colcon_core.environment:checking '/home/lorenzo/code/dynus_lite/dynus_lite_ws/install/gazebo_msgs/lib/pkgconfig/gazebo_msgs.pc'
[140.717s] Level 1:colcon.colcon_core.environment:checking '/home/lorenzo/code/dynus_lite/dynus_lite_ws/install/gazebo_msgs/lib/python3.10/site-packages'
[140.717s] Level 1:colcon.colcon_core.environment:checking '/home/lorenzo/code/dynus_lite/dynus_lite_ws/install/gazebo_msgs/bin'
[140.718s] INFO:colcon.colcon_core.shell:Creating package script '/home/lorenzo/code/dynus_lite/dynus_lite_ws/install/gazebo_msgs/share/gazebo_msgs/package.ps1'
[140.718s] INFO:colcon.colcon_core.shell:Creating package descriptor '/home/lorenzo/code/dynus_lite/dynus_lite_ws/install/gazebo_msgs/share/gazebo_msgs/package.dsv'
[140.719s] INFO:colcon.colcon_core.shell:Creating package script '/home/lorenzo/code/dynus_lite/dynus_lite_ws/install/gazebo_msgs/share/gazebo_msgs/package.sh'
[140.719s] INFO:colcon.colcon_core.shell:Creating package script '/home/lorenzo/code/dynus_lite/dynus_lite_ws/install/gazebo_msgs/share/gazebo_msgs/package.bash'
[140.720s] INFO:colcon.colcon_core.shell:Creating package script '/home/lorenzo/code/dynus_lite/dynus_lite_ws/install/gazebo_msgs/share/gazebo_msgs/package.zsh'
[140.720s] Level 1:colcon.colcon_core.environment:create_file_with_runtime_dependencies(/home/lorenzo/code/dynus_lite/dynus_lite_ws/install/gazebo_msgs/share/colcon-core/packages/gazebo_msgs)
[140.721s] Level 1:colcon.colcon_core.environment:create_environment_scripts_only(gazebo_msgs)
[140.721s] Level 1:colcon.colcon_core.environment:checking '/home/lorenzo/code/dynus_lite/dynus_lite_ws/install/gazebo_msgs' for CMake module files
[140.722s] Level 1:colcon.colcon_core.environment:checking '/home/lorenzo/code/dynus_lite/dynus_lite_ws/install/gazebo_msgs' for CMake config files
[140.723s] Level 1:colcon.colcon_core.shell:create_environment_hook('gazebo_msgs', 'cmake_prefix_path')
[140.723s] INFO:colcon.colcon_core.shell:Creating environment hook '/home/lorenzo/code/dynus_lite/dynus_lite_ws/install/gazebo_msgs/share/gazebo_msgs/hook/cmake_prefix_path.ps1'
[140.723s] INFO:colcon.colcon_core.shell:Creating environment descriptor '/home/lorenzo/code/dynus_lite/dynus_lite_ws/install/gazebo_msgs/share/gazebo_msgs/hook/cmake_prefix_path.dsv'
[140.724s] INFO:colcon.colcon_core.shell:Creating environment hook '/home/lorenzo/code/dynus_lite/dynus_lite_ws/install/gazebo_msgs/share/gazebo_msgs/hook/cmake_prefix_path.sh'
[140.725s] Level 1:colcon.colcon_core.environment:checking '/home/lorenzo/code/dynus_lite/dynus_lite_ws/install/gazebo_msgs/lib'
[140.725s] Level 1:colcon.colcon_core.shell:create_environment_hook('gazebo_msgs', 'ld_library_path_lib')
[140.725s] INFO:colcon.colcon_core.shell:Creating environment hook '/home/lorenzo/code/dynus_lite/dynus_lite_ws/install/gazebo_msgs/share/gazebo_msgs/hook/ld_library_path_lib.ps1'
[140.726s] INFO:colcon.colcon_core.shell:Creating environment descriptor '/home/lorenzo/code/dynus_lite/dynus_lite_ws/install/gazebo_msgs/share/gazebo_msgs/hook/ld_library_path_lib.dsv'
[140.726s] INFO:colcon.colcon_core.shell:Creating environment hook '/home/lorenzo/code/dynus_lite/dynus_lite_ws/install/gazebo_msgs/share/gazebo_msgs/hook/ld_library_path_lib.sh'
[140.727s] Level 1:colcon.colcon_core.environment:checking '/home/lorenzo/code/dynus_lite/dynus_lite_ws/install/gazebo_msgs/bin'
[140.727s] Level 1:colcon.colcon_core.environment:checking '/home/lorenzo/code/dynus_lite/dynus_lite_ws/install/gazebo_msgs/lib/pkgconfig/gazebo_msgs.pc'
[140.727s] Level 1:colcon.colcon_core.environment:checking '/home/lorenzo/code/dynus_lite/dynus_lite_ws/install/gazebo_msgs/lib/python3.10/site-packages'
[140.728s] Level 1:colcon.colcon_core.environment:checking '/home/lorenzo/code/dynus_lite/dynus_lite_ws/install/gazebo_msgs/bin'
[140.728s] INFO:colcon.colcon_core.shell:Creating package script '/home/lorenzo/code/dynus_lite/dynus_lite_ws/install/gazebo_msgs/share/gazebo_msgs/package.ps1'
[140.729s] INFO:colcon.colcon_core.shell:Creating package descriptor '/home/lorenzo/code/dynus_lite/dynus_lite_ws/install/gazebo_msgs/share/gazebo_msgs/package.dsv'
[140.730s] INFO:colcon.colcon_core.shell:Creating package script '/home/lorenzo/code/dynus_lite/dynus_lite_ws/install/gazebo_msgs/share/gazebo_msgs/package.sh'
[140.730s] INFO:colcon.colcon_core.shell:Creating package script '/home/lorenzo/code/dynus_lite/dynus_lite_ws/install/gazebo_msgs/share/gazebo_msgs/package.bash'
[140.731s] INFO:colcon.colcon_core.shell:Creating package script '/home/lorenzo/code/dynus_lite/dynus_lite_ws/install/gazebo_msgs/share/gazebo_msgs/package.zsh'
[140.731s] Level 1:colcon.colcon_core.environment:create_file_with_runtime_dependencies(/home/lorenzo/code/dynus_lite/dynus_lite_ws/install/gazebo_msgs/share/colcon-core/packages/gazebo_msgs)
[140.732s] INFO:colcon.colcon_ros.task.ament_cmake.build:Building ROS package in '/home/lorenzo/code/dynus_lite/dynus_lite_ws/src/gazebo_ros_pkgs/gazebo_ros' with build type 'ament_cmake'
[140.732s] INFO:colcon.colcon_cmake.task.cmake.build:Building CMake package in '/home/lorenzo/code/dynus_lite/dynus_lite_ws/src/gazebo_ros_pkgs/gazebo_ros'
[140.732s] INFO:colcon.colcon_core.shell:Skip shell extension 'powershell' for command environment: Not usable outside of PowerShell
[140.732s] DEBUG:colcon.colcon_core.shell:Skip shell extension 'dsv' for command environment
[140.748s] DEBUG:colcon.colcon_core.event_handler.log_command:Invoking command in '/home/lorenzo/code/dynus_lite/dynus_lite_ws/build/gazebo_ros': AMENT_PREFIX_PATH=/home/lorenzo/code/dynus_lite/dynus_lite_ws/install/gazebo_msgs:/home/lorenzo/code/dynus_lite/dynus_lite_ws/install/gazebo_dev:${AMENT_PREFIX_PATH} CMAKE_PREFIX_PATH=/home/lorenzo/code/dynus_lite/dynus_lite_ws/install/gazebo_msgs:/home/lorenzo/code/dynus_lite/dynus_lite_ws/install/gazebo_dev:/home/lorenzo/code/dynus_lite/dynus_lite_ws/install/livox_ros_driver2:/home/lorenzo/code/dynus_lite/dynus_lite_ws/install/snapstack_msgs2:/home/lorenzo/code/dynus_lite/dynus_lite_ws/install/decomp_util:/home/lorenzo/code/dynus_lite/dynus_lite_ws/install/decomp_ros_msgs:/opt/openrobots:/opt/ros/humble LD_LIBRARY_PATH=/home/lorenzo/code/dynus_lite/dynus_lite_ws/install/gazebo_msgs/lib:${LD_LIBRARY_PATH} PYTHONPATH=/home/lorenzo/code/dynus_lite/dynus_lite_ws/install/gazebo_msgs/local/lib/python3.10/dist-packages:${PYTHONPATH} /usr/bin/cmake /home/lorenzo/code/dynus_lite/dynus_lite_ws/src/gazebo_ros_pkgs/gazebo_ros -DCMAKE_INSTALL_PREFIX=/home/lorenzo/code/dynus_lite/dynus_lite_ws/install/gazebo_ros
[144.731s] DEBUG:colcon.colcon_core.event_handler.log_command:Invoked command in '/home/lorenzo/code/dynus_lite/dynus_lite_ws/build/gazebo_ros' returned '0': AMENT_PREFIX_PATH=/home/lorenzo/code/dynus_lite/dynus_lite_ws/install/gazebo_msgs:/home/lorenzo/code/dynus_lite/dynus_lite_ws/install/gazebo_dev:${AMENT_PREFIX_PATH} CMAKE_PREFIX_PATH=/home/lorenzo/code/dynus_lite/dynus_lite_ws/install/gazebo_msgs:/home/lorenzo/code/dynus_lite/dynus_lite_ws/install/gazebo_dev:/home/lorenzo/code/dynus_lite/dynus_lite_ws/install/livox_ros_driver2:/home/lorenzo/code/dynus_lite/dynus_lite_ws/install/snapstack_msgs2:/home/lorenzo/code/dynus_lite/dynus_lite_ws/install/decomp_util:/home/lorenzo/code/dynus_lite/dynus_lite_ws/install/decomp_ros_msgs:/opt/openrobots:/opt/ros/humble LD_LIBRARY_PATH=/home/lorenzo/code/dynus_lite/dynus_lite_ws/install/gazebo_msgs/lib:${LD_LIBRARY_PATH} PYTHONPATH=/home/lorenzo/code/dynus_lite/dynus_lite_ws/install/gazebo_msgs/local/lib/python3.10/dist-packages:${PYTHONPATH} /usr/bin/cmake /home/lorenzo/code/dynus_lite/dynus_lite_ws/src/gazebo_ros_pkgs/gazebo_ros -DCMAKE_INSTALL_PREFIX=/home/lorenzo/code/dynus_lite/dynus_lite_ws/install/gazebo_ros
[144.735s] DEBUG:colcon.colcon_core.event_handler.log_command:Invoking command in '/home/lorenzo/code/dynus_lite/dynus_lite_ws/build/gazebo_ros': AMENT_PREFIX_PATH=/home/lorenzo/code/dynus_lite/dynus_lite_ws/install/gazebo_msgs:/home/lorenzo/code/dynus_lite/dynus_lite_ws/install/gazebo_dev:${AMENT_PREFIX_PATH} CMAKE_PREFIX_PATH=/home/lorenzo/code/dynus_lite/dynus_lite_ws/install/gazebo_msgs:/home/lorenzo/code/dynus_lite/dynus_lite_ws/install/gazebo_dev:/home/lorenzo/code/dynus_lite/dynus_lite_ws/install/livox_ros_driver2:/home/lorenzo/code/dynus_lite/dynus_lite_ws/install/snapstack_msgs2:/home/lorenzo/code/dynus_lite/dynus_lite_ws/install/decomp_util:/home/lorenzo/code/dynus_lite/dynus_lite_ws/install/decomp_ros_msgs:/opt/openrobots:/opt/ros/humble LD_LIBRARY_PATH=/home/lorenzo/code/dynus_lite/dynus_lite_ws/install/gazebo_msgs/lib:${LD_LIBRARY_PATH} PYTHONPATH=/home/lorenzo/code/dynus_lite/dynus_lite_ws/install/gazebo_msgs/local/lib/python3.10/dist-packages:${PYTHONPATH} /usr/bin/cmake --build /home/lorenzo/code/dynus_lite/dynus_lite_ws/build/gazebo_ros -- -j8 -l8
[144.834s] DEBUG:colcon.colcon_core.event_handler.log_command:Invoked command in '/home/lorenzo/code/dynus_lite/dynus_lite_ws/build/decomp_test_node' returned '0': AMENT_PREFIX_PATH=/home/lorenzo/code/dynus_lite/dynus_lite_ws/install/decomp_rviz_plugins:${AMENT_PREFIX_PATH} CMAKE_PREFIX_PATH=/home/lorenzo/code/dynus_lite/dynus_lite_ws/install/decomp_rviz_plugins:/home/lorenzo/code/dynus_lite/dynus_lite_ws/install/decomp_util:/home/lorenzo/code/dynus_lite/dynus_lite_ws/install/decomp_ros_msgs:/home/lorenzo/code/dynus_lite/dynus_lite_ws/install/livox_ros_driver2:/home/lorenzo/code/dynus_lite/dynus_lite_ws/install/snapstack_msgs2:/opt/openrobots:/opt/ros/humble LD_LIBRARY_PATH=/home/lorenzo/code/dynus_lite/dynus_lite_ws/install/decomp_rviz_plugins/lib:/home/lorenzo/code/dynus_lite/dynus_lite_ws/install/decomp_ros_msgs/lib:/home/lorenzo/code/dynus_lite/dynus_lite_ws/install/livox_ros_driver2/lib:/home/lorenzo/code/dynus_lite/dynus_lite_ws/install/snapstack_msgs2/lib:/opt/gurobi1103/linux64/lib:/usr/lib/x86_64-linux-gnu/gazebo-11/plugins:/opt/ros/humble/opt/rviz_ogre_vendor/lib:/opt/ros/humble/lib/x86_64-linux-gnu:/home/lorenzo/code/decomp_ws/install/decomp_ros_msgs/lib:/opt/ros/humble/lib:/home/lorenzo/code/livox_ws/install/livox_ros_driver2/lib:/opt/gurobi1103/linux64/lib PKG_CONFIG_PATH=/home/lorenzo/code/dynus_lite/dynus_lite_ws/install/decomp_util/lib/x86_64-linux-gnu/pkgconfig:/home/lorenzo/code/dynus_lite/dynus_lite_ws/install/decomp_util/lib/pkgconfig:/opt/openrobots/lib/pkgconfig /usr/bin/cmake --build /home/lorenzo/code/dynus_lite/dynus_lite_ws/build/decomp_test_node -- -j8 -l8
[144.835s] DEBUG:colcon.colcon_core.event_handler.log_command:Invoking command in '/home/lorenzo/code/dynus_lite/dynus_lite_ws/build/decomp_test_node': AMENT_PREFIX_PATH=/home/lorenzo/code/dynus_lite/dynus_lite_ws/install/decomp_rviz_plugins:${AMENT_PREFIX_PATH} CMAKE_PREFIX_PATH=/home/lorenzo/code/dynus_lite/dynus_lite_ws/install/decomp_rviz_plugins:/home/lorenzo/code/dynus_lite/dynus_lite_ws/install/decomp_util:/home/lorenzo/code/dynus_lite/dynus_lite_ws/install/decomp_ros_msgs:/home/lorenzo/code/dynus_lite/dynus_lite_ws/install/livox_ros_driver2:/home/lorenzo/code/dynus_lite/dynus_lite_ws/install/snapstack_msgs2:/opt/openrobots:/opt/ros/humble LD_LIBRARY_PATH=/home/lorenzo/code/dynus_lite/dynus_lite_ws/install/decomp_rviz_plugins/lib:/home/lorenzo/code/dynus_lite/dynus_lite_ws/install/decomp_ros_msgs/lib:/home/lorenzo/code/dynus_lite/dynus_lite_ws/install/livox_ros_driver2/lib:/home/lorenzo/code/dynus_lite/dynus_lite_ws/install/snapstack_msgs2/lib:/opt/gurobi1103/linux64/lib:/usr/lib/x86_64-linux-gnu/gazebo-11/plugins:/opt/ros/humble/opt/rviz_ogre_vendor/lib:/opt/ros/humble/lib/x86_64-linux-gnu:/home/lorenzo/code/decomp_ws/install/decomp_ros_msgs/lib:/opt/ros/humble/lib:/home/lorenzo/code/livox_ws/install/livox_ros_driver2/lib:/opt/gurobi1103/linux64/lib PKG_CONFIG_PATH=/home/lorenzo/code/dynus_lite/dynus_lite_ws/install/decomp_util/lib/x86_64-linux-gnu/pkgconfig:/home/lorenzo/code/dynus_lite/dynus_lite_ws/install/decomp_util/lib/pkgconfig:/opt/openrobots/lib/pkgconfig /usr/bin/cmake --install /home/lorenzo/code/dynus_lite/dynus_lite_ws/build/decomp_test_node
[144.855s] Level 1:colcon.colcon_core.environment:create_environment_scripts_only(decomp_test_node)
[144.855s] Level 1:colcon.colcon_core.environment:checking '/home/lorenzo/code/dynus_lite/dynus_lite_ws/install/decomp_test_node' for CMake module files
[144.856s] Level 1:colcon.colcon_core.environment:checking '/home/lorenzo/code/dynus_lite/dynus_lite_ws/install/decomp_test_node' for CMake config files
[144.858s] DEBUG:colcon.colcon_core.event_handler.log_command:Invoked command in '/home/lorenzo/code/dynus_lite/dynus_lite_ws/build/decomp_test_node' returned '0': AMENT_PREFIX_PATH=/home/lorenzo/code/dynus_lite/dynus_lite_ws/install/decomp_rviz_plugins:${AMENT_PREFIX_PATH} CMAKE_PREFIX_PATH=/home/lorenzo/code/dynus_lite/dynus_lite_ws/install/decomp_rviz_plugins:/home/lorenzo/code/dynus_lite/dynus_lite_ws/install/decomp_util:/home/lorenzo/code/dynus_lite/dynus_lite_ws/install/decomp_ros_msgs:/home/lorenzo/code/dynus_lite/dynus_lite_ws/install/livox_ros_driver2:/home/lorenzo/code/dynus_lite/dynus_lite_ws/install/snapstack_msgs2:/opt/openrobots:/opt/ros/humble LD_LIBRARY_PATH=/home/lorenzo/code/dynus_lite/dynus_lite_ws/install/decomp_rviz_plugins/lib:/home/lorenzo/code/dynus_lite/dynus_lite_ws/install/decomp_ros_msgs/lib:/home/lorenzo/code/dynus_lite/dynus_lite_ws/install/livox_ros_driver2/lib:/home/lorenzo/code/dynus_lite/dynus_lite_ws/install/snapstack_msgs2/lib:/opt/gurobi1103/linux64/lib:/usr/lib/x86_64-linux-gnu/gazebo-11/plugins:/opt/ros/humble/opt/rviz_ogre_vendor/lib:/opt/ros/humble/lib/x86_64-linux-gnu:/home/lorenzo/code/decomp_ws/install/decomp_ros_msgs/lib:/opt/ros/humble/lib:/home/lorenzo/code/livox_ws/install/livox_ros_driver2/lib:/opt/gurobi1103/linux64/lib PKG_CONFIG_PATH=/home/lorenzo/code/dynus_lite/dynus_lite_ws/install/decomp_util/lib/x86_64-linux-gnu/pkgconfig:/home/lorenzo/code/dynus_lite/dynus_lite_ws/install/decomp_util/lib/pkgconfig:/opt/openrobots/lib/pkgconfig /usr/bin/cmake --install /home/lorenzo/code/dynus_lite/dynus_lite_ws/build/decomp_test_node
[144.859s] Level 1:colcon.colcon_core.shell:create_environment_hook('decomp_test_node', 'cmake_prefix_path')
[144.862s] INFO:colcon.colcon_core.shell:Creating environment hook '/home/lorenzo/code/dynus_lite/dynus_lite_ws/install/decomp_test_node/share/decomp_test_node/hook/cmake_prefix_path.ps1'
[144.863s] INFO:colcon.colcon_core.shell:Creating environment descriptor '/home/lorenzo/code/dynus_lite/dynus_lite_ws/install/decomp_test_node/share/decomp_test_node/hook/cmake_prefix_path.dsv'
[144.863s] INFO:colcon.colcon_core.shell:Creating environment hook '/home/lorenzo/code/dynus_lite/dynus_lite_ws/install/decomp_test_node/share/decomp_test_node/hook/cmake_prefix_path.sh'
[144.864s] Level 1:colcon.colcon_core.environment:checking '/home/lorenzo/code/dynus_lite/dynus_lite_ws/install/decomp_test_node/lib'
[144.864s] Level 1:colcon.colcon_core.environment:checking '/home/lorenzo/code/dynus_lite/dynus_lite_ws/install/decomp_test_node/bin'
[144.869s] Level 1:colcon.colcon_core.environment:checking '/home/lorenzo/code/dynus_lite/dynus_lite_ws/install/decomp_test_node/lib/pkgconfig/decomp_test_node.pc'
[144.869s] Level 1:colcon.colcon_core.environment:checking '/home/lorenzo/code/dynus_lite/dynus_lite_ws/install/decomp_test_node/lib/python3.10/site-packages'
[144.870s] Level 1:colcon.colcon_core.environment:checking '/home/lorenzo/code/dynus_lite/dynus_lite_ws/install/decomp_test_node/bin'
[144.871s] INFO:colcon.colcon_core.shell:Creating package script '/home/lorenzo/code/dynus_lite/dynus_lite_ws/install/decomp_test_node/share/decomp_test_node/package.ps1'
[144.874s] INFO:colcon.colcon_core.shell:Creating package descriptor '/home/lorenzo/code/dynus_lite/dynus_lite_ws/install/decomp_test_node/share/decomp_test_node/package.dsv'
[144.877s] INFO:colcon.colcon_core.shell:Creating package script '/home/lorenzo/code/dynus_lite/dynus_lite_ws/install/decomp_test_node/share/decomp_test_node/package.sh'
[144.878s] INFO:colcon.colcon_core.shell:Creating package script '/home/lorenzo/code/dynus_lite/dynus_lite_ws/install/decomp_test_node/share/decomp_test_node/package.bash'
[144.878s] INFO:colcon.colcon_core.shell:Creating package script '/home/lorenzo/code/dynus_lite/dynus_lite_ws/install/decomp_test_node/share/decomp_test_node/package.zsh'
[144.883s] Level 1:colcon.colcon_core.environment:create_file_with_runtime_dependencies(/home/lorenzo/code/dynus_lite/dynus_lite_ws/install/decomp_test_node/share/colcon-core/packages/decomp_test_node)
[144.884s] Level 1:colcon.colcon_core.environment:create_environment_scripts_only(decomp_test_node)
[144.885s] Level 1:colcon.colcon_core.environment:checking '/home/lorenzo/code/dynus_lite/dynus_lite_ws/install/decomp_test_node' for CMake module files
[144.886s] Level 1:colcon.colcon_core.environment:checking '/home/lorenzo/code/dynus_lite/dynus_lite_ws/install/decomp_test_node' for CMake config files
[144.887s] Level 1:colcon.colcon_core.shell:create_environment_hook('decomp_test_node', 'cmake_prefix_path')
[144.887s] INFO:colcon.colcon_core.shell:Creating environment hook '/home/lorenzo/code/dynus_lite/dynus_lite_ws/install/decomp_test_node/share/decomp_test_node/hook/cmake_prefix_path.ps1'
[144.892s] INFO:colcon.colcon_core.shell:Creating environment descriptor '/home/lorenzo/code/dynus_lite/dynus_lite_ws/install/decomp_test_node/share/decomp_test_node/hook/cmake_prefix_path.dsv'
[144.893s] INFO:colcon.colcon_core.shell:Creating environment hook '/home/lorenzo/code/dynus_lite/dynus_lite_ws/install/decomp_test_node/share/decomp_test_node/hook/cmake_prefix_path.sh'
[144.897s] Level 1:colcon.colcon_core.environment:checking '/home/lorenzo/code/dynus_lite/dynus_lite_ws/install/decomp_test_node/lib'
[144.897s] Level 1:colcon.colcon_core.environment:checking '/home/lorenzo/code/dynus_lite/dynus_lite_ws/install/decomp_test_node/bin'
[144.897s] Level 1:colcon.colcon_core.environment:checking '/home/lorenzo/code/dynus_lite/dynus_lite_ws/install/decomp_test_node/lib/pkgconfig/decomp_test_node.pc'
[144.898s] Level 1:colcon.colcon_core.environment:checking '/home/lorenzo/code/dynus_lite/dynus_lite_ws/install/decomp_test_node/lib/python3.10/site-packages'
[144.899s] Level 1:colcon.colcon_core.environment:checking '/home/lorenzo/code/dynus_lite/dynus_lite_ws/install/decomp_test_node/bin'
[144.899s] INFO:colcon.colcon_core.shell:Creating package script '/home/lorenzo/code/dynus_lite/dynus_lite_ws/install/decomp_test_node/share/decomp_test_node/package.ps1'
[144.904s] INFO:colcon.colcon_core.shell:Creating package descriptor '/home/lorenzo/code/dynus_lite/dynus_lite_ws/install/decomp_test_node/share/decomp_test_node/package.dsv'
[144.905s] INFO:colcon.colcon_core.shell:Creating package script '/home/lorenzo/code/dynus_lite/dynus_lite_ws/install/decomp_test_node/share/decomp_test_node/package.sh'
[144.910s] INFO:colcon.colcon_core.shell:Creating package script '/home/lorenzo/code/dynus_lite/dynus_lite_ws/install/decomp_test_node/share/decomp_test_node/package.bash'
[144.911s] INFO:colcon.colcon_core.shell:Creating package script '/home/lorenzo/code/dynus_lite/dynus_lite_ws/install/decomp_test_node/share/decomp_test_node/package.zsh'
[144.912s] Level 1:colcon.colcon_core.environment:create_file_with_runtime_dependencies(/home/lorenzo/code/dynus_lite/dynus_lite_ws/install/decomp_test_node/share/colcon-core/packages/decomp_test_node)
[249.997s] DEBUG:colcon.colcon_core.event_handler.log_command:Invoked command in '/home/lorenzo/code/dynus_lite/dynus_lite_ws/build/octomap_server' returned '0': CMAKE_PREFIX_PATH=${CMAKE_PREFIX_PATH}:/opt/ros/humble /usr/bin/cmake --build /home/lorenzo/code/dynus_lite/dynus_lite_ws/build/octomap_server -- -j8 -l8
[250.001s] DEBUG:colcon.colcon_core.event_handler.log_command:Invoking command in '/home/lorenzo/code/dynus_lite/dynus_lite_ws/build/octomap_server': CMAKE_PREFIX_PATH=${CMAKE_PREFIX_PATH}:/opt/ros/humble /usr/bin/cmake --install /home/lorenzo/code/dynus_lite/dynus_lite_ws/build/octomap_server
[250.100s] Level 1:colcon.colcon_core.environment:create_environment_scripts_only(octomap_server)
[250.101s] Level 1:colcon.colcon_core.environment:checking '/home/lorenzo/code/dynus_lite/dynus_lite_ws/install/octomap_server' for CMake module files
[250.102s] DEBUG:colcon.colcon_core.event_handler.log_command:Invoked command in '/home/lorenzo/code/dynus_lite/dynus_lite_ws/build/octomap_server' returned '0': CMAKE_PREFIX_PATH=${CMAKE_PREFIX_PATH}:/opt/ros/humble /usr/bin/cmake --install /home/lorenzo/code/dynus_lite/dynus_lite_ws/build/octomap_server
[250.103s] Level 1:colcon.colcon_core.environment:checking '/home/lorenzo/code/dynus_lite/dynus_lite_ws/install/octomap_server' for CMake config files
[250.103s] Level 1:colcon.colcon_core.shell:create_environment_hook('octomap_server', 'cmake_prefix_path')
[250.104s] INFO:colcon.colcon_core.shell:Creating environment hook '/home/lorenzo/code/dynus_lite/dynus_lite_ws/install/octomap_server/share/octomap_server/hook/cmake_prefix_path.ps1'
[250.105s] INFO:colcon.colcon_core.shell:Creating environment descriptor '/home/lorenzo/code/dynus_lite/dynus_lite_ws/install/octomap_server/share/octomap_server/hook/cmake_prefix_path.dsv'
[250.106s] INFO:colcon.colcon_core.shell:Creating environment hook '/home/lorenzo/code/dynus_lite/dynus_lite_ws/install/octomap_server/share/octomap_server/hook/cmake_prefix_path.sh'
[250.107s] Level 1:colcon.colcon_core.environment:checking '/home/lorenzo/code/dynus_lite/dynus_lite_ws/install/octomap_server/lib'
[250.107s] Level 1:colcon.colcon_core.shell:create_environment_hook('octomap_server', 'ld_library_path_lib')
[250.108s] INFO:colcon.colcon_core.shell:Creating environment hook '/home/lorenzo/code/dynus_lite/dynus_lite_ws/install/octomap_server/share/octomap_server/hook/ld_library_path_lib.ps1'
[250.109s] INFO:colcon.colcon_core.shell:Creating environment descriptor '/home/lorenzo/code/dynus_lite/dynus_lite_ws/install/octomap_server/share/octomap_server/hook/ld_library_path_lib.dsv'
[250.109s] INFO:colcon.colcon_core.shell:Creating environment hook '/home/lorenzo/code/dynus_lite/dynus_lite_ws/install/octomap_server/share/octomap_server/hook/ld_library_path_lib.sh'
[250.110s] Level 1:colcon.colcon_core.environment:checking '/home/lorenzo/code/dynus_lite/dynus_lite_ws/install/octomap_server/bin'
[250.110s] Level 1:colcon.colcon_core.environment:checking '/home/lorenzo/code/dynus_lite/dynus_lite_ws/install/octomap_server/lib/pkgconfig/octomap_server.pc'
[250.111s] Level 1:colcon.colcon_core.environment:checking '/home/lorenzo/code/dynus_lite/dynus_lite_ws/install/octomap_server/lib/python3.10/site-packages'
[250.112s] Level 1:colcon.colcon_core.environment:checking '/home/lorenzo/code/dynus_lite/dynus_lite_ws/install/octomap_server/bin'
[250.112s] INFO:colcon.colcon_core.shell:Creating package script '/home/lorenzo/code/dynus_lite/dynus_lite_ws/install/octomap_server/share/octomap_server/package.ps1'
[250.114s] INFO:colcon.colcon_core.shell:Creating package descriptor '/home/lorenzo/code/dynus_lite/dynus_lite_ws/install/octomap_server/share/octomap_server/package.dsv'
[250.115s] INFO:colcon.colcon_core.shell:Creating package script '/home/lorenzo/code/dynus_lite/dynus_lite_ws/install/octomap_server/share/octomap_server/package.sh'
[250.116s] INFO:colcon.colcon_core.shell:Creating package script '/home/lorenzo/code/dynus_lite/dynus_lite_ws/install/octomap_server/share/octomap_server/package.bash'
[250.116s] INFO:colcon.colcon_core.shell:Creating package script '/home/lorenzo/code/dynus_lite/dynus_lite_ws/install/octomap_server/share/octomap_server/package.zsh'
[250.117s] Level 1:colcon.colcon_core.environment:create_file_with_runtime_dependencies(/home/lorenzo/code/dynus_lite/dynus_lite_ws/install/octomap_server/share/colcon-core/packages/octomap_server)
[250.119s] Level 1:colcon.colcon_core.environment:create_environment_scripts_only(octomap_server)
[250.119s] Level 1:colcon.colcon_core.environment:checking '/home/lorenzo/code/dynus_lite/dynus_lite_ws/install/octomap_server' for CMake module files
[250.120s] Level 1:colcon.colcon_core.environment:checking '/home/lorenzo/code/dynus_lite/dynus_lite_ws/install/octomap_server' for CMake config files
[250.121s] Level 1:colcon.colcon_core.shell:create_environment_hook('octomap_server', 'cmake_prefix_path')
[250.121s] INFO:colcon.colcon_core.shell:Creating environment hook '/home/lorenzo/code/dynus_lite/dynus_lite_ws/install/octomap_server/share/octomap_server/hook/cmake_prefix_path.ps1'
[250.122s] INFO:colcon.colcon_core.shell:Creating environment descriptor '/home/lorenzo/code/dynus_lite/dynus_lite_ws/install/octomap_server/share/octomap_server/hook/cmake_prefix_path.dsv'
[250.123s] INFO:colcon.colcon_core.shell:Creating environment hook '/home/lorenzo/code/dynus_lite/dynus_lite_ws/install/octomap_server/share/octomap_server/hook/cmake_prefix_path.sh'
[250.124s] Level 1:colcon.colcon_core.environment:checking '/home/lorenzo/code/dynus_lite/dynus_lite_ws/install/octomap_server/lib'
[250.124s] Level 1:colcon.colcon_core.shell:create_environment_hook('octomap_server', 'ld_library_path_lib')
[250.125s] INFO:colcon.colcon_core.shell:Creating environment hook '/home/lorenzo/code/dynus_lite/dynus_lite_ws/install/octomap_server/share/octomap_server/hook/ld_library_path_lib.ps1'
[250.126s] INFO:colcon.colcon_core.shell:Creating environment descriptor '/home/lorenzo/code/dynus_lite/dynus_lite_ws/install/octomap_server/share/octomap_server/hook/ld_library_path_lib.dsv'
[250.126s] INFO:colcon.colcon_core.shell:Creating environment hook '/home/lorenzo/code/dynus_lite/dynus_lite_ws/install/octomap_server/share/octomap_server/hook/ld_library_path_lib.sh'
[250.127s] Level 1:colcon.colcon_core.environment:checking '/home/lorenzo/code/dynus_lite/dynus_lite_ws/install/octomap_server/bin'
[250.127s] Level 1:colcon.colcon_core.environment:checking '/home/lorenzo/code/dynus_lite/dynus_lite_ws/install/octomap_server/lib/pkgconfig/octomap_server.pc'
[250.128s] Level 1:colcon.colcon_core.environment:checking '/home/lorenzo/code/dynus_lite/dynus_lite_ws/install/octomap_server/lib/python3.10/site-packages'
[250.129s] Level 1:colcon.colcon_core.environment:checking '/home/lorenzo/code/dynus_lite/dynus_lite_ws/install/octomap_server/bin'
[250.130s] INFO:colcon.colcon_core.shell:Creating package script '/home/lorenzo/code/dynus_lite/dynus_lite_ws/install/octomap_server/share/octomap_server/package.ps1'
[250.131s] INFO:colcon.colcon_core.shell:Creating package descriptor '/home/lorenzo/code/dynus_lite/dynus_lite_ws/install/octomap_server/share/octomap_server/package.dsv'
[250.132s] INFO:colcon.colcon_core.shell:Creating package script '/home/lorenzo/code/dynus_lite/dynus_lite_ws/install/octomap_server/share/octomap_server/package.sh'
[250.133s] INFO:colcon.colcon_core.shell:Creating package script '/home/lorenzo/code/dynus_lite/dynus_lite_ws/install/octomap_server/share/octomap_server/package.bash'
[250.134s] INFO:colcon.colcon_core.shell:Creating package script '/home/lorenzo/code/dynus_lite/dynus_lite_ws/install/octomap_server/share/octomap_server/package.zsh'
[250.135s] Level 1:colcon.colcon_core.environment:create_file_with_runtime_dependencies(/home/lorenzo/code/dynus_lite/dynus_lite_ws/install/octomap_server/share/colcon-core/packages/octomap_server)
[250.135s] INFO:colcon.colcon_ros.task.ament_cmake.build:Building ROS package in '/home/lorenzo/code/dynus_lite/dynus_lite_ws/src/octomap_mapping/octomap_mapping' with build type 'ament_cmake'
[250.136s] INFO:colcon.colcon_cmake.task.cmake.build:Building CMake package in '/home/lorenzo/code/dynus_lite/dynus_lite_ws/src/octomap_mapping/octomap_mapping'
[250.136s] INFO:colcon.colcon_core.shell:Skip shell extension 'powershell' for command environment: Not usable outside of PowerShell
[250.136s] DEBUG:colcon.colcon_core.shell:Skip shell extension 'dsv' for command environment
[250.162s] DEBUG:colcon.colcon_core.event_handler.log_command:Invoking command in '/home/lorenzo/code/dynus_lite/dynus_lite_ws/build/octomap_mapping': AMENT_PREFIX_PATH=/home/lorenzo/code/dynus_lite/dynus_lite_ws/install/octomap_server:${AMENT_PREFIX_PATH} CMAKE_PREFIX_PATH=/home/lorenzo/code/dynus_lite/dynus_lite_ws/install/octomap_server:/home/lorenzo/code/dynus_lite/dynus_lite_ws/install/livox_ros_driver2:/home/lorenzo/code/dynus_lite/dynus_lite_ws/install/snapstack_msgs2:/home/lorenzo/code/dynus_lite/dynus_lite_ws/install/decomp_util:/home/lorenzo/code/dynus_lite/dynus_lite_ws/install/decomp_ros_msgs:/opt/openrobots:/opt/ros/humble LD_LIBRARY_PATH=/home/lorenzo/code/dynus_lite/dynus_lite_ws/install/octomap_server/lib:${LD_LIBRARY_PATH} /usr/bin/cmake /home/lorenzo/code/dynus_lite/dynus_lite_ws/src/octomap_mapping/octomap_mapping -DCMAKE_INSTALL_PREFIX=/home/lorenzo/code/dynus_lite/dynus_lite_ws/install/octomap_mapping
[251.686s] DEBUG:colcon.colcon_core.event_handler.log_command:Invoked command in '/home/lorenzo/code/dynus_lite/dynus_lite_ws/build/octomap_mapping' returned '0': AMENT_PREFIX_PATH=/home/lorenzo/code/dynus_lite/dynus_lite_ws/install/octomap_server:${AMENT_PREFIX_PATH} CMAKE_PREFIX_PATH=/home/lorenzo/code/dynus_lite/dynus_lite_ws/install/octomap_server:/home/lorenzo/code/dynus_lite/dynus_lite_ws/install/livox_ros_driver2:/home/lorenzo/code/dynus_lite/dynus_lite_ws/install/snapstack_msgs2:/home/lorenzo/code/dynus_lite/dynus_lite_ws/install/decomp_util:/home/lorenzo/code/dynus_lite/dynus_lite_ws/install/decomp_ros_msgs:/opt/openrobots:/opt/ros/humble LD_LIBRARY_PATH=/home/lorenzo/code/dynus_lite/dynus_lite_ws/install/octomap_server/lib:${LD_LIBRARY_PATH} /usr/bin/cmake /home/lorenzo/code/dynus_lite/dynus_lite_ws/src/octomap_mapping/octomap_mapping -DCMAKE_INSTALL_PREFIX=/home/lorenzo/code/dynus_lite/dynus_lite_ws/install/octomap_mapping
[251.688s] DEBUG:colcon.colcon_core.event_handler.log_command:Invoking command in '/home/lorenzo/code/dynus_lite/dynus_lite_ws/build/octomap_mapping': AMENT_PREFIX_PATH=/home/lorenzo/code/dynus_lite/dynus_lite_ws/install/octomap_server:${AMENT_PREFIX_PATH} CMAKE_PREFIX_PATH=/home/lorenzo/code/dynus_lite/dynus_lite_ws/install/octomap_server:/home/lorenzo/code/dynus_lite/dynus_lite_ws/install/livox_ros_driver2:/home/lorenzo/code/dynus_lite/dynus_lite_ws/install/snapstack_msgs2:/home/lorenzo/code/dynus_lite/dynus_lite_ws/install/decomp_util:/home/lorenzo/code/dynus_lite/dynus_lite_ws/install/decomp_ros_msgs:/opt/openrobots:/opt/ros/humble LD_LIBRARY_PATH=/home/lorenzo/code/dynus_lite/dynus_lite_ws/install/octomap_server/lib:${LD_LIBRARY_PATH} /usr/bin/cmake --build /home/lorenzo/code/dynus_lite/dynus_lite_ws/build/octomap_mapping -- -j8 -l8
[251.758s] DEBUG:colcon.colcon_core.event_handler.log_command:Invoked command in '/home/lorenzo/code/dynus_lite/dynus_lite_ws/build/octomap_mapping' returned '0': AMENT_PREFIX_PATH=/home/lorenzo/code/dynus_lite/dynus_lite_ws/install/octomap_server:${AMENT_PREFIX_PATH} CMAKE_PREFIX_PATH=/home/lorenzo/code/dynus_lite/dynus_lite_ws/install/octomap_server:/home/lorenzo/code/dynus_lite/dynus_lite_ws/install/livox_ros_driver2:/home/lorenzo/code/dynus_lite/dynus_lite_ws/install/snapstack_msgs2:/home/lorenzo/code/dynus_lite/dynus_lite_ws/install/decomp_util:/home/lorenzo/code/dynus_lite/dynus_lite_ws/install/decomp_ros_msgs:/opt/openrobots:/opt/ros/humble LD_LIBRARY_PATH=/home/lorenzo/code/dynus_lite/dynus_lite_ws/install/octomap_server/lib:${LD_LIBRARY_PATH} /usr/bin/cmake --build /home/lorenzo/code/dynus_lite/dynus_lite_ws/build/octomap_mapping -- -j8 -l8
[251.761s] DEBUG:colcon.colcon_core.event_handler.log_command:Invoking command in '/home/lorenzo/code/dynus_lite/dynus_lite_ws/build/octomap_mapping': AMENT_PREFIX_PATH=/home/lorenzo/code/dynus_lite/dynus_lite_ws/install/octomap_server:${AMENT_PREFIX_PATH} CMAKE_PREFIX_PATH=/home/lorenzo/code/dynus_lite/dynus_lite_ws/install/octomap_server:/home/lorenzo/code/dynus_lite/dynus_lite_ws/install/livox_ros_driver2:/home/lorenzo/code/dynus_lite/dynus_lite_ws/install/snapstack_msgs2:/home/lorenzo/code/dynus_lite/dynus_lite_ws/install/decomp_util:/home/lorenzo/code/dynus_lite/dynus_lite_ws/install/decomp_ros_msgs:/opt/openrobots:/opt/ros/humble LD_LIBRARY_PATH=/home/lorenzo/code/dynus_lite/dynus_lite_ws/install/octomap_server/lib:${LD_LIBRARY_PATH} /usr/bin/cmake --install /home/lorenzo/code/dynus_lite/dynus_lite_ws/build/octomap_mapping
[251.780s] Level 1:colcon.colcon_core.environment:create_environment_scripts_only(octomap_mapping)
[251.781s] Level 1:colcon.colcon_core.environment:checking '/home/lorenzo/code/dynus_lite/dynus_lite_ws/install/octomap_mapping' for CMake module files
[251.782s] DEBUG:colcon.colcon_core.event_handler.log_command:Invoked command in '/home/lorenzo/code/dynus_lite/dynus_lite_ws/build/octomap_mapping' returned '0': AMENT_PREFIX_PATH=/home/lorenzo/code/dynus_lite/dynus_lite_ws/install/octomap_server:${AMENT_PREFIX_PATH} CMAKE_PREFIX_PATH=/home/lorenzo/code/dynus_lite/dynus_lite_ws/install/octomap_server:/home/lorenzo/code/dynus_lite/dynus_lite_ws/install/livox_ros_driver2:/home/lorenzo/code/dynus_lite/dynus_lite_ws/install/snapstack_msgs2:/home/lorenzo/code/dynus_lite/dynus_lite_ws/install/decomp_util:/home/lorenzo/code/dynus_lite/dynus_lite_ws/install/decomp_ros_msgs:/opt/openrobots:/opt/ros/humble LD_LIBRARY_PATH=/home/lorenzo/code/dynus_lite/dynus_lite_ws/install/octomap_server/lib:${LD_LIBRARY_PATH} /usr/bin/cmake --install /home/lorenzo/code/dynus_lite/dynus_lite_ws/build/octomap_mapping
[251.783s] Level 1:colcon.colcon_core.environment:checking '/home/lorenzo/code/dynus_lite/dynus_lite_ws/install/octomap_mapping' for CMake config files
[251.783s] Level 1:colcon.colcon_core.shell:create_environment_hook('octomap_mapping', 'cmake_prefix_path')
[251.784s] INFO:colcon.colcon_core.shell:Creating environment hook '/home/lorenzo/code/dynus_lite/dynus_lite_ws/install/octomap_mapping/share/octomap_mapping/hook/cmake_prefix_path.ps1'
[251.785s] INFO:colcon.colcon_core.shell:Creating environment descriptor '/home/lorenzo/code/dynus_lite/dynus_lite_ws/install/octomap_mapping/share/octomap_mapping/hook/cmake_prefix_path.dsv'
[251.786s] INFO:colcon.colcon_core.shell:Creating environment hook '/home/lorenzo/code/dynus_lite/dynus_lite_ws/install/octomap_mapping/share/octomap_mapping/hook/cmake_prefix_path.sh'
[251.787s] Level 1:colcon.colcon_core.environment:checking '/home/lorenzo/code/dynus_lite/dynus_lite_ws/install/octomap_mapping/bin'
[251.787s] Level 1:colcon.colcon_core.environment:checking '/home/lorenzo/code/dynus_lite/dynus_lite_ws/install/octomap_mapping/lib/pkgconfig/octomap_mapping.pc'
[251.787s] Level 1:colcon.colcon_core.environment:checking '/home/lorenzo/code/dynus_lite/dynus_lite_ws/install/octomap_mapping/lib/python3.10/site-packages'
[251.788s] Level 1:colcon.colcon_core.environment:checking '/home/lorenzo/code/dynus_lite/dynus_lite_ws/install/octomap_mapping/bin'
[251.789s] INFO:colcon.colcon_core.shell:Creating package script '/home/lorenzo/code/dynus_lite/dynus_lite_ws/install/octomap_mapping/share/octomap_mapping/package.ps1'
[251.790s] INFO:colcon.colcon_core.shell:Creating package descriptor '/home/lorenzo/code/dynus_lite/dynus_lite_ws/install/octomap_mapping/share/octomap_mapping/package.dsv'
[251.791s] INFO:colcon.colcon_core.shell:Creating package script '/home/lorenzo/code/dynus_lite/dynus_lite_ws/install/octomap_mapping/share/octomap_mapping/package.sh'
[251.791s] INFO:colcon.colcon_core.shell:Creating package script '/home/lorenzo/code/dynus_lite/dynus_lite_ws/install/octomap_mapping/share/octomap_mapping/package.bash'
[251.792s] INFO:colcon.colcon_core.shell:Creating package script '/home/lorenzo/code/dynus_lite/dynus_lite_ws/install/octomap_mapping/share/octomap_mapping/package.zsh'
[251.793s] Level 1:colcon.colcon_core.environment:create_file_with_runtime_dependencies(/home/lorenzo/code/dynus_lite/dynus_lite_ws/install/octomap_mapping/share/colcon-core/packages/octomap_mapping)
[251.794s] Level 1:colcon.colcon_core.environment:create_environment_scripts_only(octomap_mapping)
[251.794s] Level 1:colcon.colcon_core.environment:checking '/home/lorenzo/code/dynus_lite/dynus_lite_ws/install/octomap_mapping' for CMake module files
[251.795s] Level 1:colcon.colcon_core.environment:checking '/home/lorenzo/code/dynus_lite/dynus_lite_ws/install/octomap_mapping' for CMake config files
[251.796s] Level 1:colcon.colcon_core.shell:create_environment_hook('octomap_mapping', 'cmake_prefix_path')
[251.796s] INFO:colcon.colcon_core.shell:Creating environment hook '/home/lorenzo/code/dynus_lite/dynus_lite_ws/install/octomap_mapping/share/octomap_mapping/hook/cmake_prefix_path.ps1'
[251.797s] INFO:colcon.colcon_core.shell:Creating environment descriptor '/home/lorenzo/code/dynus_lite/dynus_lite_ws/install/octomap_mapping/share/octomap_mapping/hook/cmake_prefix_path.dsv'
[251.798s] INFO:colcon.colcon_core.shell:Creating environment hook '/home/lorenzo/code/dynus_lite/dynus_lite_ws/install/octomap_mapping/share/octomap_mapping/hook/cmake_prefix_path.sh'
[251.799s] Level 1:colcon.colcon_core.environment:checking '/home/lorenzo/code/dynus_lite/dynus_lite_ws/install/octomap_mapping/bin'
[251.799s] Level 1:colcon.colcon_core.environment:checking '/home/lorenzo/code/dynus_lite/dynus_lite_ws/install/octomap_mapping/lib/pkgconfig/octomap_mapping.pc'
[251.799s] Level 1:colcon.colcon_core.environment:checking '/home/lorenzo/code/dynus_lite/dynus_lite_ws/install/octomap_mapping/lib/python3.10/site-packages'
[251.800s] Level 1:colcon.colcon_core.environment:checking '/home/lorenzo/code/dynus_lite/dynus_lite_ws/install/octomap_mapping/bin'
[251.801s] INFO:colcon.colcon_core.shell:Creating package script '/home/lorenzo/code/dynus_lite/dynus_lite_ws/install/octomap_mapping/share/octomap_mapping/package.ps1'
[251.802s] INFO:colcon.colcon_core.shell:Creating package descriptor '/home/lorenzo/code/dynus_lite/dynus_lite_ws/install/octomap_mapping/share/octomap_mapping/package.dsv'
[251.803s] INFO:colcon.colcon_core.shell:Creating package script '/home/lorenzo/code/dynus_lite/dynus_lite_ws/install/octomap_mapping/share/octomap_mapping/package.sh'
[251.804s] INFO:colcon.colcon_core.shell:Creating package script '/home/lorenzo/code/dynus_lite/dynus_lite_ws/install/octomap_mapping/share/octomap_mapping/package.bash'
[251.805s] INFO:colcon.colcon_core.shell:Creating package script '/home/lorenzo/code/dynus_lite/dynus_lite_ws/install/octomap_mapping/share/octomap_mapping/package.zsh'
[251.805s] Level 1:colcon.colcon_core.environment:create_file_with_runtime_dependencies(/home/lorenzo/code/dynus_lite/dynus_lite_ws/install/octomap_mapping/share/colcon-core/packages/octomap_mapping)
[282.586s] DEBUG:colcon.colcon_core.event_handler.log_command:Invoked command in '/home/lorenzo/code/dynus_lite/dynus_lite_ws/build/gazebo_ros' returned '0': AMENT_PREFIX_PATH=/home/lorenzo/code/dynus_lite/dynus_lite_ws/install/gazebo_msgs:/home/lorenzo/code/dynus_lite/dynus_lite_ws/install/gazebo_dev:${AMENT_PREFIX_PATH} CMAKE_PREFIX_PATH=/home/lorenzo/code/dynus_lite/dynus_lite_ws/install/gazebo_msgs:/home/lorenzo/code/dynus_lite/dynus_lite_ws/install/gazebo_dev:/home/lorenzo/code/dynus_lite/dynus_lite_ws/install/livox_ros_driver2:/home/lorenzo/code/dynus_lite/dynus_lite_ws/install/snapstack_msgs2:/home/lorenzo/code/dynus_lite/dynus_lite_ws/install/decomp_util:/home/lorenzo/code/dynus_lite/dynus_lite_ws/install/decomp_ros_msgs:/opt/openrobots:/opt/ros/humble LD_LIBRARY_PATH=/home/lorenzo/code/dynus_lite/dynus_lite_ws/install/gazebo_msgs/lib:${LD_LIBRARY_PATH} PYTHONPATH=/home/lorenzo/code/dynus_lite/dynus_lite_ws/install/gazebo_msgs/local/lib/python3.10/dist-packages:${PYTHONPATH} /usr/bin/cmake --build /home/lorenzo/code/dynus_lite/dynus_lite_ws/build/gazebo_ros -- -j8 -l8
[282.588s] DEBUG:colcon.colcon_core.event_handler.log_command:Invoking command in '/home/lorenzo/code/dynus_lite/dynus_lite_ws/build/gazebo_ros': AMENT_PREFIX_PATH=/home/lorenzo/code/dynus_lite/dynus_lite_ws/install/gazebo_msgs:/home/lorenzo/code/dynus_lite/dynus_lite_ws/install/gazebo_dev:${AMENT_PREFIX_PATH} CMAKE_PREFIX_PATH=/home/lorenzo/code/dynus_lite/dynus_lite_ws/install/gazebo_msgs:/home/lorenzo/code/dynus_lite/dynus_lite_ws/install/gazebo_dev:/home/lorenzo/code/dynus_lite/dynus_lite_ws/install/livox_ros_driver2:/home/lorenzo/code/dynus_lite/dynus_lite_ws/install/snapstack_msgs2:/home/lorenzo/code/dynus_lite/dynus_lite_ws/install/decomp_util:/home/lorenzo/code/dynus_lite/dynus_lite_ws/install/decomp_ros_msgs:/opt/openrobots:/opt/ros/humble LD_LIBRARY_PATH=/home/lorenzo/code/dynus_lite/dynus_lite_ws/install/gazebo_msgs/lib:${LD_LIBRARY_PATH} PYTHONPATH=/home/lorenzo/code/dynus_lite/dynus_lite_ws/install/gazebo_msgs/local/lib/python3.10/dist-packages:${PYTHONPATH} /usr/bin/cmake --install /home/lorenzo/code/dynus_lite/dynus_lite_ws/build/gazebo_ros
[282.661s] Level 1:colcon.colcon_core.environment:create_environment_scripts_only(gazebo_ros)
[282.662s] Level 1:colcon.colcon_core.environment:checking '/home/lorenzo/code/dynus_lite/dynus_lite_ws/install/gazebo_ros' for CMake module files
[282.662s] DEBUG:colcon.colcon_core.event_handler.log_command:Invoked command in '/home/lorenzo/code/dynus_lite/dynus_lite_ws/build/gazebo_ros' returned '0': AMENT_PREFIX_PATH=/home/lorenzo/code/dynus_lite/dynus_lite_ws/install/gazebo_msgs:/home/lorenzo/code/dynus_lite/dynus_lite_ws/install/gazebo_dev:${AMENT_PREFIX_PATH} CMAKE_PREFIX_PATH=/home/lorenzo/code/dynus_lite/dynus_lite_ws/install/gazebo_msgs:/home/lorenzo/code/dynus_lite/dynus_lite_ws/install/gazebo_dev:/home/lorenzo/code/dynus_lite/dynus_lite_ws/install/livox_ros_driver2:/home/lorenzo/code/dynus_lite/dynus_lite_ws/install/snapstack_msgs2:/home/lorenzo/code/dynus_lite/dynus_lite_ws/install/decomp_util:/home/lorenzo/code/dynus_lite/dynus_lite_ws/install/decomp_ros_msgs:/opt/openrobots:/opt/ros/humble LD_LIBRARY_PATH=/home/lorenzo/code/dynus_lite/dynus_lite_ws/install/gazebo_msgs/lib:${LD_LIBRARY_PATH} PYTHONPATH=/home/lorenzo/code/dynus_lite/dynus_lite_ws/install/gazebo_msgs/local/lib/python3.10/dist-packages:${PYTHONPATH} /usr/bin/cmake --install /home/lorenzo/code/dynus_lite/dynus_lite_ws/build/gazebo_ros
[282.662s] Level 1:colcon.colcon_core.environment:checking '/home/lorenzo/code/dynus_lite/dynus_lite_ws/install/gazebo_ros' for CMake config files
[282.663s] Level 1:colcon.colcon_core.shell:create_environment_hook('gazebo_ros', 'cmake_prefix_path')
[282.663s] INFO:colcon.colcon_core.shell:Creating environment hook '/home/lorenzo/code/dynus_lite/dynus_lite_ws/install/gazebo_ros/share/gazebo_ros/hook/cmake_prefix_path.ps1'
[282.663s] INFO:colcon.colcon_core.shell:Creating environment descriptor '/home/lorenzo/code/dynus_lite/dynus_lite_ws/install/gazebo_ros/share/gazebo_ros/hook/cmake_prefix_path.dsv'
[282.664s] INFO:colcon.colcon_core.shell:Creating environment hook '/home/lorenzo/code/dynus_lite/dynus_lite_ws/install/gazebo_ros/share/gazebo_ros/hook/cmake_prefix_path.sh'
[282.664s] Level 1:colcon.colcon_core.environment:checking '/home/lorenzo/code/dynus_lite/dynus_lite_ws/install/gazebo_ros/lib'
[282.664s] Level 1:colcon.colcon_core.shell:create_environment_hook('gazebo_ros', 'ld_library_path_lib')
[282.664s] INFO:colcon.colcon_core.shell:Creating environment hook '/home/lorenzo/code/dynus_lite/dynus_lite_ws/install/gazebo_ros/share/gazebo_ros/hook/ld_library_path_lib.ps1'
[282.665s] INFO:colcon.colcon_core.shell:Creating environment descriptor '/home/lorenzo/code/dynus_lite/dynus_lite_ws/install/gazebo_ros/share/gazebo_ros/hook/ld_library_path_lib.dsv'
[282.665s] INFO:colcon.colcon_core.shell:Creating environment hook '/home/lorenzo/code/dynus_lite/dynus_lite_ws/install/gazebo_ros/share/gazebo_ros/hook/ld_library_path_lib.sh'
[282.665s] Level 1:colcon.colcon_core.environment:checking '/home/lorenzo/code/dynus_lite/dynus_lite_ws/install/gazebo_ros/bin'
[282.665s] Level 1:colcon.colcon_core.environment:checking '/home/lorenzo/code/dynus_lite/dynus_lite_ws/install/gazebo_ros/lib/pkgconfig/gazebo_ros.pc'
[282.665s] Level 1:colcon.colcon_core.environment:checking '/home/lorenzo/code/dynus_lite/dynus_lite_ws/install/gazebo_ros/lib/python3.10/site-packages'
[282.666s] Level 1:colcon.colcon_core.environment:checking '/home/lorenzo/code/dynus_lite/dynus_lite_ws/install/gazebo_ros/bin'
[282.666s] INFO:colcon.colcon_core.shell:Creating package script '/home/lorenzo/code/dynus_lite/dynus_lite_ws/install/gazebo_ros/share/gazebo_ros/package.ps1'
[282.666s] INFO:colcon.colcon_core.shell:Creating package descriptor '/home/lorenzo/code/dynus_lite/dynus_lite_ws/install/gazebo_ros/share/gazebo_ros/package.dsv'
[282.667s] INFO:colcon.colcon_core.shell:Creating package script '/home/lorenzo/code/dynus_lite/dynus_lite_ws/install/gazebo_ros/share/gazebo_ros/package.sh'
[282.667s] INFO:colcon.colcon_core.shell:Creating package script '/home/lorenzo/code/dynus_lite/dynus_lite_ws/install/gazebo_ros/share/gazebo_ros/package.bash'
[282.667s] INFO:colcon.colcon_core.shell:Creating package script '/home/lorenzo/code/dynus_lite/dynus_lite_ws/install/gazebo_ros/share/gazebo_ros/package.zsh'
[282.668s] Level 1:colcon.colcon_core.environment:create_file_with_runtime_dependencies(/home/lorenzo/code/dynus_lite/dynus_lite_ws/install/gazebo_ros/share/colcon-core/packages/gazebo_ros)
[282.668s] Level 1:colcon.colcon_core.environment:create_environment_scripts_only(gazebo_ros)
[282.668s] Level 1:colcon.colcon_core.environment:checking '/home/lorenzo/code/dynus_lite/dynus_lite_ws/install/gazebo_ros' for CMake module files
[282.669s] Level 1:colcon.colcon_core.environment:checking '/home/lorenzo/code/dynus_lite/dynus_lite_ws/install/gazebo_ros' for CMake config files
[282.669s] Level 1:colcon.colcon_core.shell:create_environment_hook('gazebo_ros', 'cmake_prefix_path')
[282.669s] INFO:colcon.colcon_core.shell:Creating environment hook '/home/lorenzo/code/dynus_lite/dynus_lite_ws/install/gazebo_ros/share/gazebo_ros/hook/cmake_prefix_path.ps1'
[282.670s] INFO:colcon.colcon_core.shell:Creating environment descriptor '/home/lorenzo/code/dynus_lite/dynus_lite_ws/install/gazebo_ros/share/gazebo_ros/hook/cmake_prefix_path.dsv'
[282.670s] INFO:colcon.colcon_core.shell:Creating environment hook '/home/lorenzo/code/dynus_lite/dynus_lite_ws/install/gazebo_ros/share/gazebo_ros/hook/cmake_prefix_path.sh'
[282.670s] Level 1:colcon.colcon_core.environment:checking '/home/lorenzo/code/dynus_lite/dynus_lite_ws/install/gazebo_ros/lib'
[282.670s] Level 1:colcon.colcon_core.shell:create_environment_hook('gazebo_ros', 'ld_library_path_lib')
[282.671s] INFO:colcon.colcon_core.shell:Creating environment hook '/home/lorenzo/code/dynus_lite/dynus_lite_ws/install/gazebo_ros/share/gazebo_ros/hook/ld_library_path_lib.ps1'
[282.671s] INFO:colcon.colcon_core.shell:Creating environment descriptor '/home/lorenzo/code/dynus_lite/dynus_lite_ws/install/gazebo_ros/share/gazebo_ros/hook/ld_library_path_lib.dsv'
[282.671s] INFO:colcon.colcon_core.shell:Creating environment hook '/home/lorenzo/code/dynus_lite/dynus_lite_ws/install/gazebo_ros/share/gazebo_ros/hook/ld_library_path_lib.sh'
[282.672s] Level 1:colcon.colcon_core.environment:checking '/home/lorenzo/code/dynus_lite/dynus_lite_ws/install/gazebo_ros/bin'
[282.672s] Level 1:colcon.colcon_core.environment:checking '/home/lorenzo/code/dynus_lite/dynus_lite_ws/install/gazebo_ros/lib/pkgconfig/gazebo_ros.pc'
[282.672s] Level 1:colcon.colcon_core.environment:checking '/home/lorenzo/code/dynus_lite/dynus_lite_ws/install/gazebo_ros/lib/python3.10/site-packages'
[282.672s] Level 1:colcon.colcon_core.environment:checking '/home/lorenzo/code/dynus_lite/dynus_lite_ws/install/gazebo_ros/bin'
[282.672s] INFO:colcon.colcon_core.shell:Creating package script '/home/lorenzo/code/dynus_lite/dynus_lite_ws/install/gazebo_ros/share/gazebo_ros/package.ps1'
[282.673s] INFO:colcon.colcon_core.shell:Creating package descriptor '/home/lorenzo/code/dynus_lite/dynus_lite_ws/install/gazebo_ros/share/gazebo_ros/package.dsv'
[282.673s] INFO:colcon.colcon_core.shell:Creating package script '/home/lorenzo/code/dynus_lite/dynus_lite_ws/install/gazebo_ros/share/gazebo_ros/package.sh'
[282.674s] INFO:colcon.colcon_core.shell:Creating package script '/home/lorenzo/code/dynus_lite/dynus_lite_ws/install/gazebo_ros/share/gazebo_ros/package.bash'
[282.674s] INFO:colcon.colcon_core.shell:Creating package script '/home/lorenzo/code/dynus_lite/dynus_lite_ws/install/gazebo_ros/share/gazebo_ros/package.zsh'
[282.674s] Level 1:colcon.colcon_core.environment:create_file_with_runtime_dependencies(/home/lorenzo/code/dynus_lite/dynus_lite_ws/install/gazebo_ros/share/colcon-core/packages/gazebo_ros)
[282.675s] INFO:colcon.colcon_ros.task.ament_cmake.build:Building ROS package in '/home/lorenzo/code/dynus_lite/dynus_lite_ws/src/gazebo_ros_pkgs/gazebo_plugins' with build type 'ament_cmake'
[282.675s] INFO:colcon.colcon_cmake.task.cmake.build:Building CMake package in '/home/lorenzo/code/dynus_lite/dynus_lite_ws/src/gazebo_ros_pkgs/gazebo_plugins'
[282.675s] INFO:colcon.colcon_core.shell:Skip shell extension 'powershell' for command environment: Not usable outside of PowerShell
[282.675s] DEBUG:colcon.colcon_core.shell:Skip shell extension 'dsv' for command environment
[282.679s] INFO:colcon.colcon_ros.task.catkin.build:Building ROS package in '/home/lorenzo/code/dynus_lite/dynus_lite_ws/src/realsense_gazebo_plugin' with build type 'catkin'
[282.679s] INFO:colcon.colcon_cmake.task.cmake.build:Building CMake package in '/home/lorenzo/code/dynus_lite/dynus_lite_ws/src/realsense_gazebo_plugin'
[282.679s] INFO:colcon.colcon_core.shell:Skip shell extension 'powershell' for command environment: Not usable outside of PowerShell
[282.679s] DEBUG:colcon.colcon_core.shell:Skip shell extension 'dsv' for command environment
[282.687s] DEBUG:colcon.colcon_core.event_handler.log_command:Invoking command in '/home/lorenzo/code/dynus_lite/dynus_lite_ws/build/gazebo_plugins': AMENT_PREFIX_PATH=/home/lorenzo/code/dynus_lite/dynus_lite_ws/install/gazebo_ros:/home/lorenzo/code/dynus_lite/dynus_lite_ws/install/gazebo_msgs:/home/lorenzo/code/dynus_lite/dynus_lite_ws/install/gazebo_dev:${AMENT_PREFIX_PATH} CMAKE_PREFIX_PATH=/home/lorenzo/code/dynus_lite/dynus_lite_ws/install/gazebo_ros:/home/lorenzo/code/dynus_lite/dynus_lite_ws/install/gazebo_msgs:/home/lorenzo/code/dynus_lite/dynus_lite_ws/install/gazebo_dev:/home/lorenzo/code/dynus_lite/dynus_lite_ws/install/livox_ros_driver2:/home/lorenzo/code/dynus_lite/dynus_lite_ws/install/snapstack_msgs2:/home/lorenzo/code/dynus_lite/dynus_lite_ws/install/decomp_util:/home/lorenzo/code/dynus_lite/dynus_lite_ws/install/decomp_ros_msgs:/opt/openrobots:/opt/ros/humble LD_LIBRARY_PATH=/home/lorenzo/code/dynus_lite/dynus_lite_ws/install/gazebo_ros/lib:/home/lorenzo/code/dynus_lite/dynus_lite_ws/install/gazebo_msgs/lib:${LD_LIBRARY_PATH} PYTHONPATH=/home/lorenzo/code/dynus_lite/dynus_lite_ws/install/gazebo_ros/local/lib/python3.10/dist-packages:/home/lorenzo/code/dynus_lite/dynus_lite_ws/install/gazebo_msgs/local/lib/python3.10/dist-packages:${PYTHONPATH} /usr/bin/cmake /home/lorenzo/code/dynus_lite/dynus_lite_ws/src/gazebo_ros_pkgs/gazebo_plugins -DCMAKE_INSTALL_PREFIX=/home/lorenzo/code/dynus_lite/dynus_lite_ws/install/gazebo_plugins
[282.690s] DEBUG:colcon.colcon_core.event_handler.log_command:Invoking command in '/home/lorenzo/code/dynus_lite/dynus_lite_ws/build/realsense_gazebo_plugin': AMENT_PREFIX_PATH=/home/lorenzo/code/dynus_lite/dynus_lite_ws/install/gazebo_ros:/home/lorenzo/code/dynus_lite/dynus_lite_ws/install/gazebo_msgs:/home/lorenzo/code/dynus_lite/dynus_lite_ws/install/gazebo_dev:${AMENT_PREFIX_PATH} CMAKE_PREFIX_PATH=/home/lorenzo/code/dynus_lite/dynus_lite_ws/install/gazebo_ros:/home/lorenzo/code/dynus_lite/dynus_lite_ws/install/gazebo_msgs:/home/lorenzo/code/dynus_lite/dynus_lite_ws/install/gazebo_dev:/home/lorenzo/code/dynus_lite/dynus_lite_ws/install/livox_ros_driver2:/home/lorenzo/code/dynus_lite/dynus_lite_ws/install/snapstack_msgs2:/home/lorenzo/code/dynus_lite/dynus_lite_ws/install/decomp_util:/home/lorenzo/code/dynus_lite/dynus_lite_ws/install/decomp_ros_msgs:/opt/openrobots LD_LIBRARY_PATH=/home/lorenzo/code/dynus_lite/dynus_lite_ws/install/gazebo_ros/lib:/home/lorenzo/code/dynus_lite/dynus_lite_ws/install/gazebo_msgs/lib:${LD_LIBRARY_PATH} PYTHONPATH=/home/lorenzo/code/dynus_lite/dynus_lite_ws/install/gazebo_ros/local/lib/python3.10/dist-packages:/home/lorenzo/code/dynus_lite/dynus_lite_ws/install/gazebo_msgs/local/lib/python3.10/dist-packages:${PYTHONPATH} /usr/bin/cmake /home/lorenzo/code/dynus_lite/dynus_lite_ws/src/realsense_gazebo_plugin -DCATKIN_INSTALL_INTO_PREFIX_ROOT=0 -DCMAKE_INSTALL_PREFIX=/home/lorenzo/code/dynus_lite/dynus_lite_ws/install/realsense_gazebo_plugin
[284.822s] DEBUG:colcon.colcon_core.event_handler.log_command:Invoked command in '/home/lorenzo/code/dynus_lite/dynus_lite_ws/build/realsense_gazebo_plugin' returned '0': AMENT_PREFIX_PATH=/home/lorenzo/code/dynus_lite/dynus_lite_ws/install/gazebo_ros:/home/lorenzo/code/dynus_lite/dynus_lite_ws/install/gazebo_msgs:/home/lorenzo/code/dynus_lite/dynus_lite_ws/install/gazebo_dev:${AMENT_PREFIX_PATH} CMAKE_PREFIX_PATH=/home/lorenzo/code/dynus_lite/dynus_lite_ws/install/gazebo_ros:/home/lorenzo/code/dynus_lite/dynus_lite_ws/install/gazebo_msgs:/home/lorenzo/code/dynus_lite/dynus_lite_ws/install/gazebo_dev:/home/lorenzo/code/dynus_lite/dynus_lite_ws/install/livox_ros_driver2:/home/lorenzo/code/dynus_lite/dynus_lite_ws/install/snapstack_msgs2:/home/lorenzo/code/dynus_lite/dynus_lite_ws/install/decomp_util:/home/lorenzo/code/dynus_lite/dynus_lite_ws/install/decomp_ros_msgs:/opt/openrobots LD_LIBRARY_PATH=/home/lorenzo/code/dynus_lite/dynus_lite_ws/install/gazebo_ros/lib:/home/lorenzo/code/dynus_lite/dynus_lite_ws/install/gazebo_msgs/lib:${LD_LIBRARY_PATH} PYTHONPATH=/home/lorenzo/code/dynus_lite/dynus_lite_ws/install/gazebo_ros/local/lib/python3.10/dist-packages:/home/lorenzo/code/dynus_lite/dynus_lite_ws/install/gazebo_msgs/local/lib/python3.10/dist-packages:${PYTHONPATH} /usr/bin/cmake /home/lorenzo/code/dynus_lite/dynus_lite_ws/src/realsense_gazebo_plugin -DCATKIN_INSTALL_INTO_PREFIX_ROOT=0 -DCMAKE_INSTALL_PREFIX=/home/lorenzo/code/dynus_lite/dynus_lite_ws/install/realsense_gazebo_plugin
[284.824s] DEBUG:colcon.colcon_core.event_handler.log_command:Invoking command in '/home/lorenzo/code/dynus_lite/dynus_lite_ws/build/realsense_gazebo_plugin': AMENT_PREFIX_PATH=/home/lorenzo/code/dynus_lite/dynus_lite_ws/install/gazebo_ros:/home/lorenzo/code/dynus_lite/dynus_lite_ws/install/gazebo_msgs:/home/lorenzo/code/dynus_lite/dynus_lite_ws/install/gazebo_dev:${AMENT_PREFIX_PATH} CMAKE_PREFIX_PATH=/home/lorenzo/code/dynus_lite/dynus_lite_ws/install/gazebo_ros:/home/lorenzo/code/dynus_lite/dynus_lite_ws/install/gazebo_msgs:/home/lorenzo/code/dynus_lite/dynus_lite_ws/install/gazebo_dev:/home/lorenzo/code/dynus_lite/dynus_lite_ws/install/livox_ros_driver2:/home/lorenzo/code/dynus_lite/dynus_lite_ws/install/snapstack_msgs2:/home/lorenzo/code/dynus_lite/dynus_lite_ws/install/decomp_util:/home/lorenzo/code/dynus_lite/dynus_lite_ws/install/decomp_ros_msgs:/opt/openrobots LD_LIBRARY_PATH=/home/lorenzo/code/dynus_lite/dynus_lite_ws/install/gazebo_ros/lib:/home/lorenzo/code/dynus_lite/dynus_lite_ws/install/gazebo_msgs/lib:${LD_LIBRARY_PATH} PYTHONPATH=/home/lorenzo/code/dynus_lite/dynus_lite_ws/install/gazebo_ros/local/lib/python3.10/dist-packages:/home/lorenzo/code/dynus_lite/dynus_lite_ws/install/gazebo_msgs/local/lib/python3.10/dist-packages:${PYTHONPATH} /usr/bin/cmake --build /home/lorenzo/code/dynus_lite/dynus_lite_ws/build/realsense_gazebo_plugin -- -j8 -l8
[286.216s] DEBUG:colcon.colcon_core.event_handler.log_command:Invoked command in '/home/lorenzo/code/dynus_lite/dynus_lite_ws/build/gazebo_plugins' returned '0': AMENT_PREFIX_PATH=/home/lorenzo/code/dynus_lite/dynus_lite_ws/install/gazebo_ros:/home/lorenzo/code/dynus_lite/dynus_lite_ws/install/gazebo_msgs:/home/lorenzo/code/dynus_lite/dynus_lite_ws/install/gazebo_dev:${AMENT_PREFIX_PATH} CMAKE_PREFIX_PATH=/home/lorenzo/code/dynus_lite/dynus_lite_ws/install/gazebo_ros:/home/lorenzo/code/dynus_lite/dynus_lite_ws/install/gazebo_msgs:/home/lorenzo/code/dynus_lite/dynus_lite_ws/install/gazebo_dev:/home/lorenzo/code/dynus_lite/dynus_lite_ws/install/livox_ros_driver2:/home/lorenzo/code/dynus_lite/dynus_lite_ws/install/snapstack_msgs2:/home/lorenzo/code/dynus_lite/dynus_lite_ws/install/decomp_util:/home/lorenzo/code/dynus_lite/dynus_lite_ws/install/decomp_ros_msgs:/opt/openrobots:/opt/ros/humble LD_LIBRARY_PATH=/home/lorenzo/code/dynus_lite/dynus_lite_ws/install/gazebo_ros/lib:/home/lorenzo/code/dynus_lite/dynus_lite_ws/install/gazebo_msgs/lib:${LD_LIBRARY_PATH} PYTHONPATH=/home/lorenzo/code/dynus_lite/dynus_lite_ws/install/gazebo_ros/local/lib/python3.10/dist-packages:/home/lorenzo/code/dynus_lite/dynus_lite_ws/install/gazebo_msgs/local/lib/python3.10/dist-packages:${PYTHONPATH} /usr/bin/cmake /home/lorenzo/code/dynus_lite/dynus_lite_ws/src/gazebo_ros_pkgs/gazebo_plugins -DCMAKE_INSTALL_PREFIX=/home/lorenzo/code/dynus_lite/dynus_lite_ws/install/gazebo_plugins
[286.219s] DEBUG:colcon.colcon_core.event_handler.log_command:Invoking command in '/home/lorenzo/code/dynus_lite/dynus_lite_ws/build/gazebo_plugins': AMENT_PREFIX_PATH=/home/lorenzo/code/dynus_lite/dynus_lite_ws/install/gazebo_ros:/home/lorenzo/code/dynus_lite/dynus_lite_ws/install/gazebo_msgs:/home/lorenzo/code/dynus_lite/dynus_lite_ws/install/gazebo_dev:${AMENT_PREFIX_PATH} CMAKE_PREFIX_PATH=/home/lorenzo/code/dynus_lite/dynus_lite_ws/install/gazebo_ros:/home/lorenzo/code/dynus_lite/dynus_lite_ws/install/gazebo_msgs:/home/lorenzo/code/dynus_lite/dynus_lite_ws/install/gazebo_dev:/home/lorenzo/code/dynus_lite/dynus_lite_ws/install/livox_ros_driver2:/home/lorenzo/code/dynus_lite/dynus_lite_ws/install/snapstack_msgs2:/home/lorenzo/code/dynus_lite/dynus_lite_ws/install/decomp_util:/home/lorenzo/code/dynus_lite/dynus_lite_ws/install/decomp_ros_msgs:/opt/openrobots:/opt/ros/humble LD_LIBRARY_PATH=/home/lorenzo/code/dynus_lite/dynus_lite_ws/install/gazebo_ros/lib:/home/lorenzo/code/dynus_lite/dynus_lite_ws/install/gazebo_msgs/lib:${LD_LIBRARY_PATH} PYTHONPATH=/home/lorenzo/code/dynus_lite/dynus_lite_ws/install/gazebo_ros/local/lib/python3.10/dist-packages:/home/lorenzo/code/dynus_lite/dynus_lite_ws/install/gazebo_msgs/local/lib/python3.10/dist-packages:${PYTHONPATH} /usr/bin/cmake --build /home/lorenzo/code/dynus_lite/dynus_lite_ws/build/gazebo_plugins -- -j8 -l8
[336.867s] DEBUG:colcon.colcon_core.event_handler.log_command:Invoked command in '/home/lorenzo/code/dynus_lite/dynus_lite_ws/build/realsense_gazebo_plugin' returned '0': AMENT_PREFIX_PATH=/home/lorenzo/code/dynus_lite/dynus_lite_ws/install/gazebo_ros:/home/lorenzo/code/dynus_lite/dynus_lite_ws/install/gazebo_msgs:/home/lorenzo/code/dynus_lite/dynus_lite_ws/install/gazebo_dev:${AMENT_PREFIX_PATH} CMAKE_PREFIX_PATH=/home/lorenzo/code/dynus_lite/dynus_lite_ws/install/gazebo_ros:/home/lorenzo/code/dynus_lite/dynus_lite_ws/install/gazebo_msgs:/home/lorenzo/code/dynus_lite/dynus_lite_ws/install/gazebo_dev:/home/lorenzo/code/dynus_lite/dynus_lite_ws/install/livox_ros_driver2:/home/lorenzo/code/dynus_lite/dynus_lite_ws/install/snapstack_msgs2:/home/lorenzo/code/dynus_lite/dynus_lite_ws/install/decomp_util:/home/lorenzo/code/dynus_lite/dynus_lite_ws/install/decomp_ros_msgs:/opt/openrobots LD_LIBRARY_PATH=/home/lorenzo/code/dynus_lite/dynus_lite_ws/install/gazebo_ros/lib:/home/lorenzo/code/dynus_lite/dynus_lite_ws/install/gazebo_msgs/lib:${LD_LIBRARY_PATH} PYTHONPATH=/home/lorenzo/code/dynus_lite/dynus_lite_ws/install/gazebo_ros/local/lib/python3.10/dist-packages:/home/lorenzo/code/dynus_lite/dynus_lite_ws/install/gazebo_msgs/local/lib/python3.10/dist-packages:${PYTHONPATH} /usr/bin/cmake --build /home/lorenzo/code/dynus_lite/dynus_lite_ws/build/realsense_gazebo_plugin -- -j8 -l8
[336.870s] DEBUG:colcon.colcon_core.event_handler.log_command:Invoking command in '/home/lorenzo/code/dynus_lite/dynus_lite_ws/build/realsense_gazebo_plugin': AMENT_PREFIX_PATH=/home/lorenzo/code/dynus_lite/dynus_lite_ws/install/gazebo_ros:/home/lorenzo/code/dynus_lite/dynus_lite_ws/install/gazebo_msgs:/home/lorenzo/code/dynus_lite/dynus_lite_ws/install/gazebo_dev:${AMENT_PREFIX_PATH} CMAKE_PREFIX_PATH=/home/lorenzo/code/dynus_lite/dynus_lite_ws/install/gazebo_ros:/home/lorenzo/code/dynus_lite/dynus_lite_ws/install/gazebo_msgs:/home/lorenzo/code/dynus_lite/dynus_lite_ws/install/gazebo_dev:/home/lorenzo/code/dynus_lite/dynus_lite_ws/install/livox_ros_driver2:/home/lorenzo/code/dynus_lite/dynus_lite_ws/install/snapstack_msgs2:/home/lorenzo/code/dynus_lite/dynus_lite_ws/install/decomp_util:/home/lorenzo/code/dynus_lite/dynus_lite_ws/install/decomp_ros_msgs:/opt/openrobots LD_LIBRARY_PATH=/home/lorenzo/code/dynus_lite/dynus_lite_ws/install/gazebo_ros/lib:/home/lorenzo/code/dynus_lite/dynus_lite_ws/install/gazebo_msgs/lib:${LD_LIBRARY_PATH} PYTHONPATH=/home/lorenzo/code/dynus_lite/dynus_lite_ws/install/gazebo_ros/local/lib/python3.10/dist-packages:/home/lorenzo/code/dynus_lite/dynus_lite_ws/install/gazebo_msgs/local/lib/python3.10/dist-packages:${PYTHONPATH} /usr/bin/cmake --install /home/lorenzo/code/dynus_lite/dynus_lite_ws/build/realsense_gazebo_plugin
[336.885s] DEBUG:colcon.colcon_core.event_handler.log_command:Invoked command in '/home/lorenzo/code/dynus_lite/dynus_lite_ws/build/realsense_gazebo_plugin' returned '0': AMENT_PREFIX_PATH=/home/lorenzo/code/dynus_lite/dynus_lite_ws/install/gazebo_ros:/home/lorenzo/code/dynus_lite/dynus_lite_ws/install/gazebo_msgs:/home/lorenzo/code/dynus_lite/dynus_lite_ws/install/gazebo_dev:${AMENT_PREFIX_PATH} CMAKE_PREFIX_PATH=/home/lorenzo/code/dynus_lite/dynus_lite_ws/install/gazebo_ros:/home/lorenzo/code/dynus_lite/dynus_lite_ws/install/gazebo_msgs:/home/lorenzo/code/dynus_lite/dynus_lite_ws/install/gazebo_dev:/home/lorenzo/code/dynus_lite/dynus_lite_ws/install/livox_ros_driver2:/home/lorenzo/code/dynus_lite/dynus_lite_ws/install/snapstack_msgs2:/home/lorenzo/code/dynus_lite/dynus_lite_ws/install/decomp_util:/home/lorenzo/code/dynus_lite/dynus_lite_ws/install/decomp_ros_msgs:/opt/openrobots LD_LIBRARY_PATH=/home/lorenzo/code/dynus_lite/dynus_lite_ws/install/gazebo_ros/lib:/home/lorenzo/code/dynus_lite/dynus_lite_ws/install/gazebo_msgs/lib:${LD_LIBRARY_PATH} PYTHONPATH=/home/lorenzo/code/dynus_lite/dynus_lite_ws/install/gazebo_ros/local/lib/python3.10/dist-packages:/home/lorenzo/code/dynus_lite/dynus_lite_ws/install/gazebo_msgs/local/lib/python3.10/dist-packages:${PYTHONPATH} /usr/bin/cmake --install /home/lorenzo/code/dynus_lite/dynus_lite_ws/build/realsense_gazebo_plugin
[336.885s] Level 1:colcon.colcon_core.shell:create_environment_hook('realsense_gazebo_plugin', 'ros_package_path')
[336.885s] INFO:colcon.colcon_core.shell:Creating environment hook '/home/lorenzo/code/dynus_lite/dynus_lite_ws/install/realsense_gazebo_plugin/share/realsense_gazebo_plugin/hook/ros_package_path.ps1'
[336.886s] INFO:colcon.colcon_core.shell:Creating environment descriptor '/home/lorenzo/code/dynus_lite/dynus_lite_ws/install/realsense_gazebo_plugin/share/realsense_gazebo_plugin/hook/ros_package_path.dsv'
[336.886s] INFO:colcon.colcon_core.shell:Creating environment hook '/home/lorenzo/code/dynus_lite/dynus_lite_ws/install/realsense_gazebo_plugin/share/realsense_gazebo_plugin/hook/ros_package_path.sh'
[336.887s] Level 1:colcon.colcon_core.shell:create_environment_hook('realsense_gazebo_plugin', 'pkg_config_path')
[336.887s] INFO:colcon.colcon_core.shell:Creating environment hook '/home/lorenzo/code/dynus_lite/dynus_lite_ws/install/realsense_gazebo_plugin/share/realsense_gazebo_plugin/hook/pkg_config_path.ps1'
[336.888s] INFO:colcon.colcon_core.shell:Creating environment descriptor '/home/lorenzo/code/dynus_lite/dynus_lite_ws/install/realsense_gazebo_plugin/share/realsense_gazebo_plugin/hook/pkg_config_path.dsv'
[336.888s] INFO:colcon.colcon_core.shell:Creating environment hook '/home/lorenzo/code/dynus_lite/dynus_lite_ws/install/realsense_gazebo_plugin/share/realsense_gazebo_plugin/hook/pkg_config_path.sh'
[336.888s] Level 1:colcon.colcon_core.shell:create_environment_hook('realsense_gazebo_plugin', 'pkg_config_path_multiarch')
[336.889s] INFO:colcon.colcon_core.shell:Creating environment hook '/home/lorenzo/code/dynus_lite/dynus_lite_ws/install/realsense_gazebo_plugin/share/realsense_gazebo_plugin/hook/pkg_config_path_multiarch.ps1'
[336.889s] INFO:colcon.colcon_core.shell:Creating environment descriptor '/home/lorenzo/code/dynus_lite/dynus_lite_ws/install/realsense_gazebo_plugin/share/realsense_gazebo_plugin/hook/pkg_config_path_multiarch.dsv'
[336.889s] INFO:colcon.colcon_core.shell:Creating environment hook '/home/lorenzo/code/dynus_lite/dynus_lite_ws/install/realsense_gazebo_plugin/share/realsense_gazebo_plugin/hook/pkg_config_path_multiarch.sh'
[336.891s] Level 1:colcon.colcon_core.environment:create_environment_scripts_only(realsense_gazebo_plugin)
[336.891s] Level 1:colcon.colcon_core.environment:checking '/home/lorenzo/code/dynus_lite/dynus_lite_ws/install/realsense_gazebo_plugin' for CMake module files
[336.891s] Level 1:colcon.colcon_core.environment:checking '/home/lorenzo/code/dynus_lite/dynus_lite_ws/install/realsense_gazebo_plugin' for CMake config files
[336.892s] Level 1:colcon.colcon_core.shell:create_environment_hook('realsense_gazebo_plugin', 'cmake_prefix_path')
[336.892s] INFO:colcon.colcon_core.shell:Creating environment hook '/home/lorenzo/code/dynus_lite/dynus_lite_ws/install/realsense_gazebo_plugin/share/realsense_gazebo_plugin/hook/cmake_prefix_path.ps1'
[336.892s] INFO:colcon.colcon_core.shell:Creating environment descriptor '/home/lorenzo/code/dynus_lite/dynus_lite_ws/install/realsense_gazebo_plugin/share/realsense_gazebo_plugin/hook/cmake_prefix_path.dsv'
[336.893s] INFO:colcon.colcon_core.shell:Creating environment hook '/home/lorenzo/code/dynus_lite/dynus_lite_ws/install/realsense_gazebo_plugin/share/realsense_gazebo_plugin/hook/cmake_prefix_path.sh'
[336.893s] Level 1:colcon.colcon_core.environment:checking '/home/lorenzo/code/dynus_lite/dynus_lite_ws/install/realsense_gazebo_plugin/lib'
[336.893s] Level 1:colcon.colcon_core.shell:create_environment_hook('realsense_gazebo_plugin', 'ld_library_path_lib')
[336.894s] INFO:colcon.colcon_core.shell:Creating environment hook '/home/lorenzo/code/dynus_lite/dynus_lite_ws/install/realsense_gazebo_plugin/share/realsense_gazebo_plugin/hook/ld_library_path_lib.ps1'
[336.894s] INFO:colcon.colcon_core.shell:Creating environment descriptor '/home/lorenzo/code/dynus_lite/dynus_lite_ws/install/realsense_gazebo_plugin/share/realsense_gazebo_plugin/hook/ld_library_path_lib.dsv'
[336.894s] INFO:colcon.colcon_core.shell:Creating environment hook '/home/lorenzo/code/dynus_lite/dynus_lite_ws/install/realsense_gazebo_plugin/share/realsense_gazebo_plugin/hook/ld_library_path_lib.sh'
[336.895s] Level 1:colcon.colcon_core.environment:checking '/home/lorenzo/code/dynus_lite/dynus_lite_ws/install/realsense_gazebo_plugin/bin'
[336.895s] Level 1:colcon.colcon_core.environment:checking '/home/lorenzo/code/dynus_lite/dynus_lite_ws/install/realsense_gazebo_plugin/lib/pkgconfig/realsense_gazebo_plugin.pc'
[336.895s] Level 1:colcon.colcon_core.environment:checking '/home/lorenzo/code/dynus_lite/dynus_lite_ws/install/realsense_gazebo_plugin/lib/python3.10/site-packages'
[336.895s] Level 1:colcon.colcon_core.environment:checking '/home/lorenzo/code/dynus_lite/dynus_lite_ws/install/realsense_gazebo_plugin/bin'
[336.896s] INFO:colcon.colcon_core.shell:Creating package script '/home/lorenzo/code/dynus_lite/dynus_lite_ws/install/realsense_gazebo_plugin/share/realsense_gazebo_plugin/package.ps1'
[336.897s] INFO:colcon.colcon_core.shell:Creating package descriptor '/home/lorenzo/code/dynus_lite/dynus_lite_ws/install/realsense_gazebo_plugin/share/realsense_gazebo_plugin/package.dsv'
[336.897s] INFO:colcon.colcon_core.shell:Creating package script '/home/lorenzo/code/dynus_lite/dynus_lite_ws/install/realsense_gazebo_plugin/share/realsense_gazebo_plugin/package.sh'
[336.898s] INFO:colcon.colcon_core.shell:Creating package script '/home/lorenzo/code/dynus_lite/dynus_lite_ws/install/realsense_gazebo_plugin/share/realsense_gazebo_plugin/package.bash'
[336.898s] INFO:colcon.colcon_core.shell:Creating package script '/home/lorenzo/code/dynus_lite/dynus_lite_ws/install/realsense_gazebo_plugin/share/realsense_gazebo_plugin/package.zsh'
[336.899s] Level 1:colcon.colcon_core.environment:create_file_with_runtime_dependencies(/home/lorenzo/code/dynus_lite/dynus_lite_ws/install/realsense_gazebo_plugin/share/colcon-core/packages/realsense_gazebo_plugin)
[577.697s] DEBUG:colcon.colcon_core.event_handler.log_command:Invoked command in '/home/lorenzo/code/dynus_lite/dynus_lite_ws/build/gazebo_plugins' returned '0': AMENT_PREFIX_PATH=/home/lorenzo/code/dynus_lite/dynus_lite_ws/install/gazebo_ros:/home/lorenzo/code/dynus_lite/dynus_lite_ws/install/gazebo_msgs:/home/lorenzo/code/dynus_lite/dynus_lite_ws/install/gazebo_dev:${AMENT_PREFIX_PATH} CMAKE_PREFIX_PATH=/home/lorenzo/code/dynus_lite/dynus_lite_ws/install/gazebo_ros:/home/lorenzo/code/dynus_lite/dynus_lite_ws/install/gazebo_msgs:/home/lorenzo/code/dynus_lite/dynus_lite_ws/install/gazebo_dev:/home/lorenzo/code/dynus_lite/dynus_lite_ws/install/livox_ros_driver2:/home/lorenzo/code/dynus_lite/dynus_lite_ws/install/snapstack_msgs2:/home/lorenzo/code/dynus_lite/dynus_lite_ws/install/decomp_util:/home/lorenzo/code/dynus_lite/dynus_lite_ws/install/decomp_ros_msgs:/opt/openrobots:/opt/ros/humble LD_LIBRARY_PATH=/home/lorenzo/code/dynus_lite/dynus_lite_ws/install/gazebo_ros/lib:/home/lorenzo/code/dynus_lite/dynus_lite_ws/install/gazebo_msgs/lib:${LD_LIBRARY_PATH} PYTHONPATH=/home/lorenzo/code/dynus_lite/dynus_lite_ws/install/gazebo_ros/local/lib/python3.10/dist-packages:/home/lorenzo/code/dynus_lite/dynus_lite_ws/install/gazebo_msgs/local/lib/python3.10/dist-packages:${PYTHONPATH} /usr/bin/cmake --build /home/lorenzo/code/dynus_lite/dynus_lite_ws/build/gazebo_plugins -- -j8 -l8
[577.699s] DEBUG:colcon.colcon_core.event_handler.log_command:Invoking command in '/home/lorenzo/code/dynus_lite/dynus_lite_ws/build/gazebo_plugins': AMENT_PREFIX_PATH=/home/lorenzo/code/dynus_lite/dynus_lite_ws/install/gazebo_ros:/home/lorenzo/code/dynus_lite/dynus_lite_ws/install/gazebo_msgs:/home/lorenzo/code/dynus_lite/dynus_lite_ws/install/gazebo_dev:${AMENT_PREFIX_PATH} CMAKE_PREFIX_PATH=/home/lorenzo/code/dynus_lite/dynus_lite_ws/install/gazebo_ros:/home/lorenzo/code/dynus_lite/dynus_lite_ws/install/gazebo_msgs:/home/lorenzo/code/dynus_lite/dynus_lite_ws/install/gazebo_dev:/home/lorenzo/code/dynus_lite/dynus_lite_ws/install/livox_ros_driver2:/home/lorenzo/code/dynus_lite/dynus_lite_ws/install/snapstack_msgs2:/home/lorenzo/code/dynus_lite/dynus_lite_ws/install/decomp_util:/home/lorenzo/code/dynus_lite/dynus_lite_ws/install/decomp_ros_msgs:/opt/openrobots:/opt/ros/humble LD_LIBRARY_PATH=/home/lorenzo/code/dynus_lite/dynus_lite_ws/install/gazebo_ros/lib:/home/lorenzo/code/dynus_lite/dynus_lite_ws/install/gazebo_msgs/lib:${LD_LIBRARY_PATH} PYTHONPATH=/home/lorenzo/code/dynus_lite/dynus_lite_ws/install/gazebo_ros/local/lib/python3.10/dist-packages:/home/lorenzo/code/dynus_lite/dynus_lite_ws/install/gazebo_msgs/local/lib/python3.10/dist-packages:${PYTHONPATH} /usr/bin/cmake --install /home/lorenzo/code/dynus_lite/dynus_lite_ws/build/gazebo_plugins
[577.786s] Level 1:colcon.colcon_core.environment:create_environment_scripts_only(gazebo_plugins)
[577.787s] Level 1:colcon.colcon_core.environment:checking '/home/lorenzo/code/dynus_lite/dynus_lite_ws/install/gazebo_plugins' for CMake module files
[577.787s] DEBUG:colcon.colcon_core.event_handler.log_command:Invoked command in '/home/lorenzo/code/dynus_lite/dynus_lite_ws/build/gazebo_plugins' returned '0': AMENT_PREFIX_PATH=/home/lorenzo/code/dynus_lite/dynus_lite_ws/install/gazebo_ros:/home/lorenzo/code/dynus_lite/dynus_lite_ws/install/gazebo_msgs:/home/lorenzo/code/dynus_lite/dynus_lite_ws/install/gazebo_dev:${AMENT_PREFIX_PATH} CMAKE_PREFIX_PATH=/home/lorenzo/code/dynus_lite/dynus_lite_ws/install/gazebo_ros:/home/lorenzo/code/dynus_lite/dynus_lite_ws/install/gazebo_msgs:/home/lorenzo/code/dynus_lite/dynus_lite_ws/install/gazebo_dev:/home/lorenzo/code/dynus_lite/dynus_lite_ws/install/livox_ros_driver2:/home/lorenzo/code/dynus_lite/dynus_lite_ws/install/snapstack_msgs2:/home/lorenzo/code/dynus_lite/dynus_lite_ws/install/decomp_util:/home/lorenzo/code/dynus_lite/dynus_lite_ws/install/decomp_ros_msgs:/opt/openrobots:/opt/ros/humble LD_LIBRARY_PATH=/home/lorenzo/code/dynus_lite/dynus_lite_ws/install/gazebo_ros/lib:/home/lorenzo/code/dynus_lite/dynus_lite_ws/install/gazebo_msgs/lib:${LD_LIBRARY_PATH} PYTHONPATH=/home/lorenzo/code/dynus_lite/dynus_lite_ws/install/gazebo_ros/local/lib/python3.10/dist-packages:/home/lorenzo/code/dynus_lite/dynus_lite_ws/install/gazebo_msgs/local/lib/python3.10/dist-packages:${PYTHONPATH} /usr/bin/cmake --install /home/lorenzo/code/dynus_lite/dynus_lite_ws/build/gazebo_plugins
[577.788s] Level 1:colcon.colcon_core.environment:checking '/home/lorenzo/code/dynus_lite/dynus_lite_ws/install/gazebo_plugins' for CMake config files
[577.788s] Level 1:colcon.colcon_core.shell:create_environment_hook('gazebo_plugins', 'cmake_prefix_path')
[577.788s] INFO:colcon.colcon_core.shell:Creating environment hook '/home/lorenzo/code/dynus_lite/dynus_lite_ws/install/gazebo_plugins/share/gazebo_plugins/hook/cmake_prefix_path.ps1'
[577.789s] INFO:colcon.colcon_core.shell:Creating environment descriptor '/home/lorenzo/code/dynus_lite/dynus_lite_ws/install/gazebo_plugins/share/gazebo_plugins/hook/cmake_prefix_path.dsv'
[577.789s] INFO:colcon.colcon_core.shell:Creating environment hook '/home/lorenzo/code/dynus_lite/dynus_lite_ws/install/gazebo_plugins/share/gazebo_plugins/hook/cmake_prefix_path.sh'
[577.789s] Level 1:colcon.colcon_core.environment:checking '/home/lorenzo/code/dynus_lite/dynus_lite_ws/install/gazebo_plugins/lib'
[577.789s] Level 1:colcon.colcon_core.shell:create_environment_hook('gazebo_plugins', 'ld_library_path_lib')
[577.789s] INFO:colcon.colcon_core.shell:Creating environment hook '/home/lorenzo/code/dynus_lite/dynus_lite_ws/install/gazebo_plugins/share/gazebo_plugins/hook/ld_library_path_lib.ps1'
[577.790s] INFO:colcon.colcon_core.shell:Creating environment descriptor '/home/lorenzo/code/dynus_lite/dynus_lite_ws/install/gazebo_plugins/share/gazebo_plugins/hook/ld_library_path_lib.dsv'
[577.790s] INFO:colcon.colcon_core.shell:Creating environment hook '/home/lorenzo/code/dynus_lite/dynus_lite_ws/install/gazebo_plugins/share/gazebo_plugins/hook/ld_library_path_lib.sh'
[577.790s] Level 1:colcon.colcon_core.environment:checking '/home/lorenzo/code/dynus_lite/dynus_lite_ws/install/gazebo_plugins/bin'
[577.790s] Level 1:colcon.colcon_core.environment:checking '/home/lorenzo/code/dynus_lite/dynus_lite_ws/install/gazebo_plugins/lib/pkgconfig/gazebo_plugins.pc'
[577.790s] Level 1:colcon.colcon_core.environment:checking '/home/lorenzo/code/dynus_lite/dynus_lite_ws/install/gazebo_plugins/lib/python3.10/site-packages'
[577.791s] Level 1:colcon.colcon_core.environment:checking '/home/lorenzo/code/dynus_lite/dynus_lite_ws/install/gazebo_plugins/bin'
[577.791s] INFO:colcon.colcon_core.shell:Creating package script '/home/lorenzo/code/dynus_lite/dynus_lite_ws/install/gazebo_plugins/share/gazebo_plugins/package.ps1'
[577.791s] INFO:colcon.colcon_core.shell:Creating package descriptor '/home/lorenzo/code/dynus_lite/dynus_lite_ws/install/gazebo_plugins/share/gazebo_plugins/package.dsv'
[577.792s] INFO:colcon.colcon_core.shell:Creating package script '/home/lorenzo/code/dynus_lite/dynus_lite_ws/install/gazebo_plugins/share/gazebo_plugins/package.sh'
[577.792s] INFO:colcon.colcon_core.shell:Creating package script '/home/lorenzo/code/dynus_lite/dynus_lite_ws/install/gazebo_plugins/share/gazebo_plugins/package.bash'
[577.792s] INFO:colcon.colcon_core.shell:Creating package script '/home/lorenzo/code/dynus_lite/dynus_lite_ws/install/gazebo_plugins/share/gazebo_plugins/package.zsh'
[577.792s] Level 1:colcon.colcon_core.environment:create_file_with_runtime_dependencies(/home/lorenzo/code/dynus_lite/dynus_lite_ws/install/gazebo_plugins/share/colcon-core/packages/gazebo_plugins)
[577.793s] Level 1:colcon.colcon_core.environment:create_environment_scripts_only(gazebo_plugins)
[577.793s] Level 1:colcon.colcon_core.environment:checking '/home/lorenzo/code/dynus_lite/dynus_lite_ws/install/gazebo_plugins' for CMake module files
[577.793s] Level 1:colcon.colcon_core.environment:checking '/home/lorenzo/code/dynus_lite/dynus_lite_ws/install/gazebo_plugins' for CMake config files
[577.794s] Level 1:colcon.colcon_core.shell:create_environment_hook('gazebo_plugins', 'cmake_prefix_path')
[577.794s] INFO:colcon.colcon_core.shell:Creating environment hook '/home/lorenzo/code/dynus_lite/dynus_lite_ws/install/gazebo_plugins/share/gazebo_plugins/hook/cmake_prefix_path.ps1'
[577.794s] INFO:colcon.colcon_core.shell:Creating environment descriptor '/home/lorenzo/code/dynus_lite/dynus_lite_ws/install/gazebo_plugins/share/gazebo_plugins/hook/cmake_prefix_path.dsv'
[577.794s] INFO:colcon.colcon_core.shell:Creating environment hook '/home/lorenzo/code/dynus_lite/dynus_lite_ws/install/gazebo_plugins/share/gazebo_plugins/hook/cmake_prefix_path.sh'
[577.795s] Level 1:colcon.colcon_core.environment:checking '/home/lorenzo/code/dynus_lite/dynus_lite_ws/install/gazebo_plugins/lib'
[577.795s] Level 1:colcon.colcon_core.shell:create_environment_hook('gazebo_plugins', 'ld_library_path_lib')
[577.795s] INFO:colcon.colcon_core.shell:Creating environment hook '/home/lorenzo/code/dynus_lite/dynus_lite_ws/install/gazebo_plugins/share/gazebo_plugins/hook/ld_library_path_lib.ps1'
[577.795s] INFO:colcon.colcon_core.shell:Creating environment descriptor '/home/lorenzo/code/dynus_lite/dynus_lite_ws/install/gazebo_plugins/share/gazebo_plugins/hook/ld_library_path_lib.dsv'
[577.795s] INFO:colcon.colcon_core.shell:Creating environment hook '/home/lorenzo/code/dynus_lite/dynus_lite_ws/install/gazebo_plugins/share/gazebo_plugins/hook/ld_library_path_lib.sh'
[577.796s] Level 1:colcon.colcon_core.environment:checking '/home/lorenzo/code/dynus_lite/dynus_lite_ws/install/gazebo_plugins/bin'
[577.796s] Level 1:colcon.colcon_core.environment:checking '/home/lorenzo/code/dynus_lite/dynus_lite_ws/install/gazebo_plugins/lib/pkgconfig/gazebo_plugins.pc'
[577.796s] Level 1:colcon.colcon_core.environment:checking '/home/lorenzo/code/dynus_lite/dynus_lite_ws/install/gazebo_plugins/lib/python3.10/site-packages'
[577.796s] Level 1:colcon.colcon_core.environment:checking '/home/lorenzo/code/dynus_lite/dynus_lite_ws/install/gazebo_plugins/bin'
[577.796s] INFO:colcon.colcon_core.shell:Creating package script '/home/lorenzo/code/dynus_lite/dynus_lite_ws/install/gazebo_plugins/share/gazebo_plugins/package.ps1'
[577.797s] INFO:colcon.colcon_core.shell:Creating package descriptor '/home/lorenzo/code/dynus_lite/dynus_lite_ws/install/gazebo_plugins/share/gazebo_plugins/package.dsv'
[577.797s] INFO:colcon.colcon_core.shell:Creating package script '/home/lorenzo/code/dynus_lite/dynus_lite_ws/install/gazebo_plugins/share/gazebo_plugins/package.sh'
[577.797s] INFO:colcon.colcon_core.shell:Creating package script '/home/lorenzo/code/dynus_lite/dynus_lite_ws/install/gazebo_plugins/share/gazebo_plugins/package.bash'
[577.798s] INFO:colcon.colcon_core.shell:Creating package script '/home/lorenzo/code/dynus_lite/dynus_lite_ws/install/gazebo_plugins/share/gazebo_plugins/package.zsh'
[577.798s] Level 1:colcon.colcon_core.environment:create_file_with_runtime_dependencies(/home/lorenzo/code/dynus_lite/dynus_lite_ws/install/gazebo_plugins/share/colcon-core/packages/gazebo_plugins)
[577.798s] INFO:colcon.colcon_ros.task.ament_cmake.build:Building ROS package in '/home/lorenzo/code/dynus_lite/dynus_lite_ws/src/dynus' with build type 'ament_cmake'
[577.798s] INFO:colcon.colcon_cmake.task.cmake.build:Building CMake package in '/home/lorenzo/code/dynus_lite/dynus_lite_ws/src/dynus'
[577.799s] INFO:colcon.colcon_core.shell:Skip shell extension 'powershell' for command environment: Not usable outside of PowerShell
[577.799s] DEBUG:colcon.colcon_core.shell:Skip shell extension 'dsv' for command environment
[577.802s] INFO:colcon.colcon_ros.task.ament_cmake.build:Building ROS package in '/home/lorenzo/code/dynus_lite/dynus_lite_ws/src/gazebo_ros_pkgs/gazebo_ros_pkgs' with build type 'ament_cmake'
[577.802s] INFO:colcon.colcon_cmake.task.cmake.build:Building CMake package in '/home/lorenzo/code/dynus_lite/dynus_lite_ws/src/gazebo_ros_pkgs/gazebo_ros_pkgs'
[577.803s] INFO:colcon.colcon_core.shell:Skip shell extension 'powershell' for command environment: Not usable outside of PowerShell
[577.803s] DEBUG:colcon.colcon_core.shell:Skip shell extension 'dsv' for command environment
[577.806s] INFO:colcon.colcon_ros.task.ament_cmake.build:Building ROS package in '/home/lorenzo/code/dynus_lite/dynus_lite_ws/src/livox_laser_simulation_ros2' with build type 'ament_cmake'
[577.806s] INFO:colcon.colcon_cmake.task.cmake.build:Building CMake package in '/home/lorenzo/code/dynus_lite/dynus_lite_ws/src/livox_laser_simulation_ros2'
[577.806s] INFO:colcon.colcon_core.shell:Skip shell extension 'powershell' for command environment: Not usable outside of PowerShell
[577.806s] DEBUG:colcon.colcon_core.shell:Skip shell extension 'dsv' for command environment
[577.816s] DEBUG:colcon.colcon_core.event_handler.log_command:Invoking command in '/home/lorenzo/code/dynus_lite/dynus_lite_ws/build/gazebo_ros_pkgs': AMENT_PREFIX_PATH=/home/lorenzo/code/dynus_lite/dynus_lite_ws/install/gazebo_plugins:/home/lorenzo/code/dynus_lite/dynus_lite_ws/install/gazebo_ros:/home/lorenzo/code/dynus_lite/dynus_lite_ws/install/gazebo_msgs:/home/lorenzo/code/dynus_lite/dynus_lite_ws/install/gazebo_dev:${AMENT_PREFIX_PATH} CMAKE_PREFIX_PATH=/home/lorenzo/code/dynus_lite/dynus_lite_ws/install/gazebo_plugins:/home/lorenzo/code/dynus_lite/dynus_lite_ws/install/gazebo_ros:/home/lorenzo/code/dynus_lite/dynus_lite_ws/install/gazebo_msgs:/home/lorenzo/code/dynus_lite/dynus_lite_ws/install/gazebo_dev:/home/lorenzo/code/dynus_lite/dynus_lite_ws/install/livox_ros_driver2:/home/lorenzo/code/dynus_lite/dynus_lite_ws/install/snapstack_msgs2:/home/lorenzo/code/dynus_lite/dynus_lite_ws/install/decomp_util:/home/lorenzo/code/dynus_lite/dynus_lite_ws/install/decomp_ros_msgs:/opt/openrobots:/opt/ros/humble LD_LIBRARY_PATH=/home/lorenzo/code/dynus_lite/dynus_lite_ws/install/gazebo_plugins/lib:/home/lorenzo/code/dynus_lite/dynus_lite_ws/install/gazebo_ros/lib:/home/lorenzo/code/dynus_lite/dynus_lite_ws/install/gazebo_msgs/lib:${LD_LIBRARY_PATH} PYTHONPATH=/home/lorenzo/code/dynus_lite/dynus_lite_ws/install/gazebo_ros/local/lib/python3.10/dist-packages:/home/lorenzo/code/dynus_lite/dynus_lite_ws/install/gazebo_msgs/local/lib/python3.10/dist-packages:${PYTHONPATH} /usr/bin/cmake /home/lorenzo/code/dynus_lite/dynus_lite_ws/src/gazebo_ros_pkgs/gazebo_ros_pkgs -DCMAKE_INSTALL_PREFIX=/home/lorenzo/code/dynus_lite/dynus_lite_ws/install/gazebo_ros_pkgs
[577.821s] DEBUG:colcon.colcon_core.event_handler.log_command:Invoking command in '/home/lorenzo/code/dynus_lite/dynus_lite_ws/build/ros2_livox_simulation': AMENT_PREFIX_PATH=/home/lorenzo/code/dynus_lite/dynus_lite_ws/install/gazebo_plugins:/home/lorenzo/code/dynus_lite/dynus_lite_ws/install/gazebo_ros:/home/lorenzo/code/dynus_lite/dynus_lite_ws/install/gazebo_msgs:/home/lorenzo/code/dynus_lite/dynus_lite_ws/install/gazebo_dev:${AMENT_PREFIX_PATH} CMAKE_PREFIX_PATH=/home/lorenzo/code/dynus_lite/dynus_lite_ws/install/gazebo_plugins:/home/lorenzo/code/dynus_lite/dynus_lite_ws/install/gazebo_ros:/home/lorenzo/code/dynus_lite/dynus_lite_ws/install/livox_ros_driver2:/home/lorenzo/code/dynus_lite/dynus_lite_ws/install/gazebo_msgs:/home/lorenzo/code/dynus_lite/dynus_lite_ws/install/gazebo_dev:/home/lorenzo/code/dynus_lite/dynus_lite_ws/install/snapstack_msgs2:/home/lorenzo/code/dynus_lite/dynus_lite_ws/install/decomp_util:/home/lorenzo/code/dynus_lite/dynus_lite_ws/install/decomp_ros_msgs:/opt/openrobots:/opt/ros/humble LD_LIBRARY_PATH=/home/lorenzo/code/dynus_lite/dynus_lite_ws/install/gazebo_plugins/lib:/home/lorenzo/code/dynus_lite/dynus_lite_ws/install/gazebo_ros/lib:/home/lorenzo/code/dynus_lite/dynus_lite_ws/install/livox_ros_driver2/lib:/home/lorenzo/code/dynus_lite/dynus_lite_ws/install/gazebo_msgs/lib:/home/lorenzo/code/dynus_lite/dynus_lite_ws/install/snapstack_msgs2/lib:/home/lorenzo/code/dynus_lite/dynus_lite_ws/install/decomp_ros_msgs/lib:/opt/gurobi1103/linux64/lib:/usr/lib/x86_64-linux-gnu/gazebo-11/plugins:/opt/ros/humble/opt/rviz_ogre_vendor/lib:/opt/ros/humble/lib/x86_64-linux-gnu:/home/lorenzo/code/decomp_ws/install/decomp_ros_msgs/lib:/opt/ros/humble/lib:/home/lorenzo/code/livox_ws/install/livox_ros_driver2/lib:/opt/gurobi1103/linux64/lib PYTHONPATH=/home/lorenzo/code/dynus_lite/dynus_lite_ws/install/gazebo_ros/local/lib/python3.10/dist-packages:/home/lorenzo/code/dynus_lite/dynus_lite_ws/install/gazebo_msgs/local/lib/python3.10/dist-packages:${PYTHONPATH} /usr/bin/cmake /home/lorenzo/code/dynus_lite/dynus_lite_ws/src/livox_laser_simulation_ros2 -DCMAKE_INSTALL_PREFIX=/home/lorenzo/code/dynus_lite/dynus_lite_ws/install/ros2_livox_simulation
[577.823s] DEBUG:colcon.colcon_core.event_handler.log_command:Invoking command in '/home/lorenzo/code/dynus_lite/dynus_lite_ws/build/dynus': AMENT_PREFIX_PATH=/home/lorenzo/code/dynus_lite/dynus_lite_ws/install/gazebo_plugins:/home/lorenzo/code/dynus_lite/dynus_lite_ws/install/decomp_test_node:/home/lorenzo/code/dynus_lite/dynus_lite_ws/install/gazebo_ros:/home/lorenzo/code/dynus_lite/dynus_lite_ws/install/decomp_rviz_plugins:/home/lorenzo/code/dynus_lite/dynus_lite_ws/install/gazebo_msgs:/home/lorenzo/code/dynus_lite/dynus_lite_ws/install/gazebo_dev:/home/lorenzo/code/dynus_lite/dynus_lite_ws/install/dynus_interfaces:${AMENT_PREFIX_PATH} CMAKE_PREFIX_PATH=/home/lorenzo/code/dynus_lite/dynus_lite_ws/install/gazebo_plugins:/home/lorenzo/code/dynus_lite/dynus_lite_ws/install/decomp_test_node:/home/lorenzo/code/dynus_lite/dynus_lite_ws/install/gazebo_ros:/home/lorenzo/code/dynus_lite/dynus_lite_ws/install/decomp_rviz_plugins:/home/lorenzo/code/dynus_lite/dynus_lite_ws/install/gazebo_msgs:/home/lorenzo/code/dynus_lite/dynus_lite_ws/install/gazebo_dev:/home/lorenzo/code/dynus_lite/dynus_lite_ws/install/dynus_interfaces:/home/lorenzo/code/dynus_lite/dynus_lite_ws/install/decomp_util:/home/lorenzo/code/dynus_lite/dynus_lite_ws/install/decomp_ros_msgs:/home/lorenzo/code/dynus_lite/dynus_lite_ws/install/livox_ros_driver2:/home/lorenzo/code/dynus_lite/dynus_lite_ws/install/snapstack_msgs2:/opt/openrobots:/opt/ros/humble LD_LIBRARY_PATH=/home/lorenzo/code/dynus_lite/dynus_lite_ws/install/gazebo_plugins/lib:/home/lorenzo/code/dynus_lite/dynus_lite_ws/install/gazebo_ros/lib:/home/lorenzo/code/dynus_lite/dynus_lite_ws/install/decomp_rviz_plugins/lib:/home/lorenzo/code/dynus_lite/dynus_lite_ws/install/gazebo_msgs/lib:/home/lorenzo/code/dynus_lite/dynus_lite_ws/install/dynus_interfaces/lib:/home/lorenzo/code/dynus_lite/dynus_lite_ws/install/decomp_ros_msgs/lib:/home/lorenzo/code/dynus_lite/dynus_lite_ws/install/livox_ros_driver2/lib:/home/lorenzo/code/dynus_lite/dynus_lite_ws/install/snapstack_msgs2/lib:/opt/gurobi1103/linux64/lib:/usr/lib/x86_64-linux-gnu/gazebo-11/plugins:/opt/ros/humble/opt/rviz_ogre_vendor/lib:/opt/ros/humble/lib/x86_64-linux-gnu:/home/lorenzo/code/decomp_ws/install/decomp_ros_msgs/lib:/opt/ros/humble/lib:/home/lorenzo/code/livox_ws/install/livox_ros_driver2/lib:/opt/gurobi1103/linux64/lib PKG_CONFIG_PATH=/home/lorenzo/code/dynus_lite/dynus_lite_ws/install/decomp_util/lib/x86_64-linux-gnu/pkgconfig:/home/lorenzo/code/dynus_lite/dynus_lite_ws/install/decomp_util/lib/pkgconfig:/opt/openrobots/lib/pkgconfig PYTHONPATH=/home/lorenzo/code/dynus_lite/dynus_lite_ws/install/gazebo_ros/local/lib/python3.10/dist-packages:/home/lorenzo/code/dynus_lite/dynus_lite_ws/install/gazebo_msgs/local/lib/python3.10/dist-packages:/home/lorenzo/code/dynus_lite/dynus_lite_ws/install/dynus_interfaces/local/lib/python3.10/dist-packages:${PYTHONPATH} /usr/bin/cmake /home/lorenzo/code/dynus_lite/dynus_lite_ws/src/dynus -DCMAKE_INSTALL_PREFIX=/home/lorenzo/code/dynus_lite/dynus_lite_ws/install/dynus
[578.402s] DEBUG:colcon.colcon_core.event_handler.log_command:Invoked command in '/home/lorenzo/code/dynus_lite/dynus_lite_ws/build/gazebo_ros_pkgs' returned '0': AMENT_PREFIX_PATH=/home/lorenzo/code/dynus_lite/dynus_lite_ws/install/gazebo_plugins:/home/lorenzo/code/dynus_lite/dynus_lite_ws/install/gazebo_ros:/home/lorenzo/code/dynus_lite/dynus_lite_ws/install/gazebo_msgs:/home/lorenzo/code/dynus_lite/dynus_lite_ws/install/gazebo_dev:${AMENT_PREFIX_PATH} CMAKE_PREFIX_PATH=/home/lorenzo/code/dynus_lite/dynus_lite_ws/install/gazebo_plugins:/home/lorenzo/code/dynus_lite/dynus_lite_ws/install/gazebo_ros:/home/lorenzo/code/dynus_lite/dynus_lite_ws/install/gazebo_msgs:/home/lorenzo/code/dynus_lite/dynus_lite_ws/install/gazebo_dev:/home/lorenzo/code/dynus_lite/dynus_lite_ws/install/livox_ros_driver2:/home/lorenzo/code/dynus_lite/dynus_lite_ws/install/snapstack_msgs2:/home/lorenzo/code/dynus_lite/dynus_lite_ws/install/decomp_util:/home/lorenzo/code/dynus_lite/dynus_lite_ws/install/decomp_ros_msgs:/opt/openrobots:/opt/ros/humble LD_LIBRARY_PATH=/home/lorenzo/code/dynus_lite/dynus_lite_ws/install/gazebo_plugins/lib:/home/lorenzo/code/dynus_lite/dynus_lite_ws/install/gazebo_ros/lib:/home/lorenzo/code/dynus_lite/dynus_lite_ws/install/gazebo_msgs/lib:${LD_LIBRARY_PATH} PYTHONPATH=/home/lorenzo/code/dynus_lite/dynus_lite_ws/install/gazebo_ros/local/lib/python3.10/dist-packages:/home/lorenzo/code/dynus_lite/dynus_lite_ws/install/gazebo_msgs/local/lib/python3.10/dist-packages:${PYTHONPATH} /usr/bin/cmake /home/lorenzo/code/dynus_lite/dynus_lite_ws/src/gazebo_ros_pkgs/gazebo_ros_pkgs -DCMAKE_INSTALL_PREFIX=/home/lorenzo/code/dynus_lite/dynus_lite_ws/install/gazebo_ros_pkgs
[578.403s] DEBUG:colcon.colcon_core.event_handler.log_command:Invoking command in '/home/lorenzo/code/dynus_lite/dynus_lite_ws/build/gazebo_ros_pkgs': AMENT_PREFIX_PATH=/home/lorenzo/code/dynus_lite/dynus_lite_ws/install/gazebo_plugins:/home/lorenzo/code/dynus_lite/dynus_lite_ws/install/gazebo_ros:/home/lorenzo/code/dynus_lite/dynus_lite_ws/install/gazebo_msgs:/home/lorenzo/code/dynus_lite/dynus_lite_ws/install/gazebo_dev:${AMENT_PREFIX_PATH} CMAKE_PREFIX_PATH=/home/lorenzo/code/dynus_lite/dynus_lite_ws/install/gazebo_plugins:/home/lorenzo/code/dynus_lite/dynus_lite_ws/install/gazebo_ros:/home/lorenzo/code/dynus_lite/dynus_lite_ws/install/gazebo_msgs:/home/lorenzo/code/dynus_lite/dynus_lite_ws/install/gazebo_dev:/home/lorenzo/code/dynus_lite/dynus_lite_ws/install/livox_ros_driver2:/home/lorenzo/code/dynus_lite/dynus_lite_ws/install/snapstack_msgs2:/home/lorenzo/code/dynus_lite/dynus_lite_ws/install/decomp_util:/home/lorenzo/code/dynus_lite/dynus_lite_ws/install/decomp_ros_msgs:/opt/openrobots:/opt/ros/humble LD_LIBRARY_PATH=/home/lorenzo/code/dynus_lite/dynus_lite_ws/install/gazebo_plugins/lib:/home/lorenzo/code/dynus_lite/dynus_lite_ws/install/gazebo_ros/lib:/home/lorenzo/code/dynus_lite/dynus_lite_ws/install/gazebo_msgs/lib:${LD_LIBRARY_PATH} PYTHONPATH=/home/lorenzo/code/dynus_lite/dynus_lite_ws/install/gazebo_ros/local/lib/python3.10/dist-packages:/home/lorenzo/code/dynus_lite/dynus_lite_ws/install/gazebo_msgs/local/lib/python3.10/dist-packages:${PYTHONPATH} /usr/bin/cmake --build /home/lorenzo/code/dynus_lite/dynus_lite_ws/build/gazebo_ros_pkgs -- -j8 -l8
[578.434s] DEBUG:colcon.colcon_core.event_handler.log_command:Invoked command in '/home/lorenzo/code/dynus_lite/dynus_lite_ws/build/gazebo_ros_pkgs' returned '0': AMENT_PREFIX_PATH=/home/lorenzo/code/dynus_lite/dynus_lite_ws/install/gazebo_plugins:/home/lorenzo/code/dynus_lite/dynus_lite_ws/install/gazebo_ros:/home/lorenzo/code/dynus_lite/dynus_lite_ws/install/gazebo_msgs:/home/lorenzo/code/dynus_lite/dynus_lite_ws/install/gazebo_dev:${AMENT_PREFIX_PATH} CMAKE_PREFIX_PATH=/home/lorenzo/code/dynus_lite/dynus_lite_ws/install/gazebo_plugins:/home/lorenzo/code/dynus_lite/dynus_lite_ws/install/gazebo_ros:/home/lorenzo/code/dynus_lite/dynus_lite_ws/install/gazebo_msgs:/home/lorenzo/code/dynus_lite/dynus_lite_ws/install/gazebo_dev:/home/lorenzo/code/dynus_lite/dynus_lite_ws/install/livox_ros_driver2:/home/lorenzo/code/dynus_lite/dynus_lite_ws/install/snapstack_msgs2:/home/lorenzo/code/dynus_lite/dynus_lite_ws/install/decomp_util:/home/lorenzo/code/dynus_lite/dynus_lite_ws/install/decomp_ros_msgs:/opt/openrobots:/opt/ros/humble LD_LIBRARY_PATH=/home/lorenzo/code/dynus_lite/dynus_lite_ws/install/gazebo_plugins/lib:/home/lorenzo/code/dynus_lite/dynus_lite_ws/install/gazebo_ros/lib:/home/lorenzo/code/dynus_lite/dynus_lite_ws/install/gazebo_msgs/lib:${LD_LIBRARY_PATH} PYTHONPATH=/home/lorenzo/code/dynus_lite/dynus_lite_ws/install/gazebo_ros/local/lib/python3.10/dist-packages:/home/lorenzo/code/dynus_lite/dynus_lite_ws/install/gazebo_msgs/local/lib/python3.10/dist-packages:${PYTHONPATH} /usr/bin/cmake --build /home/lorenzo/code/dynus_lite/dynus_lite_ws/build/gazebo_ros_pkgs -- -j8 -l8
[578.435s] DEBUG:colcon.colcon_core.event_handler.log_command:Invoking command in '/home/lorenzo/code/dynus_lite/dynus_lite_ws/build/gazebo_ros_pkgs': AMENT_PREFIX_PATH=/home/lorenzo/code/dynus_lite/dynus_lite_ws/install/gazebo_plugins:/home/lorenzo/code/dynus_lite/dynus_lite_ws/install/gazebo_ros:/home/lorenzo/code/dynus_lite/dynus_lite_ws/install/gazebo_msgs:/home/lorenzo/code/dynus_lite/dynus_lite_ws/install/gazebo_dev:${AMENT_PREFIX_PATH} CMAKE_PREFIX_PATH=/home/lorenzo/code/dynus_lite/dynus_lite_ws/install/gazebo_plugins:/home/lorenzo/code/dynus_lite/dynus_lite_ws/install/gazebo_ros:/home/lorenzo/code/dynus_lite/dynus_lite_ws/install/gazebo_msgs:/home/lorenzo/code/dynus_lite/dynus_lite_ws/install/gazebo_dev:/home/lorenzo/code/dynus_lite/dynus_lite_ws/install/livox_ros_driver2:/home/lorenzo/code/dynus_lite/dynus_lite_ws/install/snapstack_msgs2:/home/lorenzo/code/dynus_lite/dynus_lite_ws/install/decomp_util:/home/lorenzo/code/dynus_lite/dynus_lite_ws/install/decomp_ros_msgs:/opt/openrobots:/opt/ros/humble LD_LIBRARY_PATH=/home/lorenzo/code/dynus_lite/dynus_lite_ws/install/gazebo_plugins/lib:/home/lorenzo/code/dynus_lite/dynus_lite_ws/install/gazebo_ros/lib:/home/lorenzo/code/dynus_lite/dynus_lite_ws/install/gazebo_msgs/lib:${LD_LIBRARY_PATH} PYTHONPATH=/home/lorenzo/code/dynus_lite/dynus_lite_ws/install/gazebo_ros/local/lib/python3.10/dist-packages:/home/lorenzo/code/dynus_lite/dynus_lite_ws/install/gazebo_msgs/local/lib/python3.10/dist-packages:${PYTHONPATH} /usr/bin/cmake --install /home/lorenzo/code/dynus_lite/dynus_lite_ws/build/gazebo_ros_pkgs
[578.443s] Level 1:colcon.colcon_core.environment:create_environment_scripts_only(gazebo_ros_pkgs)
[578.444s] Level 1:colcon.colcon_core.environment:checking '/home/lorenzo/code/dynus_lite/dynus_lite_ws/install/gazebo_ros_pkgs' for CMake module files
[578.444s] DEBUG:colcon.colcon_core.event_handler.log_command:Invoked command in '/home/lorenzo/code/dynus_lite/dynus_lite_ws/build/gazebo_ros_pkgs' returned '0': AMENT_PREFIX_PATH=/home/lorenzo/code/dynus_lite/dynus_lite_ws/install/gazebo_plugins:/home/lorenzo/code/dynus_lite/dynus_lite_ws/install/gazebo_ros:/home/lorenzo/code/dynus_lite/dynus_lite_ws/install/gazebo_msgs:/home/lorenzo/code/dynus_lite/dynus_lite_ws/install/gazebo_dev:${AMENT_PREFIX_PATH} CMAKE_PREFIX_PATH=/home/lorenzo/code/dynus_lite/dynus_lite_ws/install/gazebo_plugins:/home/lorenzo/code/dynus_lite/dynus_lite_ws/install/gazebo_ros:/home/lorenzo/code/dynus_lite/dynus_lite_ws/install/gazebo_msgs:/home/lorenzo/code/dynus_lite/dynus_lite_ws/install/gazebo_dev:/home/lorenzo/code/dynus_lite/dynus_lite_ws/install/livox_ros_driver2:/home/lorenzo/code/dynus_lite/dynus_lite_ws/install/snapstack_msgs2:/home/lorenzo/code/dynus_lite/dynus_lite_ws/install/decomp_util:/home/lorenzo/code/dynus_lite/dynus_lite_ws/install/decomp_ros_msgs:/opt/openrobots:/opt/ros/humble LD_LIBRARY_PATH=/home/lorenzo/code/dynus_lite/dynus_lite_ws/install/gazebo_plugins/lib:/home/lorenzo/code/dynus_lite/dynus_lite_ws/install/gazebo_ros/lib:/home/lorenzo/code/dynus_lite/dynus_lite_ws/install/gazebo_msgs/lib:${LD_LIBRARY_PATH} PYTHONPATH=/home/lorenzo/code/dynus_lite/dynus_lite_ws/install/gazebo_ros/local/lib/python3.10/dist-packages:/home/lorenzo/code/dynus_lite/dynus_lite_ws/install/gazebo_msgs/local/lib/python3.10/dist-packages:${PYTHONPATH} /usr/bin/cmake --install /home/lorenzo/code/dynus_lite/dynus_lite_ws/build/gazebo_ros_pkgs
[578.444s] Level 1:colcon.colcon_core.environment:checking '/home/lorenzo/code/dynus_lite/dynus_lite_ws/install/gazebo_ros_pkgs' for CMake config files
[578.444s] Level 1:colcon.colcon_core.shell:create_environment_hook('gazebo_ros_pkgs', 'cmake_prefix_path')
[578.445s] INFO:colcon.colcon_core.shell:Creating environment hook '/home/lorenzo/code/dynus_lite/dynus_lite_ws/install/gazebo_ros_pkgs/share/gazebo_ros_pkgs/hook/cmake_prefix_path.ps1'
[578.445s] INFO:colcon.colcon_core.shell:Creating environment descriptor '/home/lorenzo/code/dynus_lite/dynus_lite_ws/install/gazebo_ros_pkgs/share/gazebo_ros_pkgs/hook/cmake_prefix_path.dsv'
[578.445s] INFO:colcon.colcon_core.shell:Creating environment hook '/home/lorenzo/code/dynus_lite/dynus_lite_ws/install/gazebo_ros_pkgs/share/gazebo_ros_pkgs/hook/cmake_prefix_path.sh'
[578.446s] Level 1:colcon.colcon_core.environment:checking '/home/lorenzo/code/dynus_lite/dynus_lite_ws/install/gazebo_ros_pkgs/bin'
[578.446s] Level 1:colcon.colcon_core.environment:checking '/home/lorenzo/code/dynus_lite/dynus_lite_ws/install/gazebo_ros_pkgs/lib/pkgconfig/gazebo_ros_pkgs.pc'
[578.446s] Level 1:colcon.colcon_core.environment:checking '/home/lorenzo/code/dynus_lite/dynus_lite_ws/install/gazebo_ros_pkgs/lib/python3.10/site-packages'
[578.446s] Level 1:colcon.colcon_core.environment:checking '/home/lorenzo/code/dynus_lite/dynus_lite_ws/install/gazebo_ros_pkgs/bin'
[578.447s] INFO:colcon.colcon_core.shell:Creating package script '/home/lorenzo/code/dynus_lite/dynus_lite_ws/install/gazebo_ros_pkgs/share/gazebo_ros_pkgs/package.ps1'
[578.447s] INFO:colcon.colcon_core.shell:Creating package descriptor '/home/lorenzo/code/dynus_lite/dynus_lite_ws/install/gazebo_ros_pkgs/share/gazebo_ros_pkgs/package.dsv'
[578.447s] INFO:colcon.colcon_core.shell:Creating package script '/home/lorenzo/code/dynus_lite/dynus_lite_ws/install/gazebo_ros_pkgs/share/gazebo_ros_pkgs/package.sh'
[578.448s] INFO:colcon.colcon_core.shell:Creating package script '/home/lorenzo/code/dynus_lite/dynus_lite_ws/install/gazebo_ros_pkgs/share/gazebo_ros_pkgs/package.bash'
[578.448s] INFO:colcon.colcon_core.shell:Creating package script '/home/lorenzo/code/dynus_lite/dynus_lite_ws/install/gazebo_ros_pkgs/share/gazebo_ros_pkgs/package.zsh'
[578.448s] Level 1:colcon.colcon_core.environment:create_file_with_runtime_dependencies(/home/lorenzo/code/dynus_lite/dynus_lite_ws/install/gazebo_ros_pkgs/share/colcon-core/packages/gazebo_ros_pkgs)
[578.449s] Level 1:colcon.colcon_core.environment:create_environment_scripts_only(gazebo_ros_pkgs)
[578.449s] Level 1:colcon.colcon_core.environment:checking '/home/lorenzo/code/dynus_lite/dynus_lite_ws/install/gazebo_ros_pkgs' for CMake module files
[578.449s] Level 1:colcon.colcon_core.environment:checking '/home/lorenzo/code/dynus_lite/dynus_lite_ws/install/gazebo_ros_pkgs' for CMake config files
[578.449s] Level 1:colcon.colcon_core.shell:create_environment_hook('gazebo_ros_pkgs', 'cmake_prefix_path')
[578.450s] INFO:colcon.colcon_core.shell:Creating environment hook '/home/lorenzo/code/dynus_lite/dynus_lite_ws/install/gazebo_ros_pkgs/share/gazebo_ros_pkgs/hook/cmake_prefix_path.ps1'
[578.450s] INFO:colcon.colcon_core.shell:Creating environment descriptor '/home/lorenzo/code/dynus_lite/dynus_lite_ws/install/gazebo_ros_pkgs/share/gazebo_ros_pkgs/hook/cmake_prefix_path.dsv'
[578.450s] INFO:colcon.colcon_core.shell:Creating environment hook '/home/lorenzo/code/dynus_lite/dynus_lite_ws/install/gazebo_ros_pkgs/share/gazebo_ros_pkgs/hook/cmake_prefix_path.sh'
[578.451s] Level 1:colcon.colcon_core.environment:checking '/home/lorenzo/code/dynus_lite/dynus_lite_ws/install/gazebo_ros_pkgs/bin'
[578.451s] Level 1:colcon.colcon_core.environment:checking '/home/lorenzo/code/dynus_lite/dynus_lite_ws/install/gazebo_ros_pkgs/lib/pkgconfig/gazebo_ros_pkgs.pc'
[578.451s] Level 1:colcon.colcon_core.environment:checking '/home/lorenzo/code/dynus_lite/dynus_lite_ws/install/gazebo_ros_pkgs/lib/python3.10/site-packages'
[578.451s] Level 1:colcon.colcon_core.environment:checking '/home/lorenzo/code/dynus_lite/dynus_lite_ws/install/gazebo_ros_pkgs/bin'
[578.451s] INFO:colcon.colcon_core.shell:Creating package script '/home/lorenzo/code/dynus_lite/dynus_lite_ws/install/gazebo_ros_pkgs/share/gazebo_ros_pkgs/package.ps1'
[578.452s] INFO:colcon.colcon_core.shell:Creating package descriptor '/home/lorenzo/code/dynus_lite/dynus_lite_ws/install/gazebo_ros_pkgs/share/gazebo_ros_pkgs/package.dsv'
[578.452s] INFO:colcon.colcon_core.shell:Creating package script '/home/lorenzo/code/dynus_lite/dynus_lite_ws/install/gazebo_ros_pkgs/share/gazebo_ros_pkgs/package.sh'
[578.453s] INFO:colcon.colcon_core.shell:Creating package script '/home/lorenzo/code/dynus_lite/dynus_lite_ws/install/gazebo_ros_pkgs/share/gazebo_ros_pkgs/package.bash'
[578.453s] INFO:colcon.colcon_core.shell:Creating package script '/home/lorenzo/code/dynus_lite/dynus_lite_ws/install/gazebo_ros_pkgs/share/gazebo_ros_pkgs/package.zsh'
[578.453s] Level 1:colcon.colcon_core.environment:create_file_with_runtime_dependencies(/home/lorenzo/code/dynus_lite/dynus_lite_ws/install/gazebo_ros_pkgs/share/colcon-core/packages/gazebo_ros_pkgs)
[581.334s] DEBUG:colcon.colcon_core.event_handler.log_command:Invoked command in '/home/lorenzo/code/dynus_lite/dynus_lite_ws/build/ros2_livox_simulation' returned '0': AMENT_PREFIX_PATH=/home/lorenzo/code/dynus_lite/dynus_lite_ws/install/gazebo_plugins:/home/lorenzo/code/dynus_lite/dynus_lite_ws/install/gazebo_ros:/home/lorenzo/code/dynus_lite/dynus_lite_ws/install/gazebo_msgs:/home/lorenzo/code/dynus_lite/dynus_lite_ws/install/gazebo_dev:${AMENT_PREFIX_PATH} CMAKE_PREFIX_PATH=/home/lorenzo/code/dynus_lite/dynus_lite_ws/install/gazebo_plugins:/home/lorenzo/code/dynus_lite/dynus_lite_ws/install/gazebo_ros:/home/lorenzo/code/dynus_lite/dynus_lite_ws/install/livox_ros_driver2:/home/lorenzo/code/dynus_lite/dynus_lite_ws/install/gazebo_msgs:/home/lorenzo/code/dynus_lite/dynus_lite_ws/install/gazebo_dev:/home/lorenzo/code/dynus_lite/dynus_lite_ws/install/snapstack_msgs2:/home/lorenzo/code/dynus_lite/dynus_lite_ws/install/decomp_util:/home/lorenzo/code/dynus_lite/dynus_lite_ws/install/decomp_ros_msgs:/opt/openrobots:/opt/ros/humble LD_LIBRARY_PATH=/home/lorenzo/code/dynus_lite/dynus_lite_ws/install/gazebo_plugins/lib:/home/lorenzo/code/dynus_lite/dynus_lite_ws/install/gazebo_ros/lib:/home/lorenzo/code/dynus_lite/dynus_lite_ws/install/livox_ros_driver2/lib:/home/lorenzo/code/dynus_lite/dynus_lite_ws/install/gazebo_msgs/lib:/home/lorenzo/code/dynus_lite/dynus_lite_ws/install/snapstack_msgs2/lib:/home/lorenzo/code/dynus_lite/dynus_lite_ws/install/decomp_ros_msgs/lib:/opt/gurobi1103/linux64/lib:/usr/lib/x86_64-linux-gnu/gazebo-11/plugins:/opt/ros/humble/opt/rviz_ogre_vendor/lib:/opt/ros/humble/lib/x86_64-linux-gnu:/home/lorenzo/code/decomp_ws/install/decomp_ros_msgs/lib:/opt/ros/humble/lib:/home/lorenzo/code/livox_ws/install/livox_ros_driver2/lib:/opt/gurobi1103/linux64/lib PYTHONPATH=/home/lorenzo/code/dynus_lite/dynus_lite_ws/install/gazebo_ros/local/lib/python3.10/dist-packages:/home/lorenzo/code/dynus_lite/dynus_lite_ws/install/gazebo_msgs/local/lib/python3.10/dist-packages:${PYTHONPATH} /usr/bin/cmake /home/lorenzo/code/dynus_lite/dynus_lite_ws/src/livox_laser_simulation_ros2 -DCMAKE_INSTALL_PREFIX=/home/lorenzo/code/dynus_lite/dynus_lite_ws/install/ros2_livox_simulation
[581.336s] DEBUG:colcon.colcon_core.event_handler.log_command:Invoking command in '/home/lorenzo/code/dynus_lite/dynus_lite_ws/build/ros2_livox_simulation': AMENT_PREFIX_PATH=/home/lorenzo/code/dynus_lite/dynus_lite_ws/install/gazebo_plugins:/home/lorenzo/code/dynus_lite/dynus_lite_ws/install/gazebo_ros:/home/lorenzo/code/dynus_lite/dynus_lite_ws/install/gazebo_msgs:/home/lorenzo/code/dynus_lite/dynus_lite_ws/install/gazebo_dev:${AMENT_PREFIX_PATH} CMAKE_PREFIX_PATH=/home/lorenzo/code/dynus_lite/dynus_lite_ws/install/gazebo_plugins:/home/lorenzo/code/dynus_lite/dynus_lite_ws/install/gazebo_ros:/home/lorenzo/code/dynus_lite/dynus_lite_ws/install/livox_ros_driver2:/home/lorenzo/code/dynus_lite/dynus_lite_ws/install/gazebo_msgs:/home/lorenzo/code/dynus_lite/dynus_lite_ws/install/gazebo_dev:/home/lorenzo/code/dynus_lite/dynus_lite_ws/install/snapstack_msgs2:/home/lorenzo/code/dynus_lite/dynus_lite_ws/install/decomp_util:/home/lorenzo/code/dynus_lite/dynus_lite_ws/install/decomp_ros_msgs:/opt/openrobots:/opt/ros/humble LD_LIBRARY_PATH=/home/lorenzo/code/dynus_lite/dynus_lite_ws/install/gazebo_plugins/lib:/home/lorenzo/code/dynus_lite/dynus_lite_ws/install/gazebo_ros/lib:/home/lorenzo/code/dynus_lite/dynus_lite_ws/install/livox_ros_driver2/lib:/home/lorenzo/code/dynus_lite/dynus_lite_ws/install/gazebo_msgs/lib:/home/lorenzo/code/dynus_lite/dynus_lite_ws/install/snapstack_msgs2/lib:/home/lorenzo/code/dynus_lite/dynus_lite_ws/install/decomp_ros_msgs/lib:/opt/gurobi1103/linux64/lib:/usr/lib/x86_64-linux-gnu/gazebo-11/plugins:/opt/ros/humble/opt/rviz_ogre_vendor/lib:/opt/ros/humble/lib/x86_64-linux-gnu:/home/lorenzo/code/decomp_ws/install/decomp_ros_msgs/lib:/opt/ros/humble/lib:/home/lorenzo/code/livox_ws/install/livox_ros_driver2/lib:/opt/gurobi1103/linux64/lib PYTHONPATH=/home/lorenzo/code/dynus_lite/dynus_lite_ws/install/gazebo_ros/local/lib/python3.10/dist-packages:/home/lorenzo/code/dynus_lite/dynus_lite_ws/install/gazebo_msgs/local/lib/python3.10/dist-packages:${PYTHONPATH} /usr/bin/cmake --build /home/lorenzo/code/dynus_lite/dynus_lite_ws/build/ros2_livox_simulation -- -j8 -l8
[582.546s] DEBUG:colcon.colcon_core.event_handler.log_command:Invoked command in '/home/lorenzo/code/dynus_lite/dynus_lite_ws/build/dynus' returned '0': AMENT_PREFIX_PATH=/home/lorenzo/code/dynus_lite/dynus_lite_ws/install/gazebo_plugins:/home/lorenzo/code/dynus_lite/dynus_lite_ws/install/decomp_test_node:/home/lorenzo/code/dynus_lite/dynus_lite_ws/install/gazebo_ros:/home/lorenzo/code/dynus_lite/dynus_lite_ws/install/decomp_rviz_plugins:/home/lorenzo/code/dynus_lite/dynus_lite_ws/install/gazebo_msgs:/home/lorenzo/code/dynus_lite/dynus_lite_ws/install/gazebo_dev:/home/lorenzo/code/dynus_lite/dynus_lite_ws/install/dynus_interfaces:${AMENT_PREFIX_PATH} CMAKE_PREFIX_PATH=/home/lorenzo/code/dynus_lite/dynus_lite_ws/install/gazebo_plugins:/home/lorenzo/code/dynus_lite/dynus_lite_ws/install/decomp_test_node:/home/lorenzo/code/dynus_lite/dynus_lite_ws/install/gazebo_ros:/home/lorenzo/code/dynus_lite/dynus_lite_ws/install/decomp_rviz_plugins:/home/lorenzo/code/dynus_lite/dynus_lite_ws/install/gazebo_msgs:/home/lorenzo/code/dynus_lite/dynus_lite_ws/install/gazebo_dev:/home/lorenzo/code/dynus_lite/dynus_lite_ws/install/dynus_interfaces:/home/lorenzo/code/dynus_lite/dynus_lite_ws/install/decomp_util:/home/lorenzo/code/dynus_lite/dynus_lite_ws/install/decomp_ros_msgs:/home/lorenzo/code/dynus_lite/dynus_lite_ws/install/livox_ros_driver2:/home/lorenzo/code/dynus_lite/dynus_lite_ws/install/snapstack_msgs2:/opt/openrobots:/opt/ros/humble LD_LIBRARY_PATH=/home/lorenzo/code/dynus_lite/dynus_lite_ws/install/gazebo_plugins/lib:/home/lorenzo/code/dynus_lite/dynus_lite_ws/install/gazebo_ros/lib:/home/lorenzo/code/dynus_lite/dynus_lite_ws/install/decomp_rviz_plugins/lib:/home/lorenzo/code/dynus_lite/dynus_lite_ws/install/gazebo_msgs/lib:/home/lorenzo/code/dynus_lite/dynus_lite_ws/install/dynus_interfaces/lib:/home/lorenzo/code/dynus_lite/dynus_lite_ws/install/decomp_ros_msgs/lib:/home/lorenzo/code/dynus_lite/dynus_lite_ws/install/livox_ros_driver2/lib:/home/lorenzo/code/dynus_lite/dynus_lite_ws/install/snapstack_msgs2/lib:/opt/gurobi1103/linux64/lib:/usr/lib/x86_64-linux-gnu/gazebo-11/plugins:/opt/ros/humble/opt/rviz_ogre_vendor/lib:/opt/ros/humble/lib/x86_64-linux-gnu:/home/lorenzo/code/decomp_ws/install/decomp_ros_msgs/lib:/opt/ros/humble/lib:/home/lorenzo/code/livox_ws/install/livox_ros_driver2/lib:/opt/gurobi1103/linux64/lib PKG_CONFIG_PATH=/home/lorenzo/code/dynus_lite/dynus_lite_ws/install/decomp_util/lib/x86_64-linux-gnu/pkgconfig:/home/lorenzo/code/dynus_lite/dynus_lite_ws/install/decomp_util/lib/pkgconfig:/opt/openrobots/lib/pkgconfig PYTHONPATH=/home/lorenzo/code/dynus_lite/dynus_lite_ws/install/gazebo_ros/local/lib/python3.10/dist-packages:/home/lorenzo/code/dynus_lite/dynus_lite_ws/install/gazebo_msgs/local/lib/python3.10/dist-packages:/home/lorenzo/code/dynus_lite/dynus_lite_ws/install/dynus_interfaces/local/lib/python3.10/dist-packages:${PYTHONPATH} /usr/bin/cmake /home/lorenzo/code/dynus_lite/dynus_lite_ws/src/dynus -DCMAKE_INSTALL_PREFIX=/home/lorenzo/code/dynus_lite/dynus_lite_ws/install/dynus
[582.548s] DEBUG:colcon.colcon_core.event_handler.log_command:Invoking command in '/home/lorenzo/code/dynus_lite/dynus_lite_ws/build/dynus': AMENT_PREFIX_PATH=/home/lorenzo/code/dynus_lite/dynus_lite_ws/install/gazebo_plugins:/home/lorenzo/code/dynus_lite/dynus_lite_ws/install/decomp_test_node:/home/lorenzo/code/dynus_lite/dynus_lite_ws/install/gazebo_ros:/home/lorenzo/code/dynus_lite/dynus_lite_ws/install/decomp_rviz_plugins:/home/lorenzo/code/dynus_lite/dynus_lite_ws/install/gazebo_msgs:/home/lorenzo/code/dynus_lite/dynus_lite_ws/install/gazebo_dev:/home/lorenzo/code/dynus_lite/dynus_lite_ws/install/dynus_interfaces:${AMENT_PREFIX_PATH} CMAKE_PREFIX_PATH=/home/lorenzo/code/dynus_lite/dynus_lite_ws/install/gazebo_plugins:/home/lorenzo/code/dynus_lite/dynus_lite_ws/install/decomp_test_node:/home/lorenzo/code/dynus_lite/dynus_lite_ws/install/gazebo_ros:/home/lorenzo/code/dynus_lite/dynus_lite_ws/install/decomp_rviz_plugins:/home/lorenzo/code/dynus_lite/dynus_lite_ws/install/gazebo_msgs:/home/lorenzo/code/dynus_lite/dynus_lite_ws/install/gazebo_dev:/home/lorenzo/code/dynus_lite/dynus_lite_ws/install/dynus_interfaces:/home/lorenzo/code/dynus_lite/dynus_lite_ws/install/decomp_util:/home/lorenzo/code/dynus_lite/dynus_lite_ws/install/decomp_ros_msgs:/home/lorenzo/code/dynus_lite/dynus_lite_ws/install/livox_ros_driver2:/home/lorenzo/code/dynus_lite/dynus_lite_ws/install/snapstack_msgs2:/opt/openrobots:/opt/ros/humble LD_LIBRARY_PATH=/home/lorenzo/code/dynus_lite/dynus_lite_ws/install/gazebo_plugins/lib:/home/lorenzo/code/dynus_lite/dynus_lite_ws/install/gazebo_ros/lib:/home/lorenzo/code/dynus_lite/dynus_lite_ws/install/decomp_rviz_plugins/lib:/home/lorenzo/code/dynus_lite/dynus_lite_ws/install/gazebo_msgs/lib:/home/lorenzo/code/dynus_lite/dynus_lite_ws/install/dynus_interfaces/lib:/home/lorenzo/code/dynus_lite/dynus_lite_ws/install/decomp_ros_msgs/lib:/home/lorenzo/code/dynus_lite/dynus_lite_ws/install/livox_ros_driver2/lib:/home/lorenzo/code/dynus_lite/dynus_lite_ws/install/snapstack_msgs2/lib:/opt/gurobi1103/linux64/lib:/usr/lib/x86_64-linux-gnu/gazebo-11/plugins:/opt/ros/humble/opt/rviz_ogre_vendor/lib:/opt/ros/humble/lib/x86_64-linux-gnu:/home/lorenzo/code/decomp_ws/install/decomp_ros_msgs/lib:/opt/ros/humble/lib:/home/lorenzo/code/livox_ws/install/livox_ros_driver2/lib:/opt/gurobi1103/linux64/lib PKG_CONFIG_PATH=/home/lorenzo/code/dynus_lite/dynus_lite_ws/install/decomp_util/lib/x86_64-linux-gnu/pkgconfig:/home/lorenzo/code/dynus_lite/dynus_lite_ws/install/decomp_util/lib/pkgconfig:/opt/openrobots/lib/pkgconfig PYTHONPATH=/home/lorenzo/code/dynus_lite/dynus_lite_ws/install/gazebo_ros/local/lib/python3.10/dist-packages:/home/lorenzo/code/dynus_lite/dynus_lite_ws/install/gazebo_msgs/local/lib/python3.10/dist-packages:/home/lorenzo/code/dynus_lite/dynus_lite_ws/install/dynus_interfaces/local/lib/python3.10/dist-packages:${PYTHONPATH} /usr/bin/cmake --build /home/lorenzo/code/dynus_lite/dynus_lite_ws/build/dynus -- -j8 -l8
[624.830s] DEBUG:colcon.colcon_core.event_handler.log_command:Invoked command in '/home/lorenzo/code/dynus_lite/dynus_lite_ws/build/ros2_livox_simulation' returned '0': AMENT_PREFIX_PATH=/home/lorenzo/code/dynus_lite/dynus_lite_ws/install/gazebo_plugins:/home/lorenzo/code/dynus_lite/dynus_lite_ws/install/gazebo_ros:/home/lorenzo/code/dynus_lite/dynus_lite_ws/install/gazebo_msgs:/home/lorenzo/code/dynus_lite/dynus_lite_ws/install/gazebo_dev:${AMENT_PREFIX_PATH} CMAKE_PREFIX_PATH=/home/lorenzo/code/dynus_lite/dynus_lite_ws/install/gazebo_plugins:/home/lorenzo/code/dynus_lite/dynus_lite_ws/install/gazebo_ros:/home/lorenzo/code/dynus_lite/dynus_lite_ws/install/livox_ros_driver2:/home/lorenzo/code/dynus_lite/dynus_lite_ws/install/gazebo_msgs:/home/lorenzo/code/dynus_lite/dynus_lite_ws/install/gazebo_dev:/home/lorenzo/code/dynus_lite/dynus_lite_ws/install/snapstack_msgs2:/home/lorenzo/code/dynus_lite/dynus_lite_ws/install/decomp_util:/home/lorenzo/code/dynus_lite/dynus_lite_ws/install/decomp_ros_msgs:/opt/openrobots:/opt/ros/humble LD_LIBRARY_PATH=/home/lorenzo/code/dynus_lite/dynus_lite_ws/install/gazebo_plugins/lib:/home/lorenzo/code/dynus_lite/dynus_lite_ws/install/gazebo_ros/lib:/home/lorenzo/code/dynus_lite/dynus_lite_ws/install/livox_ros_driver2/lib:/home/lorenzo/code/dynus_lite/dynus_lite_ws/install/gazebo_msgs/lib:/home/lorenzo/code/dynus_lite/dynus_lite_ws/install/snapstack_msgs2/lib:/home/lorenzo/code/dynus_lite/dynus_lite_ws/install/decomp_ros_msgs/lib:/opt/gurobi1103/linux64/lib:/usr/lib/x86_64-linux-gnu/gazebo-11/plugins:/opt/ros/humble/opt/rviz_ogre_vendor/lib:/opt/ros/humble/lib/x86_64-linux-gnu:/home/lorenzo/code/decomp_ws/install/decomp_ros_msgs/lib:/opt/ros/humble/lib:/home/lorenzo/code/livox_ws/install/livox_ros_driver2/lib:/opt/gurobi1103/linux64/lib PYTHONPATH=/home/lorenzo/code/dynus_lite/dynus_lite_ws/install/gazebo_ros/local/lib/python3.10/dist-packages:/home/lorenzo/code/dynus_lite/dynus_lite_ws/install/gazebo_msgs/local/lib/python3.10/dist-packages:${PYTHONPATH} /usr/bin/cmake --build /home/lorenzo/code/dynus_lite/dynus_lite_ws/build/ros2_livox_simulation -- -j8 -l8
[624.831s] DEBUG:colcon.colcon_core.event_handler.log_command:Invoking command in '/home/lorenzo/code/dynus_lite/dynus_lite_ws/build/ros2_livox_simulation': AMENT_PREFIX_PATH=/home/lorenzo/code/dynus_lite/dynus_lite_ws/install/gazebo_plugins:/home/lorenzo/code/dynus_lite/dynus_lite_ws/install/gazebo_ros:/home/lorenzo/code/dynus_lite/dynus_lite_ws/install/gazebo_msgs:/home/lorenzo/code/dynus_lite/dynus_lite_ws/install/gazebo_dev:${AMENT_PREFIX_PATH} CMAKE_PREFIX_PATH=/home/lorenzo/code/dynus_lite/dynus_lite_ws/install/gazebo_plugins:/home/lorenzo/code/dynus_lite/dynus_lite_ws/install/gazebo_ros:/home/lorenzo/code/dynus_lite/dynus_lite_ws/install/livox_ros_driver2:/home/lorenzo/code/dynus_lite/dynus_lite_ws/install/gazebo_msgs:/home/lorenzo/code/dynus_lite/dynus_lite_ws/install/gazebo_dev:/home/lorenzo/code/dynus_lite/dynus_lite_ws/install/snapstack_msgs2:/home/lorenzo/code/dynus_lite/dynus_lite_ws/install/decomp_util:/home/lorenzo/code/dynus_lite/dynus_lite_ws/install/decomp_ros_msgs:/opt/openrobots:/opt/ros/humble LD_LIBRARY_PATH=/home/lorenzo/code/dynus_lite/dynus_lite_ws/install/gazebo_plugins/lib:/home/lorenzo/code/dynus_lite/dynus_lite_ws/install/gazebo_ros/lib:/home/lorenzo/code/dynus_lite/dynus_lite_ws/install/livox_ros_driver2/lib:/home/lorenzo/code/dynus_lite/dynus_lite_ws/install/gazebo_msgs/lib:/home/lorenzo/code/dynus_lite/dynus_lite_ws/install/snapstack_msgs2/lib:/home/lorenzo/code/dynus_lite/dynus_lite_ws/install/decomp_ros_msgs/lib:/opt/gurobi1103/linux64/lib:/usr/lib/x86_64-linux-gnu/gazebo-11/plugins:/opt/ros/humble/opt/rviz_ogre_vendor/lib:/opt/ros/humble/lib/x86_64-linux-gnu:/home/lorenzo/code/decomp_ws/install/decomp_ros_msgs/lib:/opt/ros/humble/lib:/home/lorenzo/code/livox_ws/install/livox_ros_driver2/lib:/opt/gurobi1103/linux64/lib PYTHONPATH=/home/lorenzo/code/dynus_lite/dynus_lite_ws/install/gazebo_ros/local/lib/python3.10/dist-packages:/home/lorenzo/code/dynus_lite/dynus_lite_ws/install/gazebo_msgs/local/lib/python3.10/dist-packages:${PYTHONPATH} /usr/bin/cmake --install /home/lorenzo/code/dynus_lite/dynus_lite_ws/build/ros2_livox_simulation
[624.906s] Level 1:colcon.colcon_core.environment:create_environment_scripts_only(ros2_livox_simulation)
[624.907s] Level 1:colcon.colcon_core.environment:checking '/home/lorenzo/code/dynus_lite/dynus_lite_ws/install/ros2_livox_simulation' for CMake module files
[624.908s] Level 1:colcon.colcon_core.environment:checking '/home/lorenzo/code/dynus_lite/dynus_lite_ws/install/ros2_livox_simulation' for CMake config files
[624.909s] DEBUG:colcon.colcon_core.event_handler.log_command:Invoked command in '/home/lorenzo/code/dynus_lite/dynus_lite_ws/build/ros2_livox_simulation' returned '0': AMENT_PREFIX_PATH=/home/lorenzo/code/dynus_lite/dynus_lite_ws/install/gazebo_plugins:/home/lorenzo/code/dynus_lite/dynus_lite_ws/install/gazebo_ros:/home/lorenzo/code/dynus_lite/dynus_lite_ws/install/gazebo_msgs:/home/lorenzo/code/dynus_lite/dynus_lite_ws/install/gazebo_dev:${AMENT_PREFIX_PATH} CMAKE_PREFIX_PATH=/home/lorenzo/code/dynus_lite/dynus_lite_ws/install/gazebo_plugins:/home/lorenzo/code/dynus_lite/dynus_lite_ws/install/gazebo_ros:/home/lorenzo/code/dynus_lite/dynus_lite_ws/install/livox_ros_driver2:/home/lorenzo/code/dynus_lite/dynus_lite_ws/install/gazebo_msgs:/home/lorenzo/code/dynus_lite/dynus_lite_ws/install/gazebo_dev:/home/lorenzo/code/dynus_lite/dynus_lite_ws/install/snapstack_msgs2:/home/lorenzo/code/dynus_lite/dynus_lite_ws/install/decomp_util:/home/lorenzo/code/dynus_lite/dynus_lite_ws/install/decomp_ros_msgs:/opt/openrobots:/opt/ros/humble LD_LIBRARY_PATH=/home/lorenzo/code/dynus_lite/dynus_lite_ws/install/gazebo_plugins/lib:/home/lorenzo/code/dynus_lite/dynus_lite_ws/install/gazebo_ros/lib:/home/lorenzo/code/dynus_lite/dynus_lite_ws/install/livox_ros_driver2/lib:/home/lorenzo/code/dynus_lite/dynus_lite_ws/install/gazebo_msgs/lib:/home/lorenzo/code/dynus_lite/dynus_lite_ws/install/snapstack_msgs2/lib:/home/lorenzo/code/dynus_lite/dynus_lite_ws/install/decomp_ros_msgs/lib:/opt/gurobi1103/linux64/lib:/usr/lib/x86_64-linux-gnu/gazebo-11/plugins:/opt/ros/humble/opt/rviz_ogre_vendor/lib:/opt/ros/humble/lib/x86_64-linux-gnu:/home/lorenzo/code/decomp_ws/install/decomp_ros_msgs/lib:/opt/ros/humble/lib:/home/lorenzo/code/livox_ws/install/livox_ros_driver2/lib:/opt/gurobi1103/linux64/lib PYTHONPATH=/home/lorenzo/code/dynus_lite/dynus_lite_ws/install/gazebo_ros/local/lib/python3.10/dist-packages:/home/lorenzo/code/dynus_lite/dynus_lite_ws/install/gazebo_msgs/local/lib/python3.10/dist-packages:${PYTHONPATH} /usr/bin/cmake --install /home/lorenzo/code/dynus_lite/dynus_lite_ws/build/ros2_livox_simulation
[624.910s] Level 1:colcon.colcon_core.shell:create_environment_hook('ros2_livox_simulation', 'cmake_prefix_path')
[624.911s] INFO:colcon.colcon_core.shell:Creating environment hook '/home/lorenzo/code/dynus_lite/dynus_lite_ws/install/ros2_livox_simulation/share/ros2_livox_simulation/hook/cmake_prefix_path.ps1'
[624.911s] INFO:colcon.colcon_core.shell:Creating environment descriptor '/home/lorenzo/code/dynus_lite/dynus_lite_ws/install/ros2_livox_simulation/share/ros2_livox_simulation/hook/cmake_prefix_path.dsv'
[624.912s] INFO:colcon.colcon_core.shell:Creating environment hook '/home/lorenzo/code/dynus_lite/dynus_lite_ws/install/ros2_livox_simulation/share/ros2_livox_simulation/hook/cmake_prefix_path.sh'
[624.913s] Level 1:colcon.colcon_core.environment:checking '/home/lorenzo/code/dynus_lite/dynus_lite_ws/install/ros2_livox_simulation/lib'
[624.914s] Level 1:colcon.colcon_core.shell:create_environment_hook('ros2_livox_simulation', 'ld_library_path_lib')
[624.914s] INFO:colcon.colcon_core.shell:Creating environment hook '/home/lorenzo/code/dynus_lite/dynus_lite_ws/install/ros2_livox_simulation/share/ros2_livox_simulation/hook/ld_library_path_lib.ps1'
[624.915s] INFO:colcon.colcon_core.shell:Creating environment descriptor '/home/lorenzo/code/dynus_lite/dynus_lite_ws/install/ros2_livox_simulation/share/ros2_livox_simulation/hook/ld_library_path_lib.dsv'
[624.916s] INFO:colcon.colcon_core.shell:Creating environment hook '/home/lorenzo/code/dynus_lite/dynus_lite_ws/install/ros2_livox_simulation/share/ros2_livox_simulation/hook/ld_library_path_lib.sh'
[624.917s] Level 1:colcon.colcon_core.environment:checking '/home/lorenzo/code/dynus_lite/dynus_lite_ws/install/ros2_livox_simulation/bin'
[624.917s] Level 1:colcon.colcon_core.environment:checking '/home/lorenzo/code/dynus_lite/dynus_lite_ws/install/ros2_livox_simulation/lib/pkgconfig/ros2_livox_simulation.pc'
[624.917s] Level 1:colcon.colcon_core.environment:checking '/home/lorenzo/code/dynus_lite/dynus_lite_ws/install/ros2_livox_simulation/lib/python3.10/site-packages'
[624.918s] Level 1:colcon.colcon_core.environment:checking '/home/lorenzo/code/dynus_lite/dynus_lite_ws/install/ros2_livox_simulation/bin'
[624.919s] INFO:colcon.colcon_core.shell:Creating package script '/home/lorenzo/code/dynus_lite/dynus_lite_ws/install/ros2_livox_simulation/share/ros2_livox_simulation/package.ps1'
[624.921s] INFO:colcon.colcon_core.shell:Creating package descriptor '/home/lorenzo/code/dynus_lite/dynus_lite_ws/install/ros2_livox_simulation/share/ros2_livox_simulation/package.dsv'
[624.922s] INFO:colcon.colcon_core.shell:Creating package script '/home/lorenzo/code/dynus_lite/dynus_lite_ws/install/ros2_livox_simulation/share/ros2_livox_simulation/package.sh'
[624.923s] INFO:colcon.colcon_core.shell:Creating package script '/home/lorenzo/code/dynus_lite/dynus_lite_ws/install/ros2_livox_simulation/share/ros2_livox_simulation/package.bash'
[624.924s] INFO:colcon.colcon_core.shell:Creating package script '/home/lorenzo/code/dynus_lite/dynus_lite_ws/install/ros2_livox_simulation/share/ros2_livox_simulation/package.zsh'
[624.924s] Level 1:colcon.colcon_core.environment:create_file_with_runtime_dependencies(/home/lorenzo/code/dynus_lite/dynus_lite_ws/install/ros2_livox_simulation/share/colcon-core/packages/ros2_livox_simulation)
[624.926s] Level 1:colcon.colcon_core.environment:create_environment_scripts_only(ros2_livox_simulation)
[624.926s] Level 1:colcon.colcon_core.environment:checking '/home/lorenzo/code/dynus_lite/dynus_lite_ws/install/ros2_livox_simulation' for CMake module files
[624.928s] Level 1:colcon.colcon_core.environment:checking '/home/lorenzo/code/dynus_lite/dynus_lite_ws/install/ros2_livox_simulation' for CMake config files
[624.928s] Level 1:colcon.colcon_core.shell:create_environment_hook('ros2_livox_simulation', 'cmake_prefix_path')
[624.929s] INFO:colcon.colcon_core.shell:Creating environment hook '/home/lorenzo/code/dynus_lite/dynus_lite_ws/install/ros2_livox_simulation/share/ros2_livox_simulation/hook/cmake_prefix_path.ps1'
[624.930s] INFO:colcon.colcon_core.shell:Creating environment descriptor '/home/lorenzo/code/dynus_lite/dynus_lite_ws/install/ros2_livox_simulation/share/ros2_livox_simulation/hook/cmake_prefix_path.dsv'
[624.931s] INFO:colcon.colcon_core.shell:Creating environment hook '/home/lorenzo/code/dynus_lite/dynus_lite_ws/install/ros2_livox_simulation/share/ros2_livox_simulation/hook/cmake_prefix_path.sh'
[624.932s] Level 1:colcon.colcon_core.environment:checking '/home/lorenzo/code/dynus_lite/dynus_lite_ws/install/ros2_livox_simulation/lib'
[624.932s] Level 1:colcon.colcon_core.shell:create_environment_hook('ros2_livox_simulation', 'ld_library_path_lib')
[624.933s] INFO:colcon.colcon_core.shell:Creating environment hook '/home/lorenzo/code/dynus_lite/dynus_lite_ws/install/ros2_livox_simulation/share/ros2_livox_simulation/hook/ld_library_path_lib.ps1'
[624.934s] INFO:colcon.colcon_core.shell:Creating environment descriptor '/home/lorenzo/code/dynus_lite/dynus_lite_ws/install/ros2_livox_simulation/share/ros2_livox_simulation/hook/ld_library_path_lib.dsv'
[624.935s] INFO:colcon.colcon_core.shell:Creating environment hook '/home/lorenzo/code/dynus_lite/dynus_lite_ws/install/ros2_livox_simulation/share/ros2_livox_simulation/hook/ld_library_path_lib.sh'
[624.938s] Level 1:colcon.colcon_core.environment:checking '/home/lorenzo/code/dynus_lite/dynus_lite_ws/install/ros2_livox_simulation/bin'
[624.939s] Level 1:colcon.colcon_core.environment:checking '/home/lorenzo/code/dynus_lite/dynus_lite_ws/install/ros2_livox_simulation/lib/pkgconfig/ros2_livox_simulation.pc'
[624.939s] Level 1:colcon.colcon_core.environment:checking '/home/lorenzo/code/dynus_lite/dynus_lite_ws/install/ros2_livox_simulation/lib/python3.10/site-packages'
[624.941s] Level 1:colcon.colcon_core.environment:checking '/home/lorenzo/code/dynus_lite/dynus_lite_ws/install/ros2_livox_simulation/bin'
[624.942s] INFO:colcon.colcon_core.shell:Creating package script '/home/lorenzo/code/dynus_lite/dynus_lite_ws/install/ros2_livox_simulation/share/ros2_livox_simulation/package.ps1'
[624.944s] INFO:colcon.colcon_core.shell:Creating package descriptor '/home/lorenzo/code/dynus_lite/dynus_lite_ws/install/ros2_livox_simulation/share/ros2_livox_simulation/package.dsv'
[624.946s] INFO:colcon.colcon_core.shell:Creating package script '/home/lorenzo/code/dynus_lite/dynus_lite_ws/install/ros2_livox_simulation/share/ros2_livox_simulation/package.sh'
[624.947s] INFO:colcon.colcon_core.shell:Creating package script '/home/lorenzo/code/dynus_lite/dynus_lite_ws/install/ros2_livox_simulation/share/ros2_livox_simulation/package.bash'
[624.948s] INFO:colcon.colcon_core.shell:Creating package script '/home/lorenzo/code/dynus_lite/dynus_lite_ws/install/ros2_livox_simulation/share/ros2_livox_simulation/package.zsh'
[624.949s] Level 1:colcon.colcon_core.environment:create_file_with_runtime_dependencies(/home/lorenzo/code/dynus_lite/dynus_lite_ws/install/ros2_livox_simulation/share/colcon-core/packages/ros2_livox_simulation)
[724.091s] DEBUG:colcon.colcon_core.event_handler.log_command:Invoked command in '/home/lorenzo/code/dynus_lite/dynus_lite_ws/build/dynus' returned '0': AMENT_PREFIX_PATH=/home/lorenzo/code/dynus_lite/dynus_lite_ws/install/gazebo_plugins:/home/lorenzo/code/dynus_lite/dynus_lite_ws/install/decomp_test_node:/home/lorenzo/code/dynus_lite/dynus_lite_ws/install/gazebo_ros:/home/lorenzo/code/dynus_lite/dynus_lite_ws/install/decomp_rviz_plugins:/home/lorenzo/code/dynus_lite/dynus_lite_ws/install/gazebo_msgs:/home/lorenzo/code/dynus_lite/dynus_lite_ws/install/gazebo_dev:/home/lorenzo/code/dynus_lite/dynus_lite_ws/install/dynus_interfaces:${AMENT_PREFIX_PATH} CMAKE_PREFIX_PATH=/home/lorenzo/code/dynus_lite/dynus_lite_ws/install/gazebo_plugins:/home/lorenzo/code/dynus_lite/dynus_lite_ws/install/decomp_test_node:/home/lorenzo/code/dynus_lite/dynus_lite_ws/install/gazebo_ros:/home/lorenzo/code/dynus_lite/dynus_lite_ws/install/decomp_rviz_plugins:/home/lorenzo/code/dynus_lite/dynus_lite_ws/install/gazebo_msgs:/home/lorenzo/code/dynus_lite/dynus_lite_ws/install/gazebo_dev:/home/lorenzo/code/dynus_lite/dynus_lite_ws/install/dynus_interfaces:/home/lorenzo/code/dynus_lite/dynus_lite_ws/install/decomp_util:/home/lorenzo/code/dynus_lite/dynus_lite_ws/install/decomp_ros_msgs:/home/lorenzo/code/dynus_lite/dynus_lite_ws/install/livox_ros_driver2:/home/lorenzo/code/dynus_lite/dynus_lite_ws/install/snapstack_msgs2:/opt/openrobots:/opt/ros/humble LD_LIBRARY_PATH=/home/lorenzo/code/dynus_lite/dynus_lite_ws/install/gazebo_plugins/lib:/home/lorenzo/code/dynus_lite/dynus_lite_ws/install/gazebo_ros/lib:/home/lorenzo/code/dynus_lite/dynus_lite_ws/install/decomp_rviz_plugins/lib:/home/lorenzo/code/dynus_lite/dynus_lite_ws/install/gazebo_msgs/lib:/home/lorenzo/code/dynus_lite/dynus_lite_ws/install/dynus_interfaces/lib:/home/lorenzo/code/dynus_lite/dynus_lite_ws/install/decomp_ros_msgs/lib:/home/lorenzo/code/dynus_lite/dynus_lite_ws/install/livox_ros_driver2/lib:/home/lorenzo/code/dynus_lite/dynus_lite_ws/install/snapstack_msgs2/lib:/opt/gurobi1103/linux64/lib:/usr/lib/x86_64-linux-gnu/gazebo-11/plugins:/opt/ros/humble/opt/rviz_ogre_vendor/lib:/opt/ros/humble/lib/x86_64-linux-gnu:/home/lorenzo/code/decomp_ws/install/decomp_ros_msgs/lib:/opt/ros/humble/lib:/home/lorenzo/code/livox_ws/install/livox_ros_driver2/lib:/opt/gurobi1103/linux64/lib PKG_CONFIG_PATH=/home/lorenzo/code/dynus_lite/dynus_lite_ws/install/decomp_util/lib/x86_64-linux-gnu/pkgconfig:/home/lorenzo/code/dynus_lite/dynus_lite_ws/install/decomp_util/lib/pkgconfig:/opt/openrobots/lib/pkgconfig PYTHONPATH=/home/lorenzo/code/dynus_lite/dynus_lite_ws/install/gazebo_ros/local/lib/python3.10/dist-packages:/home/lorenzo/code/dynus_lite/dynus_lite_ws/install/gazebo_msgs/local/lib/python3.10/dist-packages:/home/lorenzo/code/dynus_lite/dynus_lite_ws/install/dynus_interfaces/local/lib/python3.10/dist-packages:${PYTHONPATH} /usr/bin/cmake --build /home/lorenzo/code/dynus_lite/dynus_lite_ws/build/dynus -- -j8 -l8
[724.093s] DEBUG:colcon.colcon_core.event_handler.log_command:Invoking command in '/home/lorenzo/code/dynus_lite/dynus_lite_ws/build/dynus': AMENT_PREFIX_PATH=/home/lorenzo/code/dynus_lite/dynus_lite_ws/install/gazebo_plugins:/home/lorenzo/code/dynus_lite/dynus_lite_ws/install/decomp_test_node:/home/lorenzo/code/dynus_lite/dynus_lite_ws/install/gazebo_ros:/home/lorenzo/code/dynus_lite/dynus_lite_ws/install/decomp_rviz_plugins:/home/lorenzo/code/dynus_lite/dynus_lite_ws/install/gazebo_msgs:/home/lorenzo/code/dynus_lite/dynus_lite_ws/install/gazebo_dev:/home/lorenzo/code/dynus_lite/dynus_lite_ws/install/dynus_interfaces:${AMENT_PREFIX_PATH} CMAKE_PREFIX_PATH=/home/lorenzo/code/dynus_lite/dynus_lite_ws/install/gazebo_plugins:/home/lorenzo/code/dynus_lite/dynus_lite_ws/install/decomp_test_node:/home/lorenzo/code/dynus_lite/dynus_lite_ws/install/gazebo_ros:/home/lorenzo/code/dynus_lite/dynus_lite_ws/install/decomp_rviz_plugins:/home/lorenzo/code/dynus_lite/dynus_lite_ws/install/gazebo_msgs:/home/lorenzo/code/dynus_lite/dynus_lite_ws/install/gazebo_dev:/home/lorenzo/code/dynus_lite/dynus_lite_ws/install/dynus_interfaces:/home/lorenzo/code/dynus_lite/dynus_lite_ws/install/decomp_util:/home/lorenzo/code/dynus_lite/dynus_lite_ws/install/decomp_ros_msgs:/home/lorenzo/code/dynus_lite/dynus_lite_ws/install/livox_ros_driver2:/home/lorenzo/code/dynus_lite/dynus_lite_ws/install/snapstack_msgs2:/opt/openrobots:/opt/ros/humble LD_LIBRARY_PATH=/home/lorenzo/code/dynus_lite/dynus_lite_ws/install/gazebo_plugins/lib:/home/lorenzo/code/dynus_lite/dynus_lite_ws/install/gazebo_ros/lib:/home/lorenzo/code/dynus_lite/dynus_lite_ws/install/decomp_rviz_plugins/lib:/home/lorenzo/code/dynus_lite/dynus_lite_ws/install/gazebo_msgs/lib:/home/lorenzo/code/dynus_lite/dynus_lite_ws/install/dynus_interfaces/lib:/home/lorenzo/code/dynus_lite/dynus_lite_ws/install/decomp_ros_msgs/lib:/home/lorenzo/code/dynus_lite/dynus_lite_ws/install/livox_ros_driver2/lib:/home/lorenzo/code/dynus_lite/dynus_lite_ws/install/snapstack_msgs2/lib:/opt/gurobi1103/linux64/lib:/usr/lib/x86_64-linux-gnu/gazebo-11/plugins:/opt/ros/humble/opt/rviz_ogre_vendor/lib:/opt/ros/humble/lib/x86_64-linux-gnu:/home/lorenzo/code/decomp_ws/install/decomp_ros_msgs/lib:/opt/ros/humble/lib:/home/lorenzo/code/livox_ws/install/livox_ros_driver2/lib:/opt/gurobi1103/linux64/lib PKG_CONFIG_PATH=/home/lorenzo/code/dynus_lite/dynus_lite_ws/install/decomp_util/lib/x86_64-linux-gnu/pkgconfig:/home/lorenzo/code/dynus_lite/dynus_lite_ws/install/decomp_util/lib/pkgconfig:/opt/openrobots/lib/pkgconfig PYTHONPATH=/home/lorenzo/code/dynus_lite/dynus_lite_ws/install/gazebo_ros/local/lib/python3.10/dist-packages:/home/lorenzo/code/dynus_lite/dynus_lite_ws/install/gazebo_msgs/local/lib/python3.10/dist-packages:/home/lorenzo/code/dynus_lite/dynus_lite_ws/install/dynus_interfaces/local/lib/python3.10/dist-packages:${PYTHONPATH} /usr/bin/cmake --install /home/lorenzo/code/dynus_lite/dynus_lite_ws/build/dynus
[724.226s] Level 1:colcon.colcon_core.environment:create_environment_scripts_only(dynus)
[724.226s] Level 1:colcon.colcon_core.environment:checking '/home/lorenzo/code/dynus_lite/dynus_lite_ws/install/dynus' for CMake module files
[724.226s] DEBUG:colcon.colcon_core.event_handler.log_command:Invoked command in '/home/lorenzo/code/dynus_lite/dynus_lite_ws/build/dynus' returned '0': AMENT_PREFIX_PATH=/home/lorenzo/code/dynus_lite/dynus_lite_ws/install/gazebo_plugins:/home/lorenzo/code/dynus_lite/dynus_lite_ws/install/decomp_test_node:/home/lorenzo/code/dynus_lite/dynus_lite_ws/install/gazebo_ros:/home/lorenzo/code/dynus_lite/dynus_lite_ws/install/decomp_rviz_plugins:/home/lorenzo/code/dynus_lite/dynus_lite_ws/install/gazebo_msgs:/home/lorenzo/code/dynus_lite/dynus_lite_ws/install/gazebo_dev:/home/lorenzo/code/dynus_lite/dynus_lite_ws/install/dynus_interfaces:${AMENT_PREFIX_PATH} CMAKE_PREFIX_PATH=/home/lorenzo/code/dynus_lite/dynus_lite_ws/install/gazebo_plugins:/home/lorenzo/code/dynus_lite/dynus_lite_ws/install/decomp_test_node:/home/lorenzo/code/dynus_lite/dynus_lite_ws/install/gazebo_ros:/home/lorenzo/code/dynus_lite/dynus_lite_ws/install/decomp_rviz_plugins:/home/lorenzo/code/dynus_lite/dynus_lite_ws/install/gazebo_msgs:/home/lorenzo/code/dynus_lite/dynus_lite_ws/install/gazebo_dev:/home/lorenzo/code/dynus_lite/dynus_lite_ws/install/dynus_interfaces:/home/lorenzo/code/dynus_lite/dynus_lite_ws/install/decomp_util:/home/lorenzo/code/dynus_lite/dynus_lite_ws/install/decomp_ros_msgs:/home/lorenzo/code/dynus_lite/dynus_lite_ws/install/livox_ros_driver2:/home/lorenzo/code/dynus_lite/dynus_lite_ws/install/snapstack_msgs2:/opt/openrobots:/opt/ros/humble LD_LIBRARY_PATH=/home/lorenzo/code/dynus_lite/dynus_lite_ws/install/gazebo_plugins/lib:/home/lorenzo/code/dynus_lite/dynus_lite_ws/install/gazebo_ros/lib:/home/lorenzo/code/dynus_lite/dynus_lite_ws/install/decomp_rviz_plugins/lib:/home/lorenzo/code/dynus_lite/dynus_lite_ws/install/gazebo_msgs/lib:/home/lorenzo/code/dynus_lite/dynus_lite_ws/install/dynus_interfaces/lib:/home/lorenzo/code/dynus_lite/dynus_lite_ws/install/decomp_ros_msgs/lib:/home/lorenzo/code/dynus_lite/dynus_lite_ws/install/livox_ros_driver2/lib:/home/lorenzo/code/dynus_lite/dynus_lite_ws/install/snapstack_msgs2/lib:/opt/gurobi1103/linux64/lib:/usr/lib/x86_64-linux-gnu/gazebo-11/plugins:/opt/ros/humble/opt/rviz_ogre_vendor/lib:/opt/ros/humble/lib/x86_64-linux-gnu:/home/lorenzo/code/decomp_ws/install/decomp_ros_msgs/lib:/opt/ros/humble/lib:/home/lorenzo/code/livox_ws/install/livox_ros_driver2/lib:/opt/gurobi1103/linux64/lib PKG_CONFIG_PATH=/home/lorenzo/code/dynus_lite/dynus_lite_ws/install/decomp_util/lib/x86_64-linux-gnu/pkgconfig:/home/lorenzo/code/dynus_lite/dynus_lite_ws/install/decomp_util/lib/pkgconfig:/opt/openrobots/lib/pkgconfig PYTHONPATH=/home/lorenzo/code/dynus_lite/dynus_lite_ws/install/gazebo_ros/local/lib/python3.10/dist-packages:/home/lorenzo/code/dynus_lite/dynus_lite_ws/install/gazebo_msgs/local/lib/python3.10/dist-packages:/home/lorenzo/code/dynus_lite/dynus_lite_ws/install/dynus_interfaces/local/lib/python3.10/dist-packages:${PYTHONPATH} /usr/bin/cmake --install /home/lorenzo/code/dynus_lite/dynus_lite_ws/build/dynus
[724.227s] Level 1:colcon.colcon_core.environment:checking '/home/lorenzo/code/dynus_lite/dynus_lite_ws/install/dynus' for CMake config files
[724.227s] Level 1:colcon.colcon_core.shell:create_environment_hook('dynus', 'cmake_prefix_path')
[724.227s] INFO:colcon.colcon_core.shell:Creating environment hook '/home/lorenzo/code/dynus_lite/dynus_lite_ws/install/dynus/share/dynus/hook/cmake_prefix_path.ps1'
[724.227s] INFO:colcon.colcon_core.shell:Creating environment descriptor '/home/lorenzo/code/dynus_lite/dynus_lite_ws/install/dynus/share/dynus/hook/cmake_prefix_path.dsv'
[724.228s] INFO:colcon.colcon_core.shell:Creating environment hook '/home/lorenzo/code/dynus_lite/dynus_lite_ws/install/dynus/share/dynus/hook/cmake_prefix_path.sh'
[724.228s] Level 1:colcon.colcon_core.environment:checking '/home/lorenzo/code/dynus_lite/dynus_lite_ws/install/dynus/lib'
[724.228s] Level 1:colcon.colcon_core.shell:create_environment_hook('dynus', 'ld_library_path_lib')
[724.228s] INFO:colcon.colcon_core.shell:Creating environment hook '/home/lorenzo/code/dynus_lite/dynus_lite_ws/install/dynus/share/dynus/hook/ld_library_path_lib.ps1'
[724.229s] INFO:colcon.colcon_core.shell:Creating environment descriptor '/home/lorenzo/code/dynus_lite/dynus_lite_ws/install/dynus/share/dynus/hook/ld_library_path_lib.dsv'
[724.229s] INFO:colcon.colcon_core.shell:Creating environment hook '/home/lorenzo/code/dynus_lite/dynus_lite_ws/install/dynus/share/dynus/hook/ld_library_path_lib.sh'
[724.229s] Level 1:colcon.colcon_core.environment:checking '/home/lorenzo/code/dynus_lite/dynus_lite_ws/install/dynus/bin'
[724.229s] Level 1:colcon.colcon_core.environment:checking '/home/lorenzo/code/dynus_lite/dynus_lite_ws/install/dynus/lib/pkgconfig/dynus.pc'
[724.229s] Level 1:colcon.colcon_core.environment:checking '/home/lorenzo/code/dynus_lite/dynus_lite_ws/install/dynus/lib/python3.10/site-packages'
[724.230s] Level 1:colcon.colcon_core.environment:checking '/home/lorenzo/code/dynus_lite/dynus_lite_ws/install/dynus/bin'
[724.230s] INFO:colcon.colcon_core.shell:Creating package script '/home/lorenzo/code/dynus_lite/dynus_lite_ws/install/dynus/share/dynus/package.ps1'
[724.230s] INFO:colcon.colcon_core.shell:Creating package descriptor '/home/lorenzo/code/dynus_lite/dynus_lite_ws/install/dynus/share/dynus/package.dsv'
[724.231s] INFO:colcon.colcon_core.shell:Creating package script '/home/lorenzo/code/dynus_lite/dynus_lite_ws/install/dynus/share/dynus/package.sh'
[724.231s] INFO:colcon.colcon_core.shell:Creating package script '/home/lorenzo/code/dynus_lite/dynus_lite_ws/install/dynus/share/dynus/package.bash'
[724.231s] INFO:colcon.colcon_core.shell:Creating package script '/home/lorenzo/code/dynus_lite/dynus_lite_ws/install/dynus/share/dynus/package.zsh'
[724.231s] Level 1:colcon.colcon_core.environment:create_file_with_runtime_dependencies(/home/lorenzo/code/dynus_lite/dynus_lite_ws/install/dynus/share/colcon-core/packages/dynus)
[724.232s] Level 1:colcon.colcon_core.environment:create_environment_scripts_only(dynus)
[724.232s] Level 1:colcon.colcon_core.environment:checking '/home/lorenzo/code/dynus_lite/dynus_lite_ws/install/dynus' for CMake module files
[724.232s] Level 1:colcon.colcon_core.environment:checking '/home/lorenzo/code/dynus_lite/dynus_lite_ws/install/dynus' for CMake config files
[724.233s] Level 1:colcon.colcon_core.shell:create_environment_hook('dynus', 'cmake_prefix_path')
[724.233s] INFO:colcon.colcon_core.shell:Creating environment hook '/home/lorenzo/code/dynus_lite/dynus_lite_ws/install/dynus/share/dynus/hook/cmake_prefix_path.ps1'
[724.233s] INFO:colcon.colcon_core.shell:Creating environment descriptor '/home/lorenzo/code/dynus_lite/dynus_lite_ws/install/dynus/share/dynus/hook/cmake_prefix_path.dsv'
[724.234s] INFO:colcon.colcon_core.shell:Creating environment hook '/home/lorenzo/code/dynus_lite/dynus_lite_ws/install/dynus/share/dynus/hook/cmake_prefix_path.sh'
[724.234s] Level 1:colcon.colcon_core.environment:checking '/home/lorenzo/code/dynus_lite/dynus_lite_ws/install/dynus/lib'
[724.234s] Level 1:colcon.colcon_core.shell:create_environment_hook('dynus', 'ld_library_path_lib')
[724.234s] INFO:colcon.colcon_core.shell:Creating environment hook '/home/lorenzo/code/dynus_lite/dynus_lite_ws/install/dynus/share/dynus/hook/ld_library_path_lib.ps1'
[724.234s] INFO:colcon.colcon_core.shell:Creating environment descriptor '/home/lorenzo/code/dynus_lite/dynus_lite_ws/install/dynus/share/dynus/hook/ld_library_path_lib.dsv'
[724.235s] INFO:colcon.colcon_core.shell:Creating environment hook '/home/lorenzo/code/dynus_lite/dynus_lite_ws/install/dynus/share/dynus/hook/ld_library_path_lib.sh'
[724.235s] Level 1:colcon.colcon_core.environment:checking '/home/lorenzo/code/dynus_lite/dynus_lite_ws/install/dynus/bin'
[724.235s] Level 1:colcon.colcon_core.environment:checking '/home/lorenzo/code/dynus_lite/dynus_lite_ws/install/dynus/lib/pkgconfig/dynus.pc'
[724.235s] Level 1:colcon.colcon_core.environment:checking '/home/lorenzo/code/dynus_lite/dynus_lite_ws/install/dynus/lib/python3.10/site-packages'
[724.235s] Level 1:colcon.colcon_core.environment:checking '/home/lorenzo/code/dynus_lite/dynus_lite_ws/install/dynus/bin'
[724.236s] INFO:colcon.colcon_core.shell:Creating package script '/home/lorenzo/code/dynus_lite/dynus_lite_ws/install/dynus/share/dynus/package.ps1'
[724.236s] INFO:colcon.colcon_core.shell:Creating package descriptor '/home/lorenzo/code/dynus_lite/dynus_lite_ws/install/dynus/share/dynus/package.dsv'
[724.237s] INFO:colcon.colcon_core.shell:Creating package script '/home/lorenzo/code/dynus_lite/dynus_lite_ws/install/dynus/share/dynus/package.sh'
[724.237s] INFO:colcon.colcon_core.shell:Creating package script '/home/lorenzo/code/dynus_lite/dynus_lite_ws/install/dynus/share/dynus/package.bash'
[724.237s] INFO:colcon.colcon_core.shell:Creating package script '/home/lorenzo/code/dynus_lite/dynus_lite_ws/install/dynus/share/dynus/package.zsh'
[724.237s] Level 1:colcon.colcon_core.environment:create_file_with_runtime_dependencies(/home/lorenzo/code/dynus_lite/dynus_lite_ws/install/dynus/share/colcon-core/packages/dynus)
[724.238s] DEBUG:colcon.colcon_parallel_executor.executor.parallel:closing loop
[724.238s] DEBUG:colcon.colcon_parallel_executor.executor.parallel:loop closed
[724.238s] DEBUG:colcon.colcon_parallel_executor.executor.parallel:run_until_complete finished with '0'
[724.238s] DEBUG:colcon.colcon_core.event_reactor:joining thread
[724.268s] INFO:colcon.colcon_core.plugin_system:Skipping extension 'colcon_notification.desktop_notification.terminal_notifier': Not used on non-Darwin systems
[724.268s] INFO:colcon.colcon_core.plugin_system:Skipping extension 'colcon_notification.desktop_notification.win32': Not used on non-Windows systems
[724.268s] INFO:colcon.colcon_notification.desktop_notification:Sending desktop notification using 'notify2'
[724.282s] DEBUG:colcon.colcon_core.event_reactor:joined thread
[724.283s] INFO:colcon.colcon_core.shell:Creating prefix script '/home/lorenzo/code/dynus_lite/dynus_lite_ws/install/local_setup.ps1'
[724.284s] INFO:colcon.colcon_core.shell:Creating prefix util module '/home/lorenzo/code/dynus_lite/dynus_lite_ws/install/_local_setup_util_ps1.py'
[724.286s] INFO:colcon.colcon_core.shell:Creating prefix chain script '/home/lorenzo/code/dynus_lite/dynus_lite_ws/install/setup.ps1'
[724.287s] INFO:colcon.colcon_core.shell:Creating prefix script '/home/lorenzo/code/dynus_lite/dynus_lite_ws/install/local_setup.sh'
[724.288s] INFO:colcon.colcon_core.shell:Creating prefix util module '/home/lorenzo/code/dynus_lite/dynus_lite_ws/install/_local_setup_util_sh.py'
[724.288s] INFO:colcon.colcon_core.shell:Creating prefix chain script '/home/lorenzo/code/dynus_lite/dynus_lite_ws/install/setup.sh'
[724.289s] INFO:colcon.colcon_core.shell:Creating prefix script '/home/lorenzo/code/dynus_lite/dynus_lite_ws/install/local_setup.bash'
[724.290s] INFO:colcon.colcon_core.shell:Creating prefix chain script '/home/lorenzo/code/dynus_lite/dynus_lite_ws/install/setup.bash'
[724.290s] INFO:colcon.colcon_core.shell:Creating prefix script '/home/lorenzo/code/dynus_lite/dynus_lite_ws/install/local_setup.zsh'
[724.291s] INFO:colcon.colcon_core.shell:Creating prefix chain script '/home/lorenzo/code/dynus_lite/dynus_lite_ws/install/setup.zsh'
