[0.027s] Invoking command in '/home/lorenzo/code/dynus_lite/dynus_lite_ws/build/gazebo_msgs': CMAKE_PREFIX_PATH=${CMAKE_PREFIX_PATH}:/opt/ros/humble /usr/bin/cmake /home/lorenzo/code/dynus_lite/dynus_lite_ws/src/gazebo_ros_pkgs/gazebo_msgs -DCMAKE_INSTALL_PREFIX=/home/lorenzo/code/dynus_lite/dynus_lite_ws/install/gazebo_msgs
[0.147s] -- The C compiler identification is GNU 11.4.0
[0.306s] -- The CXX compiler identification is GNU 12.3.0
[0.322s] -- Detecting C compiler ABI info
[0.472s] -- Detecting C compiler ABI info - done
[0.494s] -- Check for working C compiler: /usr/bin/cc - skipped
[0.494s] -- Detecting C compile features
[0.495s] -- Detecting C compile features - done
[0.502s] -- Detecting CXX compiler ABI info
[0.650s] -- Detecting CXX compiler ABI info - done
[0.671s] -- Check for working CXX compiler: /usr/bin/c++ - skipped
[0.672s] -- Detecting CXX compile features
[0.673s] -- Detecting CXX compile features - done
[0.678s] -- Found ament_cmake: 1.3.13 (/opt/ros/humble/share/ament_cmake/cmake)
[1.129s] -- Found Python3: /usr/bin/python3 (found version "3.10.12") found components: Interpreter 
[1.366s] -- Found builtin_interfaces: 1.2.2 (/opt/ros/humble/share/builtin_interfaces/cmake)
[1.456s] -- Found rosidl_generator_c: 3.1.8 (/opt/ros/humble/share/rosidl_generator_c/cmake)
[1.474s] -- Found rosidl_adapter: 3.1.8 (/opt/ros/humble/share/rosidl_adapter/cmake)
[1.498s] -- Found rosidl_generator_cpp: 3.1.8 (/opt/ros/humble/share/rosidl_generator_cpp/cmake)
[1.536s] -- Using all available rosidl_typesupport_c: rosidl_typesupport_fastrtps_c;rosidl_typesupport_introspection_c
[1.582s] -- Using all available rosidl_typesupport_cpp: rosidl_typesupport_fastrtps_cpp;rosidl_typesupport_introspection_cpp
[1.620s] -- Found std_msgs: 4.9.1 (/opt/ros/humble/share/std_msgs/cmake)
[1.653s] -- Found trajectory_msgs: 4.9.1 (/opt/ros/humble/share/trajectory_msgs/cmake)
[1.739s] -- Found rosidl_default_generators: 1.2.0 (/opt/ros/humble/share/rosidl_default_generators/cmake)
[3.529s] -- Found ament_cmake_cppcheck: 0.12.15 (/opt/ros/humble/share/ament_cmake_cppcheck/cmake)
[3.534s] -- Found ament_cmake_cpplint: 0.12.15 (/opt/ros/humble/share/ament_cmake_cpplint/cmake)
[3.540s] -- Found ament_cmake_uncrustify: 0.12.15 (/opt/ros/humble/share/ament_cmake_uncrustify/cmake)
[3.546s] -- Found ament_cmake_ros: 0.10.0 (/opt/ros/humble/share/ament_cmake_ros/cmake)
[4.641s] -- Using all available rosidl_typesupport_c: rosidl_typesupport_fastrtps_c;rosidl_typesupport_introspection_c
[5.338s] -- Using all available rosidl_typesupport_cpp: rosidl_typesupport_fastrtps_cpp;rosidl_typesupport_introspection_cpp
[5.421s] -- Found PythonInterp: /usr/bin/python3 (found suitable version "3.10.12", minimum required is "3.6") 
[5.447s] -- Found python_cmake_module: 0.10.0 (/opt/ros/humble/share/python_cmake_module/cmake)
[5.528s] -- Found PythonLibs: /usr/lib/x86_64-linux-gnu/libpython3.10.so (found suitable version "3.10.12", minimum required is "3.5") 
[5.529s] -- Using PYTHON_EXECUTABLE: /usr/bin/python3
[5.529s] -- Using PYTHON_INCLUDE_DIRS: /usr/include/python3.10
[5.529s] -- Using PYTHON_LIBRARIES: /usr/lib/x86_64-linux-gnu/libpython3.10.so
[5.628s] -- Found PythonExtra: .so  
[5.846s] -- Found ament_cmake_flake8: 0.12.15 (/opt/ros/humble/share/ament_cmake_flake8/cmake)
[5.852s] -- Found ament_cmake_pep257: 0.12.15 (/opt/ros/humble/share/ament_cmake_pep257/cmake)
[5.877s] -- Configuring done
[6.174s] -- Generating done
[6.220s] -- Build files have been written to: /home/lorenzo/code/dynus_lite/dynus_lite_ws/build/gazebo_msgs
[6.745s] Invoked command in '/home/lorenzo/code/dynus_lite/dynus_lite_ws/build/gazebo_msgs' returned '0': CMAKE_PREFIX_PATH=${CMAKE_PREFIX_PATH}:/opt/ros/humble /usr/bin/cmake /home/lorenzo/code/dynus_lite/dynus_lite_ws/src/gazebo_ros_pkgs/gazebo_msgs -DCMAKE_INSTALL_PREFIX=/home/lorenzo/code/dynus_lite/dynus_lite_ws/install/gazebo_msgs
[6.746s] Invoking command in '/home/lorenzo/code/dynus_lite/dynus_lite_ws/build/gazebo_msgs': CMAKE_PREFIX_PATH=${CMAKE_PREFIX_PATH}:/opt/ros/humble /usr/bin/cmake --build /home/lorenzo/code/dynus_lite/dynus_lite_ws/build/gazebo_msgs -- -j8 -l8
[6.976s] [  0%] [34m[1mGenerating C code for ROS interfaces[0m
[7.022s] [  0%] Built target ament_cmake_python_copy_gazebo_msgs
[7.080s] [  0%] [34m[1mGenerating C++ code for ROS interfaces[0m
[9.636s] running egg_info
[9.644s] creating gazebo_msgs.egg-info
[9.644s] writing gazebo_msgs.egg-info/PKG-INFO
[9.644s] writing dependency_links to gazebo_msgs.egg-info/dependency_links.txt
[9.644s] writing top-level names to gazebo_msgs.egg-info/top_level.txt
[9.651s] writing manifest file 'gazebo_msgs.egg-info/SOURCES.txt'
[9.664s] reading manifest file 'gazebo_msgs.egg-info/SOURCES.txt'
[9.669s] writing manifest file 'gazebo_msgs.egg-info/SOURCES.txt'
[9.840s] [  0%] Built target ament_cmake_python_build_gazebo_msgs_egg
[35.576s] [  1%] [32mBuilding C object CMakeFiles/gazebo_msgs__rosidl_generator_c.dir/rosidl_generator_c/gazebo_msgs/msg/detail/contact_state__functions.c.o[0m
[35.708s] [  1%] [32mBuilding C object CMakeFiles/gazebo_msgs__rosidl_generator_c.dir/rosidl_generator_c/gazebo_msgs/msg/detail/model_states__functions.c.o[0m
[35.820s] [  1%] [32mBuilding C object CMakeFiles/gazebo_msgs__rosidl_generator_c.dir/rosidl_generator_c/gazebo_msgs/msg/detail/ode_joint_properties__functions.c.o[0m
[35.938s] [  2%] [32mBuilding C object CMakeFiles/gazebo_msgs__rosidl_generator_c.dir/rosidl_generator_c/gazebo_msgs/msg/detail/ode_physics__functions.c.o[0m
[36.043s] [  2%] [32mBuilding C object CMakeFiles/gazebo_msgs__rosidl_generator_c.dir/rosidl_generator_c/gazebo_msgs/msg/detail/performance_metrics__functions.c.o[0m
[36.152s] [  2%] [32mBuilding C object CMakeFiles/gazebo_msgs__rosidl_generator_c.dir/rosidl_generator_c/gazebo_msgs/msg/detail/sensor_performance_metric__functions.c.o[0m
[36.266s] [  3%] [32mBuilding C object CMakeFiles/gazebo_msgs__rosidl_generator_c.dir/rosidl_generator_c/gazebo_msgs/msg/detail/wheel_slip__functions.c.o[0m
[36.375s] [  3%] [32mBuilding C object CMakeFiles/gazebo_msgs__rosidl_generator_c.dir/rosidl_generator_c/gazebo_msgs/msg/detail/world_state__functions.c.o[0m
[36.490s] [  3%] [32mBuilding C object CMakeFiles/gazebo_msgs__rosidl_generator_c.dir/rosidl_generator_c/gazebo_msgs/srv/detail/apply_body_wrench__functions.c.o[0m
[36.634s] [  3%] [32mBuilding C object CMakeFiles/gazebo_msgs__rosidl_generator_c.dir/rosidl_generator_c/gazebo_msgs/srv/detail/apply_link_wrench__functions.c.o[0m
[36.778s] [  4%] [32mBuilding C object CMakeFiles/gazebo_msgs__rosidl_generator_c.dir/rosidl_generator_c/gazebo_msgs/srv/detail/apply_joint_effort__functions.c.o[0m
[36.911s] [  4%] [32mBuilding C object CMakeFiles/gazebo_msgs__rosidl_generator_c.dir/rosidl_generator_c/gazebo_msgs/srv/detail/body_request__functions.c.o[0m
[37.041s] [  4%] [32mBuilding C object CMakeFiles/gazebo_msgs__rosidl_generator_c.dir/rosidl_generator_c/gazebo_msgs/srv/detail/delete_entity__functions.c.o[0m
[37.052s] [  4%] Built target gazebo_msgs__cpp
[37.171s] [  5%] [32mBuilding C object CMakeFiles/gazebo_msgs__rosidl_generator_c.dir/rosidl_generator_c/gazebo_msgs/srv/detail/delete_model__functions.c.o[0m
[37.308s] [  5%] [32mBuilding C object CMakeFiles/gazebo_msgs__rosidl_generator_c.dir/rosidl_generator_c/gazebo_msgs/srv/detail/delete_light__functions.c.o[0m
[37.441s] [  5%] [32mBuilding C object CMakeFiles/gazebo_msgs__rosidl_generator_c.dir/rosidl_generator_c/gazebo_msgs/msg/detail/model_state__functions.c.o[0m
[37.551s] [  6%] [32mBuilding C object CMakeFiles/gazebo_msgs__rosidl_generator_c.dir/rosidl_generator_c/gazebo_msgs/msg/detail/link_states__functions.c.o[0m
[37.662s] [  6%] [32mBuilding C object CMakeFiles/gazebo_msgs__rosidl_generator_c.dir/rosidl_generator_c/gazebo_msgs/srv/detail/get_joint_properties__functions.c.o[0m
[37.806s] [  6%] [32mBuilding C object CMakeFiles/gazebo_msgs__rosidl_generator_c.dir/rosidl_generator_c/gazebo_msgs/srv/detail/get_entity_state__functions.c.o[0m
[37.941s] [  7%] [32mBuilding C object CMakeFiles/gazebo_msgs__rosidl_generator_c.dir/rosidl_generator_c/gazebo_msgs/srv/detail/get_light_properties__functions.c.o[0m
[38.071s] [  7%] [32mBuilding C object CMakeFiles/gazebo_msgs__rosidl_generator_c.dir/rosidl_generator_c/gazebo_msgs/srv/detail/get_link_properties__functions.c.o[0m
[38.200s] [  7%] [32mBuilding C object CMakeFiles/gazebo_msgs__rosidl_generator_c.dir/rosidl_generator_c/gazebo_msgs/srv/detail/get_link_state__functions.c.o[0m
[38.328s] [  7%] [32mBuilding C object CMakeFiles/gazebo_msgs__rosidl_generator_c.dir/rosidl_generator_c/gazebo_msgs/srv/detail/get_model_list__functions.c.o[0m
[38.454s] [  8%] [32mBuilding C object CMakeFiles/gazebo_msgs__rosidl_generator_c.dir/rosidl_generator_c/gazebo_msgs/srv/detail/get_model_properties__functions.c.o[0m
[38.588s] [  8%] [32mBuilding C object CMakeFiles/gazebo_msgs__rosidl_generator_c.dir/rosidl_generator_c/gazebo_msgs/srv/detail/get_model_state__functions.c.o[0m
[38.723s] [  8%] [32mBuilding C object CMakeFiles/gazebo_msgs__rosidl_generator_c.dir/rosidl_generator_c/gazebo_msgs/srv/detail/get_physics_properties__functions.c.o[0m
[38.841s] [  8%] [32mBuilding C object CMakeFiles/gazebo_msgs__rosidl_generator_c.dir/rosidl_generator_c/gazebo_msgs/srv/detail/get_world_properties__functions.c.o[0m
[38.950s] [  9%] [32mBuilding C object CMakeFiles/gazebo_msgs__rosidl_generator_c.dir/rosidl_generator_c/gazebo_msgs/srv/detail/joint_request__functions.c.o[0m
[39.060s] [  9%] [32mBuilding C object CMakeFiles/gazebo_msgs__rosidl_generator_c.dir/rosidl_generator_c/gazebo_msgs/srv/detail/link_request__functions.c.o[0m
[39.185s] [  9%] [32mBuilding C object CMakeFiles/gazebo_msgs__rosidl_generator_c.dir/rosidl_generator_c/gazebo_msgs/srv/detail/set_entity_state__functions.c.o[0m
[39.319s] [ 10%] [32mBuilding C object CMakeFiles/gazebo_msgs__rosidl_generator_c.dir/rosidl_generator_c/gazebo_msgs/srv/detail/set_joint_properties__functions.c.o[0m
[39.444s] [ 10%] [32mBuilding C object CMakeFiles/gazebo_msgs__rosidl_generator_c.dir/rosidl_generator_c/gazebo_msgs/srv/detail/set_joint_trajectory__functions.c.o[0m
[39.586s] [ 10%] [32mBuilding C object CMakeFiles/gazebo_msgs__rosidl_generator_c.dir/rosidl_generator_c/gazebo_msgs/srv/detail/set_light_properties__functions.c.o[0m
[39.715s] [ 10%] [32mBuilding C object CMakeFiles/gazebo_msgs__rosidl_generator_c.dir/rosidl_generator_c/gazebo_msgs/srv/detail/set_link_properties__functions.c.o[0m
[39.850s] [ 11%] [32mBuilding C object CMakeFiles/gazebo_msgs__rosidl_generator_c.dir/rosidl_generator_c/gazebo_msgs/srv/detail/set_link_state__functions.c.o[0m
[39.985s] [ 11%] [32mBuilding C object CMakeFiles/gazebo_msgs__rosidl_generator_c.dir/rosidl_generator_c/gazebo_msgs/srv/detail/set_model_configuration__functions.c.o[0m
[40.125s] [ 11%] [32mBuilding C object CMakeFiles/gazebo_msgs__rosidl_generator_c.dir/rosidl_generator_c/gazebo_msgs/srv/detail/set_model_state__functions.c.o[0m
[40.260s] [ 11%] [32mBuilding C object CMakeFiles/gazebo_msgs__rosidl_generator_c.dir/rosidl_generator_c/gazebo_msgs/srv/detail/set_physics_properties__functions.c.o[0m
[40.399s] [ 12%] [32mBuilding C object CMakeFiles/gazebo_msgs__rosidl_generator_c.dir/rosidl_generator_c/gazebo_msgs/srv/detail/spawn_entity__functions.c.o[0m
[40.535s] [ 12%] [32mBuilding C object CMakeFiles/gazebo_msgs__rosidl_generator_c.dir/rosidl_generator_c/gazebo_msgs/srv/detail/spawn_model__functions.c.o[0m
[40.671s] [ 12%] [32mBuilding C object CMakeFiles/gazebo_msgs__rosidl_generator_c.dir/rosidl_generator_c/gazebo_msgs/msg/detail/link_state__functions.c.o[0m
[40.788s] [ 12%] [32mBuilding C object CMakeFiles/gazebo_msgs__rosidl_generator_c.dir/rosidl_generator_c/gazebo_msgs/msg/detail/entity_state__functions.c.o[0m
[40.910s] [ 12%] [32mBuilding C object CMakeFiles/gazebo_msgs__rosidl_generator_c.dir/rosidl_generator_c/gazebo_msgs/msg/detail/contacts_state__functions.c.o[0m
[41.020s] [ 12%] [32m[1mLinking C shared library libgazebo_msgs__rosidl_generator_c.so[0m
[41.123s] [ 12%] Built target gazebo_msgs__rosidl_generator_c
[41.150s] [ 13%] [34m[1mGenerating C++ introspection for ROS interfaces[0m
[50.862s] [ 13%] [32mBuilding CXX object CMakeFiles/gazebo_msgs__rosidl_typesupport_introspection_cpp.dir/rosidl_typesupport_introspection_cpp/gazebo_msgs/msg/detail/contact_state__type_support.cpp.o[0m
[51.515s] [ 13%] [32mBuilding CXX object CMakeFiles/gazebo_msgs__rosidl_typesupport_introspection_cpp.dir/rosidl_typesupport_introspection_cpp/gazebo_msgs/msg/detail/entity_state__type_support.cpp.o[0m
[52.095s] [ 14%] [32mBuilding CXX object CMakeFiles/gazebo_msgs__rosidl_typesupport_introspection_cpp.dir/rosidl_typesupport_introspection_cpp/gazebo_msgs/msg/detail/link_state__type_support.cpp.o[0m
[52.802s] [ 14%] [32mBuilding CXX object CMakeFiles/gazebo_msgs__rosidl_typesupport_introspection_cpp.dir/rosidl_typesupport_introspection_cpp/gazebo_msgs/msg/detail/link_states__type_support.cpp.o[0m
[53.744s] [ 14%] [32mBuilding CXX object CMakeFiles/gazebo_msgs__rosidl_typesupport_introspection_cpp.dir/rosidl_typesupport_introspection_cpp/gazebo_msgs/msg/detail/model_state__type_support.cpp.o[0m
[54.330s] [ 14%] [32mBuilding CXX object CMakeFiles/gazebo_msgs__rosidl_typesupport_introspection_cpp.dir/rosidl_typesupport_introspection_cpp/gazebo_msgs/msg/detail/model_states__type_support.cpp.o[0m
[55.162s] [ 15%] [32mBuilding CXX object CMakeFiles/gazebo_msgs__rosidl_typesupport_introspection_cpp.dir/rosidl_typesupport_introspection_cpp/gazebo_msgs/msg/detail/ode_joint_properties__type_support.cpp.o[0m
[55.832s] [ 15%] [32mBuilding CXX object CMakeFiles/gazebo_msgs__rosidl_typesupport_introspection_cpp.dir/rosidl_typesupport_introspection_cpp/gazebo_msgs/msg/detail/ode_physics__type_support.cpp.o[0m
[56.480s] [ 15%] [32mBuilding CXX object CMakeFiles/gazebo_msgs__rosidl_typesupport_introspection_cpp.dir/rosidl_typesupport_introspection_cpp/gazebo_msgs/msg/detail/performance_metrics__type_support.cpp.o[0m
[57.030s] [ 16%] [32mBuilding CXX object CMakeFiles/gazebo_msgs__rosidl_typesupport_introspection_cpp.dir/rosidl_typesupport_introspection_cpp/gazebo_msgs/msg/detail/sensor_performance_metric__type_support.cpp.o[0m
[57.509s] [ 16%] [32mBuilding CXX object CMakeFiles/gazebo_msgs__rosidl_typesupport_introspection_cpp.dir/rosidl_typesupport_introspection_cpp/gazebo_msgs/msg/detail/wheel_slip__type_support.cpp.o[0m
[58.094s] [ 16%] [32mBuilding CXX object CMakeFiles/gazebo_msgs__rosidl_typesupport_introspection_cpp.dir/rosidl_typesupport_introspection_cpp/gazebo_msgs/msg/detail/world_state__type_support.cpp.o[0m
[58.803s] [ 16%] [32mBuilding CXX object CMakeFiles/gazebo_msgs__rosidl_typesupport_introspection_cpp.dir/rosidl_typesupport_introspection_cpp/gazebo_msgs/srv/detail/apply_body_wrench__type_support.cpp.o[0m
[59.306s] [ 17%] [32mBuilding CXX object CMakeFiles/gazebo_msgs__rosidl_typesupport_introspection_cpp.dir/rosidl_typesupport_introspection_cpp/gazebo_msgs/srv/detail/apply_link_wrench__type_support.cpp.o[0m
[59.803s] [ 17%] [32mBuilding CXX object CMakeFiles/gazebo_msgs__rosidl_typesupport_introspection_cpp.dir/rosidl_typesupport_introspection_cpp/gazebo_msgs/srv/detail/apply_joint_effort__type_support.cpp.o[0m
[60.299s] [ 17%] [32mBuilding CXX object CMakeFiles/gazebo_msgs__rosidl_typesupport_introspection_cpp.dir/rosidl_typesupport_introspection_cpp/gazebo_msgs/srv/detail/body_request__type_support.cpp.o[0m
[60.787s] [ 17%] [32mBuilding CXX object CMakeFiles/gazebo_msgs__rosidl_typesupport_introspection_cpp.dir/rosidl_typesupport_introspection_cpp/gazebo_msgs/srv/detail/delete_entity__type_support.cpp.o[0m
[61.278s] [ 18%] [32mBuilding CXX object CMakeFiles/gazebo_msgs__rosidl_typesupport_introspection_cpp.dir/rosidl_typesupport_introspection_cpp/gazebo_msgs/srv/detail/delete_light__type_support.cpp.o[0m
[61.769s] [ 18%] [32mBuilding CXX object CMakeFiles/gazebo_msgs__rosidl_typesupport_introspection_cpp.dir/rosidl_typesupport_introspection_cpp/gazebo_msgs/srv/detail/delete_model__type_support.cpp.o[0m
[62.264s] [ 18%] [32mBuilding CXX object CMakeFiles/gazebo_msgs__rosidl_typesupport_introspection_cpp.dir/rosidl_typesupport_introspection_cpp/gazebo_msgs/srv/detail/get_joint_properties__type_support.cpp.o[0m
[62.819s] [ 19%] [32mBuilding CXX object CMakeFiles/gazebo_msgs__rosidl_typesupport_introspection_cpp.dir/rosidl_typesupport_introspection_cpp/gazebo_msgs/srv/detail/get_entity_state__type_support.cpp.o[0m
[63.340s] [ 19%] [32mBuilding CXX object CMakeFiles/gazebo_msgs__rosidl_typesupport_introspection_cpp.dir/rosidl_typesupport_introspection_cpp/gazebo_msgs/srv/detail/get_light_properties__type_support.cpp.o[0m
[63.832s] [ 19%] [32mBuilding CXX object CMakeFiles/gazebo_msgs__rosidl_typesupport_introspection_cpp.dir/rosidl_typesupport_introspection_cpp/gazebo_msgs/srv/detail/get_link_properties__type_support.cpp.o[0m
[64.330s] [ 19%] [32mBuilding CXX object CMakeFiles/gazebo_msgs__rosidl_typesupport_introspection_cpp.dir/rosidl_typesupport_introspection_cpp/gazebo_msgs/srv/detail/get_link_state__type_support.cpp.o[0m
[64.836s] [ 20%] [32mBuilding CXX object CMakeFiles/gazebo_msgs__rosidl_typesupport_introspection_cpp.dir/rosidl_typesupport_introspection_cpp/gazebo_msgs/srv/detail/get_model_list__type_support.cpp.o[0m
[65.389s] [ 20%] [32mBuilding CXX object CMakeFiles/gazebo_msgs__rosidl_typesupport_introspection_cpp.dir/rosidl_typesupport_introspection_cpp/gazebo_msgs/srv/detail/get_model_properties__type_support.cpp.o[0m
[65.954s] [ 20%] [32mBuilding CXX object CMakeFiles/gazebo_msgs__rosidl_typesupport_introspection_cpp.dir/rosidl_typesupport_introspection_cpp/gazebo_msgs/srv/detail/get_model_state__type_support.cpp.o[0m
[66.461s] [ 20%] [32mBuilding CXX object CMakeFiles/gazebo_msgs__rosidl_typesupport_introspection_cpp.dir/rosidl_typesupport_introspection_cpp/gazebo_msgs/srv/detail/get_physics_properties__type_support.cpp.o[0m
[66.952s] [ 21%] [32mBuilding CXX object CMakeFiles/gazebo_msgs__rosidl_typesupport_introspection_cpp.dir/rosidl_typesupport_introspection_cpp/gazebo_msgs/srv/detail/get_world_properties__type_support.cpp.o[0m
[67.501s] [ 21%] [32mBuilding CXX object CMakeFiles/gazebo_msgs__rosidl_typesupport_introspection_cpp.dir/rosidl_typesupport_introspection_cpp/gazebo_msgs/srv/detail/joint_request__type_support.cpp.o[0m
[67.994s] [ 21%] [32mBuilding CXX object CMakeFiles/gazebo_msgs__rosidl_typesupport_introspection_cpp.dir/rosidl_typesupport_introspection_cpp/gazebo_msgs/srv/detail/link_request__type_support.cpp.o[0m
[68.478s] [ 22%] [32mBuilding CXX object CMakeFiles/gazebo_msgs__rosidl_typesupport_introspection_cpp.dir/rosidl_typesupport_introspection_cpp/gazebo_msgs/srv/detail/set_entity_state__type_support.cpp.o[0m
[68.982s] [ 22%] [32mBuilding CXX object CMakeFiles/gazebo_msgs__rosidl_typesupport_introspection_cpp.dir/rosidl_typesupport_introspection_cpp/gazebo_msgs/srv/detail/set_joint_properties__type_support.cpp.o[0m
[69.620s] [ 22%] [32mBuilding CXX object CMakeFiles/gazebo_msgs__rosidl_typesupport_introspection_cpp.dir/rosidl_typesupport_introspection_cpp/gazebo_msgs/srv/detail/set_joint_trajectory__type_support.cpp.o[0m
[70.414s] [ 22%] [32mBuilding CXX object CMakeFiles/gazebo_msgs__rosidl_typesupport_introspection_cpp.dir/rosidl_typesupport_introspection_cpp/gazebo_msgs/srv/detail/set_light_properties__type_support.cpp.o[0m
[70.914s] [ 23%] [32mBuilding CXX object CMakeFiles/gazebo_msgs__rosidl_typesupport_introspection_cpp.dir/rosidl_typesupport_introspection_cpp/gazebo_msgs/srv/detail/set_link_properties__type_support.cpp.o[0m
[71.413s] [ 23%] [32mBuilding CXX object CMakeFiles/gazebo_msgs__rosidl_typesupport_introspection_cpp.dir/rosidl_typesupport_introspection_cpp/gazebo_msgs/srv/detail/set_link_state__type_support.cpp.o[0m
[71.920s] [ 23%] [32mBuilding CXX object CMakeFiles/gazebo_msgs__rosidl_typesupport_introspection_cpp.dir/rosidl_typesupport_introspection_cpp/gazebo_msgs/srv/detail/set_model_configuration__type_support.cpp.o[0m
[72.539s] [ 23%] [32mBuilding CXX object CMakeFiles/gazebo_msgs__rosidl_typesupport_introspection_cpp.dir/rosidl_typesupport_introspection_cpp/gazebo_msgs/srv/detail/set_model_state__type_support.cpp.o[0m
[73.060s] [ 24%] [32mBuilding CXX object CMakeFiles/gazebo_msgs__rosidl_typesupport_introspection_cpp.dir/rosidl_typesupport_introspection_cpp/gazebo_msgs/srv/detail/set_physics_properties__type_support.cpp.o[0m
[73.578s] [ 24%] [32mBuilding CXX object CMakeFiles/gazebo_msgs__rosidl_typesupport_introspection_cpp.dir/rosidl_typesupport_introspection_cpp/gazebo_msgs/srv/detail/spawn_entity__type_support.cpp.o[0m
[74.089s] [ 24%] [32mBuilding CXX object CMakeFiles/gazebo_msgs__rosidl_typesupport_introspection_cpp.dir/rosidl_typesupport_introspection_cpp/gazebo_msgs/srv/detail/spawn_model__type_support.cpp.o[0m
[74.603s] [ 24%] [32mBuilding CXX object CMakeFiles/gazebo_msgs__rosidl_typesupport_introspection_cpp.dir/rosidl_typesupport_introspection_cpp/gazebo_msgs/msg/detail/contacts_state__type_support.cpp.o[0m
[75.388s] [ 25%] [32m[1mLinking CXX shared library libgazebo_msgs__rosidl_typesupport_introspection_cpp.so[0m
[75.552s] [ 25%] Built target gazebo_msgs__rosidl_typesupport_introspection_cpp
[75.566s] [ 26%] [34m[1mGenerating C type support dispatch for ROS interfaces[0m
[81.401s] [ 26%] [32mBuilding CXX object CMakeFiles/gazebo_msgs__rosidl_typesupport_c.dir/rosidl_typesupport_c/gazebo_msgs/msg/contact_state__type_support.cpp.o[0m
[81.401s] [ 26%] [32mBuilding CXX object CMakeFiles/gazebo_msgs__rosidl_typesupport_c.dir/rosidl_typesupport_c/gazebo_msgs/msg/contacts_state__type_support.cpp.o[0m
[81.463s] [ 27%] [32mBuilding CXX object CMakeFiles/gazebo_msgs__rosidl_typesupport_c.dir/rosidl_typesupport_c/gazebo_msgs/msg/link_state__type_support.cpp.o[0m
[81.466s] [ 27%] [32mBuilding CXX object CMakeFiles/gazebo_msgs__rosidl_typesupport_c.dir/rosidl_typesupport_c/gazebo_msgs/msg/link_states__type_support.cpp.o[0m
[81.531s] [ 27%] [32mBuilding CXX object CMakeFiles/gazebo_msgs__rosidl_typesupport_c.dir/rosidl_typesupport_c/gazebo_msgs/msg/model_state__type_support.cpp.o[0m
[81.538s] [ 27%] [32mBuilding CXX object CMakeFiles/gazebo_msgs__rosidl_typesupport_c.dir/rosidl_typesupport_c/gazebo_msgs/msg/model_states__type_support.cpp.o[0m
[81.604s] [ 28%] [32mBuilding CXX object CMakeFiles/gazebo_msgs__rosidl_typesupport_c.dir/rosidl_typesupport_c/gazebo_msgs/msg/ode_joint_properties__type_support.cpp.o[0m
[81.608s] [ 28%] [32mBuilding CXX object CMakeFiles/gazebo_msgs__rosidl_typesupport_c.dir/rosidl_typesupport_c/gazebo_msgs/msg/ode_physics__type_support.cpp.o[0m
[81.672s] [ 28%] [32mBuilding CXX object CMakeFiles/gazebo_msgs__rosidl_typesupport_c.dir/rosidl_typesupport_c/gazebo_msgs/msg/performance_metrics__type_support.cpp.o[0m
[81.673s] [ 29%] [32mBuilding CXX object CMakeFiles/gazebo_msgs__rosidl_typesupport_c.dir/rosidl_typesupport_c/gazebo_msgs/msg/sensor_performance_metric__type_support.cpp.o[0m
[81.740s] [ 29%] [32mBuilding CXX object CMakeFiles/gazebo_msgs__rosidl_typesupport_c.dir/rosidl_typesupport_c/gazebo_msgs/msg/wheel_slip__type_support.cpp.o[0m
[81.744s] [ 29%] [32mBuilding CXX object CMakeFiles/gazebo_msgs__rosidl_typesupport_c.dir/rosidl_typesupport_c/gazebo_msgs/msg/world_state__type_support.cpp.o[0m
[81.809s] [ 29%] [32mBuilding CXX object CMakeFiles/gazebo_msgs__rosidl_typesupport_c.dir/rosidl_typesupport_c/gazebo_msgs/srv/apply_body_wrench__type_support.cpp.o[0m
[81.821s] [ 30%] [32mBuilding CXX object CMakeFiles/gazebo_msgs__rosidl_typesupport_c.dir/rosidl_typesupport_c/gazebo_msgs/srv/apply_link_wrench__type_support.cpp.o[0m
[81.885s] [ 30%] [32mBuilding CXX object CMakeFiles/gazebo_msgs__rosidl_typesupport_c.dir/rosidl_typesupport_c/gazebo_msgs/srv/apply_joint_effort__type_support.cpp.o[0m
[81.896s] [ 30%] [32mBuilding CXX object CMakeFiles/gazebo_msgs__rosidl_typesupport_c.dir/rosidl_typesupport_c/gazebo_msgs/srv/body_request__type_support.cpp.o[0m
[81.964s] [ 30%] [32mBuilding CXX object CMakeFiles/gazebo_msgs__rosidl_typesupport_c.dir/rosidl_typesupport_c/gazebo_msgs/srv/delete_entity__type_support.cpp.o[0m
[81.977s] [ 31%] [32mBuilding CXX object CMakeFiles/gazebo_msgs__rosidl_typesupport_c.dir/rosidl_typesupport_c/gazebo_msgs/srv/delete_light__type_support.cpp.o[0m
[82.041s] [ 31%] [32mBuilding CXX object CMakeFiles/gazebo_msgs__rosidl_typesupport_c.dir/rosidl_typesupport_c/gazebo_msgs/srv/delete_model__type_support.cpp.o[0m
[82.048s] [ 31%] [32mBuilding CXX object CMakeFiles/gazebo_msgs__rosidl_typesupport_c.dir/rosidl_typesupport_c/gazebo_msgs/srv/get_joint_properties__type_support.cpp.o[0m
[82.123s] [ 32%] [32mBuilding CXX object CMakeFiles/gazebo_msgs__rosidl_typesupport_c.dir/rosidl_typesupport_c/gazebo_msgs/srv/get_entity_state__type_support.cpp.o[0m
[82.125s] [ 32%] [32mBuilding CXX object CMakeFiles/gazebo_msgs__rosidl_typesupport_c.dir/rosidl_typesupport_c/gazebo_msgs/srv/get_light_properties__type_support.cpp.o[0m
[82.205s] [ 32%] [32mBuilding CXX object CMakeFiles/gazebo_msgs__rosidl_typesupport_c.dir/rosidl_typesupport_c/gazebo_msgs/srv/get_link_properties__type_support.cpp.o[0m
[82.282s] [ 32%] [32mBuilding CXX object CMakeFiles/gazebo_msgs__rosidl_typesupport_c.dir/rosidl_typesupport_c/gazebo_msgs/srv/get_link_state__type_support.cpp.o[0m
[82.283s] [ 33%] [32mBuilding CXX object CMakeFiles/gazebo_msgs__rosidl_typesupport_c.dir/rosidl_typesupport_c/gazebo_msgs/srv/get_model_list__type_support.cpp.o[0m
[82.361s] [ 33%] [32mBuilding CXX object CMakeFiles/gazebo_msgs__rosidl_typesupport_c.dir/rosidl_typesupport_c/gazebo_msgs/srv/get_model_properties__type_support.cpp.o[0m
[82.366s] [ 33%] [32mBuilding CXX object CMakeFiles/gazebo_msgs__rosidl_typesupport_c.dir/rosidl_typesupport_c/gazebo_msgs/srv/get_model_state__type_support.cpp.o[0m
[82.436s] [ 33%] [32mBuilding CXX object CMakeFiles/gazebo_msgs__rosidl_typesupport_c.dir/rosidl_typesupport_c/gazebo_msgs/srv/get_physics_properties__type_support.cpp.o[0m
[82.448s] [ 34%] [32mBuilding CXX object CMakeFiles/gazebo_msgs__rosidl_typesupport_c.dir/rosidl_typesupport_c/gazebo_msgs/srv/get_world_properties__type_support.cpp.o[0m
[82.517s] [ 34%] [32mBuilding CXX object CMakeFiles/gazebo_msgs__rosidl_typesupport_c.dir/rosidl_typesupport_c/gazebo_msgs/srv/joint_request__type_support.cpp.o[0m
[82.528s] [ 34%] [32mBuilding CXX object CMakeFiles/gazebo_msgs__rosidl_typesupport_c.dir/rosidl_typesupport_c/gazebo_msgs/srv/link_request__type_support.cpp.o[0m
[82.594s] [ 35%] [32mBuilding CXX object CMakeFiles/gazebo_msgs__rosidl_typesupport_c.dir/rosidl_typesupport_c/gazebo_msgs/srv/set_entity_state__type_support.cpp.o[0m
[82.606s] [ 35%] [32mBuilding CXX object CMakeFiles/gazebo_msgs__rosidl_typesupport_c.dir/rosidl_typesupport_c/gazebo_msgs/srv/set_joint_properties__type_support.cpp.o[0m
[82.675s] [ 35%] [32mBuilding CXX object CMakeFiles/gazebo_msgs__rosidl_typesupport_c.dir/rosidl_typesupport_c/gazebo_msgs/srv/set_joint_trajectory__type_support.cpp.o[0m
[82.688s] [ 35%] [32mBuilding CXX object CMakeFiles/gazebo_msgs__rosidl_typesupport_c.dir/rosidl_typesupport_c/gazebo_msgs/srv/set_light_properties__type_support.cpp.o[0m
[82.757s] [ 36%] [32mBuilding CXX object CMakeFiles/gazebo_msgs__rosidl_typesupport_c.dir/rosidl_typesupport_c/gazebo_msgs/srv/set_link_properties__type_support.cpp.o[0m
[82.768s] [ 36%] [32mBuilding CXX object CMakeFiles/gazebo_msgs__rosidl_typesupport_c.dir/rosidl_typesupport_c/gazebo_msgs/srv/set_link_state__type_support.cpp.o[0m
[82.836s] [ 36%] [32mBuilding CXX object CMakeFiles/gazebo_msgs__rosidl_typesupport_c.dir/rosidl_typesupport_c/gazebo_msgs/srv/set_model_configuration__type_support.cpp.o[0m
[82.853s] [ 36%] [32mBuilding CXX object CMakeFiles/gazebo_msgs__rosidl_typesupport_c.dir/rosidl_typesupport_c/gazebo_msgs/srv/set_model_state__type_support.cpp.o[0m
[82.915s] [ 37%] [32mBuilding CXX object CMakeFiles/gazebo_msgs__rosidl_typesupport_c.dir/rosidl_typesupport_c/gazebo_msgs/srv/set_physics_properties__type_support.cpp.o[0m
[82.933s] [ 37%] [32mBuilding CXX object CMakeFiles/gazebo_msgs__rosidl_typesupport_c.dir/rosidl_typesupport_c/gazebo_msgs/srv/spawn_entity__type_support.cpp.o[0m
[82.994s] [ 37%] [32mBuilding CXX object CMakeFiles/gazebo_msgs__rosidl_typesupport_c.dir/rosidl_typesupport_c/gazebo_msgs/srv/spawn_model__type_support.cpp.o[0m
[83.013s] [ 37%] [32mBuilding CXX object CMakeFiles/gazebo_msgs__rosidl_typesupport_c.dir/rosidl_typesupport_c/gazebo_msgs/msg/entity_state__type_support.cpp.o[0m
[83.094s] [ 38%] [32m[1mLinking CXX shared library libgazebo_msgs__rosidl_typesupport_c.so[0m
[83.209s] [ 38%] Built target gazebo_msgs__rosidl_typesupport_c
[83.246s] [ 39%] [34m[1mGenerating C type support for eProsima Fast-RTPS[0m
[83.256s] [ 40%] [34m[1mGenerating C introspection for ROS interfaces[0m
[96.792s] [ 40%] [32mBuilding C object CMakeFiles/gazebo_msgs__rosidl_typesupport_introspection_c.dir/rosidl_typesupport_introspection_c/gazebo_msgs/msg/detail/contact_state__type_support.c.o[0m
[96.873s] [ 40%] [32mBuilding C object CMakeFiles/gazebo_msgs__rosidl_typesupport_introspection_c.dir/rosidl_typesupport_introspection_c/gazebo_msgs/msg/detail/link_states__type_support.c.o[0m
[96.939s] [ 40%] [32mBuilding C object CMakeFiles/gazebo_msgs__rosidl_typesupport_introspection_c.dir/rosidl_typesupport_introspection_c/gazebo_msgs/msg/detail/model_state__type_support.c.o[0m
[96.942s] [ 40%] [32mBuilding CXX object CMakeFiles/gazebo_msgs__rosidl_typesupport_fastrtps_c.dir/rosidl_typesupport_fastrtps_c/gazebo_msgs/msg/detail/contact_state__type_support_c.cpp.o[0m
[97.005s] [ 40%] [32mBuilding C object CMakeFiles/gazebo_msgs__rosidl_typesupport_introspection_c.dir/rosidl_typesupport_introspection_c/gazebo_msgs/msg/detail/link_state__type_support.c.o[0m
[97.073s] [ 41%] [32mBuilding C object CMakeFiles/gazebo_msgs__rosidl_typesupport_introspection_c.dir/rosidl_typesupport_introspection_c/gazebo_msgs/msg/detail/entity_state__type_support.c.o[0m
[97.141s] [ 41%] [32mBuilding C object CMakeFiles/gazebo_msgs__rosidl_typesupport_introspection_c.dir/rosidl_typesupport_introspection_c/gazebo_msgs/msg/detail/contacts_state__type_support.c.o[0m
[97.215s] [ 42%] [32mBuilding C object CMakeFiles/gazebo_msgs__rosidl_typesupport_introspection_c.dir/rosidl_typesupport_introspection_c/gazebo_msgs/msg/detail/model_states__type_support.c.o[0m
[97.299s] [ 42%] [32mBuilding C object CMakeFiles/gazebo_msgs__rosidl_typesupport_introspection_c.dir/rosidl_typesupport_introspection_c/gazebo_msgs/msg/detail/ode_joint_properties__type_support.c.o[0m
[97.414s] [ 42%] [32mBuilding C object CMakeFiles/gazebo_msgs__rosidl_typesupport_introspection_c.dir/rosidl_typesupport_introspection_c/gazebo_msgs/msg/detail/ode_physics__type_support.c.o[0m
[97.479s] [ 42%] [32mBuilding C object CMakeFiles/gazebo_msgs__rosidl_typesupport_introspection_c.dir/rosidl_typesupport_introspection_c/gazebo_msgs/msg/detail/performance_metrics__type_support.c.o[0m
[97.552s] [ 43%] [32mBuilding C object CMakeFiles/gazebo_msgs__rosidl_typesupport_introspection_c.dir/rosidl_typesupport_introspection_c/gazebo_msgs/msg/detail/sensor_performance_metric__type_support.c.o[0m
[97.616s] [ 43%] [32mBuilding C object CMakeFiles/gazebo_msgs__rosidl_typesupport_introspection_c.dir/rosidl_typesupport_introspection_c/gazebo_msgs/msg/detail/wheel_slip__type_support.c.o[0m
[97.626s] [ 43%] [32mBuilding CXX object CMakeFiles/gazebo_msgs__rosidl_typesupport_fastrtps_c.dir/rosidl_typesupport_fastrtps_c/gazebo_msgs/msg/detail/link_states__type_support_c.cpp.o[0m
[97.698s] [ 43%] [32mBuilding C object CMakeFiles/gazebo_msgs__rosidl_typesupport_introspection_c.dir/rosidl_typesupport_introspection_c/gazebo_msgs/msg/detail/world_state__type_support.c.o[0m
[97.793s] [ 44%] [32mBuilding C object CMakeFiles/gazebo_msgs__rosidl_typesupport_introspection_c.dir/rosidl_typesupport_introspection_c/gazebo_msgs/srv/detail/apply_body_wrench__type_support.c.o[0m
[97.873s] [ 44%] [32mBuilding C object CMakeFiles/gazebo_msgs__rosidl_typesupport_introspection_c.dir/rosidl_typesupport_introspection_c/gazebo_msgs/srv/detail/apply_link_wrench__type_support.c.o[0m
[97.953s] [ 44%] [32mBuilding C object CMakeFiles/gazebo_msgs__rosidl_typesupport_introspection_c.dir/rosidl_typesupport_introspection_c/gazebo_msgs/srv/detail/apply_joint_effort__type_support.c.o[0m
[98.024s] [ 44%] [32mBuilding C object CMakeFiles/gazebo_msgs__rosidl_typesupport_introspection_c.dir/rosidl_typesupport_introspection_c/gazebo_msgs/srv/detail/body_request__type_support.c.o[0m
[98.091s] [ 45%] [32mBuilding C object CMakeFiles/gazebo_msgs__rosidl_typesupport_introspection_c.dir/rosidl_typesupport_introspection_c/gazebo_msgs/srv/detail/delete_entity__type_support.c.o[0m
[98.159s] [ 45%] [32mBuilding C object CMakeFiles/gazebo_msgs__rosidl_typesupport_introspection_c.dir/rosidl_typesupport_introspection_c/gazebo_msgs/srv/detail/delete_light__type_support.c.o[0m
[98.228s] [ 45%] [32mBuilding C object CMakeFiles/gazebo_msgs__rosidl_typesupport_introspection_c.dir/rosidl_typesupport_introspection_c/gazebo_msgs/srv/detail/delete_model__type_support.c.o[0m
[98.255s] [ 45%] [32mBuilding CXX object CMakeFiles/gazebo_msgs__rosidl_typesupport_fastrtps_c.dir/rosidl_typesupport_fastrtps_c/gazebo_msgs/msg/detail/model_state__type_support_c.cpp.o[0m
[98.298s] [ 45%] [32mBuilding C object CMakeFiles/gazebo_msgs__rosidl_typesupport_introspection_c.dir/rosidl_typesupport_introspection_c/gazebo_msgs/srv/detail/get_joint_properties__type_support.c.o[0m
[98.386s] [ 46%] [32mBuilding C object CMakeFiles/gazebo_msgs__rosidl_typesupport_introspection_c.dir/rosidl_typesupport_introspection_c/gazebo_msgs/srv/detail/get_entity_state__type_support.c.o[0m
[98.463s] [ 46%] [32mBuilding C object CMakeFiles/gazebo_msgs__rosidl_typesupport_introspection_c.dir/rosidl_typesupport_introspection_c/gazebo_msgs/srv/detail/get_light_properties__type_support.c.o[0m
[98.544s] [ 46%] [32mBuilding C object CMakeFiles/gazebo_msgs__rosidl_typesupport_introspection_c.dir/rosidl_typesupport_introspection_c/gazebo_msgs/srv/detail/get_link_properties__type_support.c.o[0m
[98.617s] [ 47%] [32mBuilding C object CMakeFiles/gazebo_msgs__rosidl_typesupport_introspection_c.dir/rosidl_typesupport_introspection_c/gazebo_msgs/srv/detail/get_link_state__type_support.c.o[0m
[98.691s] [ 47%] [32mBuilding C object CMakeFiles/gazebo_msgs__rosidl_typesupport_introspection_c.dir/rosidl_typesupport_introspection_c/gazebo_msgs/srv/detail/get_model_list__type_support.c.o[0m
[98.770s] [ 47%] [32mBuilding C object CMakeFiles/gazebo_msgs__rosidl_typesupport_introspection_c.dir/rosidl_typesupport_introspection_c/gazebo_msgs/srv/detail/get_model_properties__type_support.c.o[0m
[98.860s] [ 47%] [32mBuilding C object CMakeFiles/gazebo_msgs__rosidl_typesupport_introspection_c.dir/rosidl_typesupport_introspection_c/gazebo_msgs/srv/detail/get_model_state__type_support.c.o[0m
[98.882s] [ 48%] [32mBuilding CXX object CMakeFiles/gazebo_msgs__rosidl_typesupport_fastrtps_c.dir/rosidl_typesupport_fastrtps_c/gazebo_msgs/msg/detail/model_states__type_support_c.cpp.o[0m
[98.933s] [ 49%] [32mBuilding C object CMakeFiles/gazebo_msgs__rosidl_typesupport_introspection_c.dir/rosidl_typesupport_introspection_c/gazebo_msgs/srv/detail/get_physics_properties__type_support.c.o[0m
[99.009s] [ 49%] [32mBuilding C object CMakeFiles/gazebo_msgs__rosidl_typesupport_introspection_c.dir/rosidl_typesupport_introspection_c/gazebo_msgs/srv/detail/get_world_properties__type_support.c.o[0m
[99.087s] [ 49%] [32mBuilding C object CMakeFiles/gazebo_msgs__rosidl_typesupport_introspection_c.dir/rosidl_typesupport_introspection_c/gazebo_msgs/srv/detail/joint_request__type_support.c.o[0m
[99.159s] [ 49%] [32mBuilding C object CMakeFiles/gazebo_msgs__rosidl_typesupport_introspection_c.dir/rosidl_typesupport_introspection_c/gazebo_msgs/srv/detail/link_request__type_support.c.o[0m
[99.229s] [ 50%] [32mBuilding C object CMakeFiles/gazebo_msgs__rosidl_typesupport_introspection_c.dir/rosidl_typesupport_introspection_c/gazebo_msgs/srv/detail/set_entity_state__type_support.c.o[0m
[99.301s] [ 50%] [32mBuilding C object CMakeFiles/gazebo_msgs__rosidl_typesupport_introspection_c.dir/rosidl_typesupport_introspection_c/gazebo_msgs/srv/detail/set_joint_properties__type_support.c.o[0m
[99.370s] [ 50%] [32mBuilding C object CMakeFiles/gazebo_msgs__rosidl_typesupport_introspection_c.dir/rosidl_typesupport_introspection_c/gazebo_msgs/srv/detail/set_joint_trajectory__type_support.c.o[0m
[99.443s] [ 51%] [32mBuilding C object CMakeFiles/gazebo_msgs__rosidl_typesupport_introspection_c.dir/rosidl_typesupport_introspection_c/gazebo_msgs/srv/detail/set_light_properties__type_support.c.o[0m
[99.516s] [ 51%] [32mBuilding C object CMakeFiles/gazebo_msgs__rosidl_typesupport_introspection_c.dir/rosidl_typesupport_introspection_c/gazebo_msgs/srv/detail/set_link_properties__type_support.c.o[0m
[99.572s] [ 51%] [32mBuilding CXX object CMakeFiles/gazebo_msgs__rosidl_typesupport_fastrtps_c.dir/rosidl_typesupport_fastrtps_c/gazebo_msgs/msg/detail/ode_joint_properties__type_support_c.cpp.o[0m
[99.589s] [ 51%] [32mBuilding C object CMakeFiles/gazebo_msgs__rosidl_typesupport_introspection_c.dir/rosidl_typesupport_introspection_c/gazebo_msgs/srv/detail/set_link_state__type_support.c.o[0m
[99.663s] [ 51%] [32mBuilding C object CMakeFiles/gazebo_msgs__rosidl_typesupport_introspection_c.dir/rosidl_typesupport_introspection_c/gazebo_msgs/srv/detail/set_model_configuration__type_support.c.o[0m
[99.748s] [ 52%] [32mBuilding C object CMakeFiles/gazebo_msgs__rosidl_typesupport_introspection_c.dir/rosidl_typesupport_introspection_c/gazebo_msgs/srv/detail/set_model_state__type_support.c.o[0m
[99.823s] [ 52%] [32mBuilding C object CMakeFiles/gazebo_msgs__rosidl_typesupport_introspection_c.dir/rosidl_typesupport_introspection_c/gazebo_msgs/srv/detail/set_physics_properties__type_support.c.o[0m
[99.899s] [ 52%] [32mBuilding C object CMakeFiles/gazebo_msgs__rosidl_typesupport_introspection_c.dir/rosidl_typesupport_introspection_c/gazebo_msgs/srv/detail/spawn_entity__type_support.c.o[0m
[99.981s] [ 52%] [32mBuilding C object CMakeFiles/gazebo_msgs__rosidl_typesupport_introspection_c.dir/rosidl_typesupport_introspection_c/gazebo_msgs/srv/detail/spawn_model__type_support.c.o[0m
[100.050s] [ 53%] [32m[1mLinking C shared library libgazebo_msgs__rosidl_typesupport_introspection_c.so[0m
[100.135s] [ 53%] Built target gazebo_msgs__rosidl_typesupport_introspection_c
[100.243s] [ 53%] [32mBuilding CXX object CMakeFiles/gazebo_msgs__rosidl_typesupport_fastrtps_c.dir/rosidl_typesupport_fastrtps_c/gazebo_msgs/msg/detail/performance_metrics__type_support_c.cpp.o[0m
[100.766s] [ 54%] [32mBuilding CXX object CMakeFiles/gazebo_msgs__rosidl_typesupport_fastrtps_c.dir/rosidl_typesupport_fastrtps_c/gazebo_msgs/msg/detail/sensor_performance_metric__type_support_c.cpp.o[0m
[101.274s] [ 54%] [32mBuilding CXX object CMakeFiles/gazebo_msgs__rosidl_typesupport_fastrtps_c.dir/rosidl_typesupport_fastrtps_c/gazebo_msgs/msg/detail/wheel_slip__type_support_c.cpp.o[0m
[101.278s] [ 54%] [32mBuilding CXX object CMakeFiles/gazebo_msgs__rosidl_typesupport_fastrtps_c.dir/rosidl_typesupport_fastrtps_c/gazebo_msgs/msg/detail/ode_physics__type_support_c.cpp.o[0m
[102.116s] [ 54%] [32mBuilding CXX object CMakeFiles/gazebo_msgs__rosidl_typesupport_fastrtps_c.dir/rosidl_typesupport_fastrtps_c/gazebo_msgs/msg/detail/world_state__type_support_c.cpp.o[0m
[102.120s] [ 54%] [32mBuilding CXX object CMakeFiles/gazebo_msgs__rosidl_typesupport_fastrtps_c.dir/rosidl_typesupport_fastrtps_c/gazebo_msgs/srv/detail/apply_body_wrench__type_support_c.cpp.o[0m
[102.669s] [ 56%] [32mBuilding CXX object CMakeFiles/gazebo_msgs__rosidl_typesupport_fastrtps_c.dir/rosidl_typesupport_fastrtps_c/gazebo_msgs/srv/detail/apply_link_wrench__type_support_c.cpp.o[0m
[102.669s] [ 56%] [32mBuilding CXX object CMakeFiles/gazebo_msgs__rosidl_typesupport_fastrtps_c.dir/rosidl_typesupport_fastrtps_c/gazebo_msgs/msg/detail/link_state__type_support_c.cpp.o[0m
[103.039s] [ 56%] [32mBuilding CXX object CMakeFiles/gazebo_msgs__rosidl_typesupport_fastrtps_c.dir/rosidl_typesupport_fastrtps_c/gazebo_msgs/srv/detail/apply_joint_effort__type_support_c.cpp.o[0m
[103.550s] [ 56%] [32mBuilding CXX object CMakeFiles/gazebo_msgs__rosidl_typesupport_fastrtps_c.dir/rosidl_typesupport_fastrtps_c/gazebo_msgs/srv/detail/body_request__type_support_c.cpp.o[0m
[103.589s] [ 57%] [32mBuilding CXX object CMakeFiles/gazebo_msgs__rosidl_typesupport_fastrtps_c.dir/rosidl_typesupport_fastrtps_c/gazebo_msgs/srv/detail/delete_entity__type_support_c.cpp.o[0m
[103.979s] [ 57%] [32mBuilding CXX object CMakeFiles/gazebo_msgs__rosidl_typesupport_fastrtps_c.dir/rosidl_typesupport_fastrtps_c/gazebo_msgs/srv/detail/delete_light__type_support_c.cpp.o[0m
[104.454s] [ 57%] [32mBuilding CXX object CMakeFiles/gazebo_msgs__rosidl_typesupport_fastrtps_c.dir/rosidl_typesupport_fastrtps_c/gazebo_msgs/msg/detail/entity_state__type_support_c.cpp.o[0m
[104.455s] [ 57%] [32mBuilding CXX object CMakeFiles/gazebo_msgs__rosidl_typesupport_fastrtps_c.dir/rosidl_typesupport_fastrtps_c/gazebo_msgs/srv/detail/delete_model__type_support_c.cpp.o[0m
[104.504s] [ 57%] [32mBuilding CXX object CMakeFiles/gazebo_msgs__rosidl_typesupport_fastrtps_c.dir/rosidl_typesupport_fastrtps_c/gazebo_msgs/srv/detail/get_joint_properties__type_support_c.cpp.o[0m
[104.886s] [ 58%] [32mBuilding CXX object CMakeFiles/gazebo_msgs__rosidl_typesupport_fastrtps_c.dir/rosidl_typesupport_fastrtps_c/gazebo_msgs/srv/detail/get_entity_state__type_support_c.cpp.o[0m
[105.384s] [ 58%] [32mBuilding CXX object CMakeFiles/gazebo_msgs__rosidl_typesupport_fastrtps_c.dir/rosidl_typesupport_fastrtps_c/gazebo_msgs/srv/detail/get_light_properties__type_support_c.cpp.o[0m
[105.391s] [ 58%] [32mBuilding CXX object CMakeFiles/gazebo_msgs__rosidl_typesupport_fastrtps_c.dir/rosidl_typesupport_fastrtps_c/gazebo_msgs/srv/detail/get_link_properties__type_support_c.cpp.o[0m
[105.520s] [ 58%] [32mBuilding CXX object CMakeFiles/gazebo_msgs__rosidl_typesupport_fastrtps_c.dir/rosidl_typesupport_fastrtps_c/gazebo_msgs/srv/detail/get_link_state__type_support_c.cpp.o[0m
[105.852s] [ 59%] [32mBuilding CXX object CMakeFiles/gazebo_msgs__rosidl_typesupport_fastrtps_c.dir/rosidl_typesupport_fastrtps_c/gazebo_msgs/srv/detail/get_model_list__type_support_c.cpp.o[0m
[106.323s] [ 59%] [32mBuilding CXX object CMakeFiles/gazebo_msgs__rosidl_typesupport_fastrtps_c.dir/rosidl_typesupport_fastrtps_c/gazebo_msgs/srv/detail/get_model_properties__type_support_c.cpp.o[0m
[106.363s] [ 59%] [32mBuilding CXX object CMakeFiles/gazebo_msgs__rosidl_typesupport_fastrtps_c.dir/rosidl_typesupport_fastrtps_c/gazebo_msgs/srv/detail/get_model_state__type_support_c.cpp.o[0m
[106.491s] [ 60%] [32mBuilding CXX object CMakeFiles/gazebo_msgs__rosidl_typesupport_fastrtps_c.dir/rosidl_typesupport_fastrtps_c/gazebo_msgs/srv/detail/get_physics_properties__type_support_c.cpp.o[0m
[106.818s] [ 60%] [32mBuilding CXX object CMakeFiles/gazebo_msgs__rosidl_typesupport_fastrtps_c.dir/rosidl_typesupport_fastrtps_c/gazebo_msgs/srv/detail/get_world_properties__type_support_c.cpp.o[0m
[107.334s] [ 60%] [32mBuilding CXX object CMakeFiles/gazebo_msgs__rosidl_typesupport_fastrtps_c.dir/rosidl_typesupport_fastrtps_c/gazebo_msgs/srv/detail/joint_request__type_support_c.cpp.o[0m
[107.346s] [ 60%] [32mBuilding CXX object CMakeFiles/gazebo_msgs__rosidl_typesupport_fastrtps_c.dir/rosidl_typesupport_fastrtps_c/gazebo_msgs/srv/detail/link_request__type_support_c.cpp.o[0m
[107.457s] [ 61%] [32mBuilding CXX object CMakeFiles/gazebo_msgs__rosidl_typesupport_fastrtps_c.dir/rosidl_typesupport_fastrtps_c/gazebo_msgs/srv/detail/set_entity_state__type_support_c.cpp.o[0m
[107.805s] [ 61%] [32mBuilding CXX object CMakeFiles/gazebo_msgs__rosidl_typesupport_fastrtps_c.dir/rosidl_typesupport_fastrtps_c/gazebo_msgs/srv/detail/set_joint_properties__type_support_c.cpp.o[0m
[108.231s] [ 61%] [32mBuilding CXX object CMakeFiles/gazebo_msgs__rosidl_typesupport_fastrtps_c.dir/rosidl_typesupport_fastrtps_c/gazebo_msgs/srv/detail/set_joint_trajectory__type_support_c.cpp.o[0m
[108.236s] [ 61%] [32mBuilding CXX object CMakeFiles/gazebo_msgs__rosidl_typesupport_fastrtps_c.dir/rosidl_typesupport_fastrtps_c/gazebo_msgs/srv/detail/set_light_properties__type_support_c.cpp.o[0m
[108.298s] [ 62%] [32mBuilding CXX object CMakeFiles/gazebo_msgs__rosidl_typesupport_fastrtps_c.dir/rosidl_typesupport_fastrtps_c/gazebo_msgs/srv/detail/set_link_properties__type_support_c.cpp.o[0m
[108.522s] [ 62%] [32mBuilding CXX object CMakeFiles/gazebo_msgs__rosidl_typesupport_fastrtps_c.dir/rosidl_typesupport_fastrtps_c/gazebo_msgs/srv/detail/set_link_state__type_support_c.cpp.o[0m
[108.843s] [ 62%] [32mBuilding CXX object CMakeFiles/gazebo_msgs__rosidl_typesupport_fastrtps_c.dir/rosidl_typesupport_fastrtps_c/gazebo_msgs/srv/detail/set_model_configuration__type_support_c.cpp.o[0m
[108.863s] [ 63%] [32mBuilding CXX object CMakeFiles/gazebo_msgs__rosidl_typesupport_fastrtps_c.dir/rosidl_typesupport_fastrtps_c/gazebo_msgs/srv/detail/set_model_state__type_support_c.cpp.o[0m
[108.925s] [ 63%] [32mBuilding CXX object CMakeFiles/gazebo_msgs__rosidl_typesupport_fastrtps_c.dir/rosidl_typesupport_fastrtps_c/gazebo_msgs/srv/detail/set_physics_properties__type_support_c.cpp.o[0m
[109.143s] [ 63%] [32mBuilding CXX object CMakeFiles/gazebo_msgs__rosidl_typesupport_fastrtps_c.dir/rosidl_typesupport_fastrtps_c/gazebo_msgs/srv/detail/spawn_entity__type_support_c.cpp.o[0m
[109.442s] [ 63%] [32mBuilding CXX object CMakeFiles/gazebo_msgs__rosidl_typesupport_fastrtps_c.dir/rosidl_typesupport_fastrtps_c/gazebo_msgs/srv/detail/spawn_model__type_support_c.cpp.o[0m
[109.466s] [ 63%] [32mBuilding CXX object CMakeFiles/gazebo_msgs__rosidl_typesupport_fastrtps_c.dir/rosidl_typesupport_fastrtps_c/gazebo_msgs/msg/detail/contacts_state__type_support_c.cpp.o[0m
[109.865s] [ 64%] [32m[1mLinking CXX shared library libgazebo_msgs__rosidl_typesupport_fastrtps_c.so[0m
[109.973s] [ 64%] Built target gazebo_msgs__rosidl_typesupport_fastrtps_c
[109.984s] [ 64%] [34m[1mGenerating C++ type support for eProsima Fast-RTPS[0m
[109.984s] [ 64%] [34m[1mGenerating C++ type support dispatch for ROS interfaces[0m
[114.032s] [ 64%] [32mBuilding CXX object CMakeFiles/gazebo_msgs__rosidl_typesupport_cpp.dir/rosidl_typesupport_cpp/gazebo_msgs/msg/link_state__type_support.cpp.o[0m
[114.032s] [ 65%] [32mBuilding CXX object CMakeFiles/gazebo_msgs__rosidl_typesupport_cpp.dir/rosidl_typesupport_cpp/gazebo_msgs/msg/contacts_state__type_support.cpp.o[0m
[114.032s] [ 65%] [32mBuilding CXX object CMakeFiles/gazebo_msgs__rosidl_typesupport_cpp.dir/rosidl_typesupport_cpp/gazebo_msgs/msg/entity_state__type_support.cpp.o[0m
[114.033s] [ 65%] [32mBuilding CXX object CMakeFiles/gazebo_msgs__rosidl_typesupport_cpp.dir/rosidl_typesupport_cpp/gazebo_msgs/msg/contact_state__type_support.cpp.o[0m
[114.377s] [ 65%] [32mBuilding CXX object CMakeFiles/gazebo_msgs__rosidl_typesupport_cpp.dir/rosidl_typesupport_cpp/gazebo_msgs/msg/model_states__type_support.cpp.o[0m
[114.378s] [ 65%] [32mBuilding CXX object CMakeFiles/gazebo_msgs__rosidl_typesupport_cpp.dir/rosidl_typesupport_cpp/gazebo_msgs/msg/model_state__type_support.cpp.o[0m
[114.472s] [ 66%] [32mBuilding CXX object CMakeFiles/gazebo_msgs__rosidl_typesupport_cpp.dir/rosidl_typesupport_cpp/gazebo_msgs/msg/ode_joint_properties__type_support.cpp.o[0m
[114.519s] [ 66%] [32mBuilding CXX object CMakeFiles/gazebo_msgs__rosidl_typesupport_cpp.dir/rosidl_typesupport_cpp/gazebo_msgs/msg/ode_physics__type_support.cpp.o[0m
[114.529s] [ 66%] [32mBuilding CXX object CMakeFiles/gazebo_msgs__rosidl_typesupport_cpp.dir/rosidl_typesupport_cpp/gazebo_msgs/msg/performance_metrics__type_support.cpp.o[0m
[114.870s] [ 66%] [32mBuilding CXX object CMakeFiles/gazebo_msgs__rosidl_typesupport_cpp.dir/rosidl_typesupport_cpp/gazebo_msgs/msg/sensor_performance_metric__type_support.cpp.o[0m
[114.875s] [ 67%] [32mBuilding CXX object CMakeFiles/gazebo_msgs__rosidl_typesupport_cpp.dir/rosidl_typesupport_cpp/gazebo_msgs/msg/wheel_slip__type_support.cpp.o[0m
[114.926s] [ 67%] [32mBuilding CXX object CMakeFiles/gazebo_msgs__rosidl_typesupport_cpp.dir/rosidl_typesupport_cpp/gazebo_msgs/msg/world_state__type_support.cpp.o[0m
[115.006s] [ 67%] [32mBuilding CXX object CMakeFiles/gazebo_msgs__rosidl_typesupport_cpp.dir/rosidl_typesupport_cpp/gazebo_msgs/srv/apply_body_wrench__type_support.cpp.o[0m
[115.020s] [ 67%] [32mBuilding CXX object CMakeFiles/gazebo_msgs__rosidl_typesupport_cpp.dir/rosidl_typesupport_cpp/gazebo_msgs/srv/apply_link_wrench__type_support.cpp.o[0m
[115.361s] [ 68%] [32mBuilding CXX object CMakeFiles/gazebo_msgs__rosidl_typesupport_cpp.dir/rosidl_typesupport_cpp/gazebo_msgs/srv/apply_joint_effort__type_support.cpp.o[0m
[115.372s] [ 68%] [32mBuilding CXX object CMakeFiles/gazebo_msgs__rosidl_typesupport_cpp.dir/rosidl_typesupport_cpp/gazebo_msgs/srv/body_request__type_support.cpp.o[0m
[115.373s] [ 69%] [32mBuilding CXX object CMakeFiles/gazebo_msgs__rosidl_typesupport_cpp.dir/rosidl_typesupport_cpp/gazebo_msgs/msg/link_states__type_support.cpp.o[0m
[115.411s] [ 69%] [32mBuilding CXX object CMakeFiles/gazebo_msgs__rosidl_typesupport_cpp.dir/rosidl_typesupport_cpp/gazebo_msgs/srv/delete_entity__type_support.cpp.o[0m
[115.517s] [ 70%] [32mBuilding CXX object CMakeFiles/gazebo_msgs__rosidl_typesupport_cpp.dir/rosidl_typesupport_cpp/gazebo_msgs/srv/delete_light__type_support.cpp.o[0m
[115.548s] [ 70%] [32mBuilding CXX object CMakeFiles/gazebo_msgs__rosidl_typesupport_cpp.dir/rosidl_typesupport_cpp/gazebo_msgs/srv/delete_model__type_support.cpp.o[0m
[115.852s] [ 70%] [32mBuilding CXX object CMakeFiles/gazebo_msgs__rosidl_typesupport_cpp.dir/rosidl_typesupport_cpp/gazebo_msgs/srv/get_joint_properties__type_support.cpp.o[0m
[115.929s] [ 70%] [32mBuilding CXX object CMakeFiles/gazebo_msgs__rosidl_typesupport_cpp.dir/rosidl_typesupport_cpp/gazebo_msgs/srv/get_entity_state__type_support.cpp.o[0m
[115.968s] [ 71%] [32mBuilding CXX object CMakeFiles/gazebo_msgs__rosidl_typesupport_cpp.dir/rosidl_typesupport_cpp/gazebo_msgs/srv/get_light_properties__type_support.cpp.o[0m
[116.019s] [ 71%] [32mBuilding CXX object CMakeFiles/gazebo_msgs__rosidl_typesupport_cpp.dir/rosidl_typesupport_cpp/gazebo_msgs/srv/get_link_properties__type_support.cpp.o[0m
[116.038s] [ 71%] [32mBuilding CXX object CMakeFiles/gazebo_msgs__rosidl_typesupport_cpp.dir/rosidl_typesupport_cpp/gazebo_msgs/srv/get_link_state__type_support.cpp.o[0m
[116.112s] [ 71%] [32mBuilding CXX object CMakeFiles/gazebo_msgs__rosidl_typesupport_cpp.dir/rosidl_typesupport_cpp/gazebo_msgs/srv/get_model_list__type_support.cpp.o[0m
[116.443s] [ 72%] [32mBuilding CXX object CMakeFiles/gazebo_msgs__rosidl_typesupport_cpp.dir/rosidl_typesupport_cpp/gazebo_msgs/srv/get_model_properties__type_support.cpp.o[0m
[116.465s] [ 72%] [32mBuilding CXX object CMakeFiles/gazebo_msgs__rosidl_typesupport_cpp.dir/rosidl_typesupport_cpp/gazebo_msgs/srv/get_model_state__type_support.cpp.o[0m
[116.489s] [ 72%] [32mBuilding CXX object CMakeFiles/gazebo_msgs__rosidl_typesupport_cpp.dir/rosidl_typesupport_cpp/gazebo_msgs/srv/get_physics_properties__type_support.cpp.o[0m
[116.511s] [ 73%] [32mBuilding CXX object CMakeFiles/gazebo_msgs__rosidl_typesupport_cpp.dir/rosidl_typesupport_cpp/gazebo_msgs/srv/get_world_properties__type_support.cpp.o[0m
[116.560s] [ 73%] [32mBuilding CXX object CMakeFiles/gazebo_msgs__rosidl_typesupport_cpp.dir/rosidl_typesupport_cpp/gazebo_msgs/srv/joint_request__type_support.cpp.o[0m
[116.606s] [ 73%] [32mBuilding CXX object CMakeFiles/gazebo_msgs__rosidl_typesupport_cpp.dir/rosidl_typesupport_cpp/gazebo_msgs/srv/link_request__type_support.cpp.o[0m
[116.779s] [ 73%] [32mBuilding CXX object CMakeFiles/gazebo_msgs__rosidl_typesupport_cpp.dir/rosidl_typesupport_cpp/gazebo_msgs/srv/set_entity_state__type_support.cpp.o[0m
[116.983s] [ 74%] [32mBuilding CXX object CMakeFiles/gazebo_msgs__rosidl_typesupport_cpp.dir/rosidl_typesupport_cpp/gazebo_msgs/srv/set_joint_properties__type_support.cpp.o[0m
[117.010s] [ 74%] [32mBuilding CXX object CMakeFiles/gazebo_msgs__rosidl_typesupport_cpp.dir/rosidl_typesupport_cpp/gazebo_msgs/srv/set_joint_trajectory__type_support.cpp.o[0m
[117.130s] [ 74%] [32mBuilding CXX object CMakeFiles/gazebo_msgs__rosidl_typesupport_cpp.dir/rosidl_typesupport_cpp/gazebo_msgs/srv/set_light_properties__type_support.cpp.o[0m
[117.157s] [ 75%] [32mBuilding CXX object CMakeFiles/gazebo_msgs__rosidl_typesupport_fastrtps_cpp.dir/rosidl_typesupport_fastrtps_cpp/gazebo_msgs/msg/detail/dds_fastrtps/contact_state__type_support.cpp.o[0m
[117.232s] [ 75%] [32mBuilding CXX object CMakeFiles/gazebo_msgs__rosidl_typesupport_fastrtps_cpp.dir/rosidl_typesupport_fastrtps_cpp/gazebo_msgs/msg/detail/dds_fastrtps/contacts_state__type_support.cpp.o[0m
[117.292s] [ 75%] [32mBuilding CXX object CMakeFiles/gazebo_msgs__rosidl_typesupport_fastrtps_cpp.dir/rosidl_typesupport_fastrtps_cpp/gazebo_msgs/msg/detail/dds_fastrtps/entity_state__type_support.cpp.o[0m
[117.694s] [ 75%] [32mBuilding CXX object CMakeFiles/gazebo_msgs__rosidl_typesupport_cpp.dir/rosidl_typesupport_cpp/gazebo_msgs/srv/set_link_properties__type_support.cpp.o[0m
[117.870s] [ 76%] [32mBuilding CXX object CMakeFiles/gazebo_msgs__rosidl_typesupport_fastrtps_cpp.dir/rosidl_typesupport_fastrtps_cpp/gazebo_msgs/msg/detail/dds_fastrtps/model_states__type_support.cpp.o[0m
[117.871s] [ 76%] [32mBuilding CXX object CMakeFiles/gazebo_msgs__rosidl_typesupport_cpp.dir/rosidl_typesupport_cpp/gazebo_msgs/srv/set_link_state__type_support.cpp.o[0m
[118.022s] [ 76%] [32mBuilding CXX object CMakeFiles/gazebo_msgs__rosidl_typesupport_fastrtps_cpp.dir/rosidl_typesupport_fastrtps_cpp/gazebo_msgs/msg/detail/dds_fastrtps/model_state__type_support.cpp.o[0m
[118.022s] [ 76%] [32mBuilding CXX object CMakeFiles/gazebo_msgs__rosidl_typesupport_cpp.dir/rosidl_typesupport_cpp/gazebo_msgs/srv/set_model_configuration__type_support.cpp.o[0m
[118.103s] [ 76%] [32mBuilding CXX object CMakeFiles/gazebo_msgs__rosidl_typesupport_fastrtps_cpp.dir/rosidl_typesupport_fastrtps_cpp/gazebo_msgs/msg/detail/dds_fastrtps/link_states__type_support.cpp.o[0m
[118.108s] [ 76%] [32mBuilding CXX object CMakeFiles/gazebo_msgs__rosidl_typesupport_cpp.dir/rosidl_typesupport_cpp/gazebo_msgs/srv/set_model_state__type_support.cpp.o[0m
[118.378s] [ 77%] [32mBuilding CXX object CMakeFiles/gazebo_msgs__rosidl_typesupport_fastrtps_cpp.dir/rosidl_typesupport_fastrtps_cpp/gazebo_msgs/msg/detail/dds_fastrtps/ode_joint_properties__type_support.cpp.o[0m
[118.390s] [ 77%] [32mBuilding CXX object CMakeFiles/gazebo_msgs__rosidl_typesupport_fastrtps_cpp.dir/rosidl_typesupport_fastrtps_cpp/gazebo_msgs/msg/detail/dds_fastrtps/ode_physics__type_support.cpp.o[0m
[118.633s] [ 78%] [32mBuilding CXX object CMakeFiles/gazebo_msgs__rosidl_typesupport_cpp.dir/rosidl_typesupport_cpp/gazebo_msgs/srv/set_physics_properties__type_support.cpp.o[0m
[118.756s] [ 78%] [32mBuilding CXX object CMakeFiles/gazebo_msgs__rosidl_typesupport_cpp.dir/rosidl_typesupport_cpp/gazebo_msgs/srv/spawn_entity__type_support.cpp.o[0m
[118.767s] [ 78%] [32mBuilding CXX object CMakeFiles/gazebo_msgs__rosidl_typesupport_fastrtps_cpp.dir/rosidl_typesupport_fastrtps_cpp/gazebo_msgs/msg/detail/dds_fastrtps/performance_metrics__type_support.cpp.o[0m
[118.829s] [ 79%] [32mBuilding CXX object CMakeFiles/gazebo_msgs__rosidl_typesupport_fastrtps_cpp.dir/rosidl_typesupport_fastrtps_cpp/gazebo_msgs/msg/detail/dds_fastrtps/link_state__type_support.cpp.o[0m
[118.830s] [ 79%] [32mBuilding CXX object CMakeFiles/gazebo_msgs__rosidl_typesupport_cpp.dir/rosidl_typesupport_cpp/gazebo_msgs/srv/spawn_model__type_support.cpp.o[0m
[119.286s] [ 79%] [32mBuilding CXX object CMakeFiles/gazebo_msgs__rosidl_typesupport_fastrtps_cpp.dir/rosidl_typesupport_fastrtps_cpp/gazebo_msgs/msg/detail/dds_fastrtps/sensor_performance_metric__type_support.cpp.o[0m
[119.299s] [ 80%] [32mBuilding CXX object CMakeFiles/gazebo_msgs__rosidl_typesupport_fastrtps_cpp.dir/rosidl_typesupport_fastrtps_cpp/gazebo_msgs/msg/detail/dds_fastrtps/wheel_slip__type_support.cpp.o[0m
[119.305s] [ 80%] [32mBuilding CXX object CMakeFiles/gazebo_msgs__rosidl_typesupport_fastrtps_cpp.dir/rosidl_typesupport_fastrtps_cpp/gazebo_msgs/msg/detail/dds_fastrtps/world_state__type_support.cpp.o[0m
[119.475s] [ 80%] [32mBuilding CXX object CMakeFiles/gazebo_msgs__rosidl_typesupport_fastrtps_cpp.dir/rosidl_typesupport_fastrtps_cpp/gazebo_msgs/srv/detail/dds_fastrtps/apply_body_wrench__type_support.cpp.o[0m
[119.487s] [ 80%] [32m[1mLinking CXX shared library libgazebo_msgs__rosidl_typesupport_cpp.so[0m
[119.612s] [ 80%] Built target gazebo_msgs__rosidl_typesupport_cpp
[119.718s] [ 80%] [32mBuilding CXX object CMakeFiles/gazebo_msgs__rosidl_typesupport_fastrtps_cpp.dir/rosidl_typesupport_fastrtps_cpp/gazebo_msgs/srv/detail/dds_fastrtps/apply_joint_effort__type_support.cpp.o[0m
[119.816s] [ 80%] [32mBuilding CXX object CMakeFiles/gazebo_msgs__rosidl_typesupport_fastrtps_cpp.dir/rosidl_typesupport_fastrtps_cpp/gazebo_msgs/srv/detail/dds_fastrtps/body_request__type_support.cpp.o[0m
[120.044s] [ 80%] [32mBuilding CXX object CMakeFiles/gazebo_msgs__rosidl_typesupport_fastrtps_cpp.dir/rosidl_typesupport_fastrtps_cpp/gazebo_msgs/srv/detail/dds_fastrtps/delete_entity__type_support.cpp.o[0m
[120.233s] [ 81%] [32mBuilding CXX object CMakeFiles/gazebo_msgs__rosidl_typesupport_fastrtps_cpp.dir/rosidl_typesupport_fastrtps_cpp/gazebo_msgs/srv/detail/dds_fastrtps/delete_light__type_support.cpp.o[0m
[120.245s] [ 82%] [32mBuilding CXX object CMakeFiles/gazebo_msgs__rosidl_typesupport_fastrtps_cpp.dir/rosidl_typesupport_fastrtps_cpp/gazebo_msgs/srv/detail/dds_fastrtps/apply_link_wrench__type_support.cpp.o[0m
[120.336s] [ 82%] [32mBuilding CXX object CMakeFiles/gazebo_msgs__rosidl_typesupport_fastrtps_cpp.dir/rosidl_typesupport_fastrtps_cpp/gazebo_msgs/srv/detail/dds_fastrtps/delete_model__type_support.cpp.o[0m
[120.520s] [ 82%] [32mBuilding CXX object CMakeFiles/gazebo_msgs__rosidl_typesupport_fastrtps_cpp.dir/rosidl_typesupport_fastrtps_cpp/gazebo_msgs/srv/detail/dds_fastrtps/get_joint_properties__type_support.cpp.o[0m
[120.539s] [ 82%] [32mBuilding CXX object CMakeFiles/gazebo_msgs__rosidl_typesupport_fastrtps_cpp.dir/rosidl_typesupport_fastrtps_cpp/gazebo_msgs/srv/detail/dds_fastrtps/get_entity_state__type_support.cpp.o[0m
[120.618s] [ 83%] [32mBuilding CXX object CMakeFiles/gazebo_msgs__rosidl_typesupport_fastrtps_cpp.dir/rosidl_typesupport_fastrtps_cpp/gazebo_msgs/srv/detail/dds_fastrtps/get_light_properties__type_support.cpp.o[0m
[121.023s] [ 83%] [32mBuilding CXX object CMakeFiles/gazebo_msgs__rosidl_typesupport_fastrtps_cpp.dir/rosidl_typesupport_fastrtps_cpp/gazebo_msgs/srv/detail/dds_fastrtps/get_link_properties__type_support.cpp.o[0m
[121.121s] [ 84%] [32mBuilding CXX object CMakeFiles/gazebo_msgs__rosidl_typesupport_fastrtps_cpp.dir/rosidl_typesupport_fastrtps_cpp/gazebo_msgs/srv/detail/dds_fastrtps/get_model_list__type_support.cpp.o[0m
[121.151s] [ 84%] [32mBuilding CXX object CMakeFiles/gazebo_msgs__rosidl_typesupport_fastrtps_cpp.dir/rosidl_typesupport_fastrtps_cpp/gazebo_msgs/srv/detail/dds_fastrtps/get_model_properties__type_support.cpp.o[0m
[121.401s] [ 84%] [32mBuilding CXX object CMakeFiles/gazebo_msgs__rosidl_typesupport_fastrtps_cpp.dir/rosidl_typesupport_fastrtps_cpp/gazebo_msgs/srv/detail/dds_fastrtps/get_model_state__type_support.cpp.o[0m
[121.415s] [ 84%] [32mBuilding CXX object CMakeFiles/gazebo_msgs__rosidl_typesupport_fastrtps_cpp.dir/rosidl_typesupport_fastrtps_cpp/gazebo_msgs/srv/detail/dds_fastrtps/get_link_state__type_support.cpp.o[0m
[121.481s] [ 84%] [32mBuilding CXX object CMakeFiles/gazebo_msgs__rosidl_typesupport_fastrtps_cpp.dir/rosidl_typesupport_fastrtps_cpp/gazebo_msgs/srv/detail/dds_fastrtps/get_physics_properties__type_support.cpp.o[0m
[121.537s] [ 85%] [32mBuilding CXX object CMakeFiles/gazebo_msgs__rosidl_typesupport_fastrtps_cpp.dir/rosidl_typesupport_fastrtps_cpp/gazebo_msgs/srv/detail/dds_fastrtps/get_world_properties__type_support.cpp.o[0m
[121.827s] [ 85%] [32mBuilding CXX object CMakeFiles/gazebo_msgs__rosidl_typesupport_fastrtps_cpp.dir/rosidl_typesupport_fastrtps_cpp/gazebo_msgs/srv/detail/dds_fastrtps/joint_request__type_support.cpp.o[0m
[122.047s] [ 85%] [32mBuilding CXX object CMakeFiles/gazebo_msgs__rosidl_typesupport_fastrtps_cpp.dir/rosidl_typesupport_fastrtps_cpp/gazebo_msgs/srv/detail/dds_fastrtps/link_request__type_support.cpp.o[0m
[122.156s] [ 85%] [32mBuilding CXX object CMakeFiles/gazebo_msgs__rosidl_typesupport_fastrtps_cpp.dir/rosidl_typesupport_fastrtps_cpp/gazebo_msgs/srv/detail/dds_fastrtps/set_entity_state__type_support.cpp.o[0m
[122.310s] [ 86%] [32mBuilding CXX object CMakeFiles/gazebo_msgs__rosidl_typesupport_fastrtps_cpp.dir/rosidl_typesupport_fastrtps_cpp/gazebo_msgs/srv/detail/dds_fastrtps/set_joint_properties__type_support.cpp.o[0m
[122.334s] [ 86%] [32mBuilding CXX object CMakeFiles/gazebo_msgs__rosidl_typesupport_fastrtps_cpp.dir/rosidl_typesupport_fastrtps_cpp/gazebo_msgs/srv/detail/dds_fastrtps/set_joint_trajectory__type_support.cpp.o[0m
[122.353s] [ 86%] [32mBuilding CXX object CMakeFiles/gazebo_msgs__rosidl_typesupport_fastrtps_cpp.dir/rosidl_typesupport_fastrtps_cpp/gazebo_msgs/srv/detail/dds_fastrtps/set_light_properties__type_support.cpp.o[0m
[122.455s] [ 87%] [32mBuilding CXX object CMakeFiles/gazebo_msgs__rosidl_typesupport_fastrtps_cpp.dir/rosidl_typesupport_fastrtps_cpp/gazebo_msgs/srv/detail/dds_fastrtps/set_link_properties__type_support.cpp.o[0m
[122.656s] [ 87%] [32mBuilding CXX object CMakeFiles/gazebo_msgs__rosidl_typesupport_fastrtps_cpp.dir/rosidl_typesupport_fastrtps_cpp/gazebo_msgs/srv/detail/dds_fastrtps/set_link_state__type_support.cpp.o[0m
[122.953s] [ 87%] [32mBuilding CXX object CMakeFiles/gazebo_msgs__rosidl_typesupport_fastrtps_cpp.dir/rosidl_typesupport_fastrtps_cpp/gazebo_msgs/srv/detail/dds_fastrtps/set_model_configuration__type_support.cpp.o[0m
[122.965s] [ 87%] [32mBuilding CXX object CMakeFiles/gazebo_msgs__rosidl_typesupport_fastrtps_cpp.dir/rosidl_typesupport_fastrtps_cpp/gazebo_msgs/srv/detail/dds_fastrtps/set_model_state__type_support.cpp.o[0m
[123.260s] [ 88%] [32mBuilding CXX object CMakeFiles/gazebo_msgs__rosidl_typesupport_fastrtps_cpp.dir/rosidl_typesupport_fastrtps_cpp/gazebo_msgs/srv/detail/dds_fastrtps/set_physics_properties__type_support.cpp.o[0m
[123.271s] [ 88%] [32mBuilding CXX object CMakeFiles/gazebo_msgs__rosidl_typesupport_fastrtps_cpp.dir/rosidl_typesupport_fastrtps_cpp/gazebo_msgs/srv/detail/dds_fastrtps/spawn_entity__type_support.cpp.o[0m
[123.420s] [ 88%] [32mBuilding CXX object CMakeFiles/gazebo_msgs__rosidl_typesupport_fastrtps_cpp.dir/rosidl_typesupport_fastrtps_cpp/gazebo_msgs/srv/detail/dds_fastrtps/spawn_model__type_support.cpp.o[0m
[124.072s] [ 88%] [32m[1mLinking CXX shared library libgazebo_msgs__rosidl_typesupport_fastrtps_cpp.so[0m
[124.181s] [ 88%] Built target gazebo_msgs__rosidl_typesupport_fastrtps_cpp
[124.199s] [ 88%] Built target gazebo_msgs
[124.220s] [ 88%] [34m[1mGenerating Python code for ROS interfaces[0m
[136.814s] [ 88%] Built target gazebo_msgs__py
[136.845s] [ 90%] [32mBuilding C object CMakeFiles/gazebo_msgs__rosidl_generator_py.dir/rosidl_generator_py/gazebo_msgs/msg/_link_states_s.c.o[0m
[136.846s] [ 90%] [32mBuilding C object CMakeFiles/gazebo_msgs__rosidl_generator_py.dir/rosidl_generator_py/gazebo_msgs/msg/_contacts_state_s.c.o[0m
[136.846s] [ 90%] [32mBuilding C object CMakeFiles/gazebo_msgs__rosidl_generator_py.dir/rosidl_generator_py/gazebo_msgs/msg/_entity_state_s.c.o[0m
[136.846s] [ 90%] [32mBuilding C object CMakeFiles/gazebo_msgs__rosidl_generator_py.dir/rosidl_generator_py/gazebo_msgs/msg/_contact_state_s.c.o[0m
[136.846s] [ 90%] [32mBuilding C object CMakeFiles/gazebo_msgs__rosidl_generator_py.dir/rosidl_generator_py/gazebo_msgs/msg/_link_state_s.c.o[0m
[136.854s] [ 90%] [32mBuilding C object CMakeFiles/gazebo_msgs__rosidl_generator_py.dir/rosidl_generator_py/gazebo_msgs/msg/_model_state_s.c.o[0m
[136.854s] [ 90%] [32mBuilding C object CMakeFiles/gazebo_msgs__rosidl_generator_py.dir/rosidl_generator_py/gazebo_msgs/msg/_model_states_s.c.o[0m
[137.072s] [ 90%] [32mBuilding C object CMakeFiles/gazebo_msgs__rosidl_generator_py.dir/rosidl_generator_py/gazebo_msgs/msg/_ode_joint_properties_s.c.o[0m
[137.072s] [ 91%] [32mBuilding C object CMakeFiles/gazebo_msgs__rosidl_generator_py.dir/rosidl_generator_py/gazebo_msgs/msg/_ode_physics_s.c.o[0m
[137.082s] [ 91%] [32mBuilding C object CMakeFiles/gazebo_msgs__rosidl_generator_py.dir/rosidl_generator_py/gazebo_msgs/msg/_performance_metrics_s.c.o[0m
[137.116s] [ 91%] [32mBuilding C object CMakeFiles/gazebo_msgs__rosidl_generator_py.dir/rosidl_generator_py/gazebo_msgs/msg/_sensor_performance_metric_s.c.o[0m
[137.117s] [ 92%] [32mBuilding C object CMakeFiles/gazebo_msgs__rosidl_generator_py.dir/rosidl_generator_py/gazebo_msgs/msg/_wheel_slip_s.c.o[0m
[137.186s] [ 92%] [32mBuilding C object CMakeFiles/gazebo_msgs__rosidl_generator_py.dir/rosidl_generator_py/gazebo_msgs/msg/_world_state_s.c.o[0m
[137.210s] [ 92%] [32mBuilding C object CMakeFiles/gazebo_msgs__rosidl_generator_py.dir/rosidl_generator_py/gazebo_msgs/srv/_apply_body_wrench_s.c.o[0m
[137.244s] [ 92%] [32mBuilding C object CMakeFiles/gazebo_msgs__rosidl_generator_py.dir/rosidl_generator_py/gazebo_msgs/srv/_apply_link_wrench_s.c.o[0m
[137.331s] [ 93%] [32mBuilding C object CMakeFiles/gazebo_msgs__rosidl_generator_py.dir/rosidl_generator_py/gazebo_msgs/srv/_apply_joint_effort_s.c.o[0m
[137.394s] [ 93%] [32mBuilding C object CMakeFiles/gazebo_msgs__rosidl_generator_py.dir/rosidl_generator_py/gazebo_msgs/srv/_body_request_s.c.o[0m
[137.459s] [ 93%] [32mBuilding C object CMakeFiles/gazebo_msgs__rosidl_generator_py.dir/rosidl_generator_py/gazebo_msgs/srv/_delete_entity_s.c.o[0m
[137.478s] [ 93%] [32mBuilding C object CMakeFiles/gazebo_msgs__rosidl_generator_py.dir/rosidl_generator_py/gazebo_msgs/srv/_delete_light_s.c.o[0m
[137.506s] [ 93%] [32mBuilding C object CMakeFiles/gazebo_msgs__rosidl_generator_py.dir/rosidl_generator_py/gazebo_msgs/srv/_get_joint_properties_s.c.o[0m
[137.518s] [ 94%] [32mBuilding C object CMakeFiles/gazebo_msgs__rosidl_generator_py.dir/rosidl_generator_py/gazebo_msgs/srv/_delete_model_s.c.o[0m
[137.569s] [ 94%] [32mBuilding C object CMakeFiles/gazebo_msgs__rosidl_generator_py.dir/rosidl_generator_py/gazebo_msgs/srv/_get_entity_state_s.c.o[0m
[137.655s] [ 95%] [32mBuilding C object CMakeFiles/gazebo_msgs__rosidl_generator_py.dir/rosidl_generator_py/gazebo_msgs/srv/_get_light_properties_s.c.o[0m
[137.710s] [ 95%] [32mBuilding C object CMakeFiles/gazebo_msgs__rosidl_generator_py.dir/rosidl_generator_py/gazebo_msgs/srv/_get_link_properties_s.c.o[0m
[137.759s] [ 95%] [32mBuilding C object CMakeFiles/gazebo_msgs__rosidl_generator_py.dir/rosidl_generator_py/gazebo_msgs/srv/_get_link_state_s.c.o[0m
[137.789s] [ 95%] [32mBuilding C object CMakeFiles/gazebo_msgs__rosidl_generator_py.dir/rosidl_generator_py/gazebo_msgs/srv/_get_model_list_s.c.o[0m
[137.817s] [ 96%] [32mBuilding C object CMakeFiles/gazebo_msgs__rosidl_generator_py.dir/rosidl_generator_py/gazebo_msgs/srv/_get_model_properties_s.c.o[0m
[137.830s] [ 96%] [32mBuilding C object CMakeFiles/gazebo_msgs__rosidl_generator_py.dir/rosidl_generator_py/gazebo_msgs/srv/_get_model_state_s.c.o[0m
[137.944s] [ 96%] [32mBuilding C object CMakeFiles/gazebo_msgs__rosidl_generator_py.dir/rosidl_generator_py/gazebo_msgs/srv/_get_physics_properties_s.c.o[0m
[138.018s] [ 96%] [32mBuilding C object CMakeFiles/gazebo_msgs__rosidl_generator_py.dir/rosidl_generator_py/gazebo_msgs/srv/_get_world_properties_s.c.o[0m
[138.071s] [ 97%] [32mBuilding C object CMakeFiles/gazebo_msgs__rosidl_generator_py.dir/rosidl_generator_py/gazebo_msgs/srv/_joint_request_s.c.o[0m
[138.075s] [ 97%] [32mBuilding C object CMakeFiles/gazebo_msgs__rosidl_generator_py.dir/rosidl_generator_py/gazebo_msgs/srv/_link_request_s.c.o[0m
[138.122s] [ 97%] [32mBuilding C object CMakeFiles/gazebo_msgs__rosidl_generator_py.dir/rosidl_generator_py/gazebo_msgs/srv/_set_entity_state_s.c.o[0m
[138.210s] [ 97%] [32mBuilding C object CMakeFiles/gazebo_msgs__rosidl_generator_py.dir/rosidl_generator_py/gazebo_msgs/srv/_set_joint_trajectory_s.c.o[0m
[138.221s] [ 98%] [32mBuilding C object CMakeFiles/gazebo_msgs__rosidl_generator_py.dir/rosidl_generator_py/gazebo_msgs/srv/_set_joint_properties_s.c.o[0m
[138.277s] [ 98%] [32mBuilding C object CMakeFiles/gazebo_msgs__rosidl_generator_py.dir/rosidl_generator_py/gazebo_msgs/srv/_set_light_properties_s.c.o[0m
[138.390s] [ 98%] [32mBuilding C object CMakeFiles/gazebo_msgs__rosidl_generator_py.dir/rosidl_generator_py/gazebo_msgs/srv/_set_link_properties_s.c.o[0m
[138.404s] [ 99%] [32mBuilding C object CMakeFiles/gazebo_msgs__rosidl_generator_py.dir/rosidl_generator_py/gazebo_msgs/srv/_set_link_state_s.c.o[0m
[138.442s] [ 99%] [32mBuilding C object CMakeFiles/gazebo_msgs__rosidl_generator_py.dir/rosidl_generator_py/gazebo_msgs/srv/_set_model_configuration_s.c.o[0m
[138.474s] [ 99%] [32mBuilding C object CMakeFiles/gazebo_msgs__rosidl_generator_py.dir/rosidl_generator_py/gazebo_msgs/srv/_set_model_state_s.c.o[0m
[138.532s] [ 99%] [32mBuilding C object CMakeFiles/gazebo_msgs__rosidl_generator_py.dir/rosidl_generator_py/gazebo_msgs/srv/_set_physics_properties_s.c.o[0m
[138.547s] [100%] [32mBuilding C object CMakeFiles/gazebo_msgs__rosidl_generator_py.dir/rosidl_generator_py/gazebo_msgs/srv/_spawn_entity_s.c.o[0m
[138.625s] [100%] [32mBuilding C object CMakeFiles/gazebo_msgs__rosidl_generator_py.dir/rosidl_generator_py/gazebo_msgs/srv/_spawn_model_s.c.o[0m
[138.932s] [100%] [32m[1mLinking C shared library rosidl_generator_py/gazebo_msgs/libgazebo_msgs__rosidl_generator_py.so[0m
[139.008s] [100%] Built target gazebo_msgs__rosidl_generator_py
[139.041s] [100%] [32mBuilding C object CMakeFiles/gazebo_msgs__rosidl_typesupport_introspection_c__pyext.dir/rosidl_generator_py/gazebo_msgs/_gazebo_msgs_s.ep.rosidl_typesupport_introspection_c.c.o[0m
[139.045s] [100%] [32mBuilding C object CMakeFiles/gazebo_msgs__rosidl_typesupport_c__pyext.dir/rosidl_generator_py/gazebo_msgs/_gazebo_msgs_s.ep.rosidl_typesupport_c.c.o[0m
[139.046s] [100%] [32mBuilding C object CMakeFiles/gazebo_msgs__rosidl_typesupport_fastrtps_c__pyext.dir/rosidl_generator_py/gazebo_msgs/_gazebo_msgs_s.ep.rosidl_typesupport_fastrtps_c.c.o[0m
[139.822s] [100%] [32m[1mLinking C shared library rosidl_generator_py/gazebo_msgs/gazebo_msgs_s__rosidl_typesupport_introspection_c.cpython-310-x86_64-linux-gnu.so[0m
[139.822s] [100%] [32m[1mLinking C shared library rosidl_generator_py/gazebo_msgs/gazebo_msgs_s__rosidl_typesupport_fastrtps_c.cpython-310-x86_64-linux-gnu.so[0m
[139.829s] [100%] [32m[1mLinking C shared library rosidl_generator_py/gazebo_msgs/gazebo_msgs_s__rosidl_typesupport_c.cpython-310-x86_64-linux-gnu.so[0m
[139.897s] [100%] Built target gazebo_msgs__rosidl_typesupport_c__pyext
[139.911s] [100%] Built target gazebo_msgs__rosidl_typesupport_fastrtps_c__pyext
[139.918s] [100%] Built target gazebo_msgs__rosidl_typesupport_introspection_c__pyext
[139.936s] Invoked command in '/home/lorenzo/code/dynus_lite/dynus_lite_ws/build/gazebo_msgs' returned '0': CMAKE_PREFIX_PATH=${CMAKE_PREFIX_PATH}:/opt/ros/humble /usr/bin/cmake --build /home/lorenzo/code/dynus_lite/dynus_lite_ws/build/gazebo_msgs -- -j8 -l8
[139.937s] Invoking command in '/home/lorenzo/code/dynus_lite/dynus_lite_ws/build/gazebo_msgs': CMAKE_PREFIX_PATH=${CMAKE_PREFIX_PATH}:/opt/ros/humble /usr/bin/cmake --install /home/lorenzo/code/dynus_lite/dynus_lite_ws/build/gazebo_msgs
[139.950s] -- Install configuration: ""
[139.950s] -- Installing: /home/lorenzo/code/dynus_lite/dynus_lite_ws/install/gazebo_msgs/share/ament_index/resource_index/rosidl_interfaces/gazebo_msgs
[139.950s] -- Installing: /home/lorenzo/code/dynus_lite/dynus_lite_ws/install/gazebo_msgs/include/gazebo_msgs/gazebo_msgs
[139.951s] -- Installing: /home/lorenzo/code/dynus_lite/dynus_lite_ws/install/gazebo_msgs/include/gazebo_msgs/gazebo_msgs/srv
[139.951s] -- Installing: /home/lorenzo/code/dynus_lite/dynus_lite_ws/install/gazebo_msgs/include/gazebo_msgs/gazebo_msgs/srv/set_light_properties.h
[139.951s] -- Installing: /home/lorenzo/code/dynus_lite/dynus_lite_ws/install/gazebo_msgs/include/gazebo_msgs/gazebo_msgs/srv/delete_light.h
[139.951s] -- Installing: /home/lorenzo/code/dynus_lite/dynus_lite_ws/install/gazebo_msgs/include/gazebo_msgs/gazebo_msgs/srv/set_link_properties.h
[139.951s] -- Installing: /home/lorenzo/code/dynus_lite/dynus_lite_ws/install/gazebo_msgs/include/gazebo_msgs/gazebo_msgs/srv/get_model_properties.h
[139.951s] -- Installing: /home/lorenzo/code/dynus_lite/dynus_lite_ws/install/gazebo_msgs/include/gazebo_msgs/gazebo_msgs/srv/apply_link_wrench.h
[139.952s] -- Installing: /home/lorenzo/code/dynus_lite/dynus_lite_ws/install/gazebo_msgs/include/gazebo_msgs/gazebo_msgs/srv/apply_body_wrench.h
[139.952s] -- Installing: /home/lorenzo/code/dynus_lite/dynus_lite_ws/install/gazebo_msgs/include/gazebo_msgs/gazebo_msgs/srv/get_link_properties.h
[139.952s] -- Installing: /home/lorenzo/code/dynus_lite/dynus_lite_ws/install/gazebo_msgs/include/gazebo_msgs/gazebo_msgs/srv/detail
[139.952s] -- Installing: /home/lorenzo/code/dynus_lite/dynus_lite_ws/install/gazebo_msgs/include/gazebo_msgs/gazebo_msgs/srv/detail/get_world_properties__functions.h
[139.952s] -- Installing: /home/lorenzo/code/dynus_lite/dynus_lite_ws/install/gazebo_msgs/include/gazebo_msgs/gazebo_msgs/srv/detail/get_entity_state__type_support.h
[139.953s] -- Installing: /home/lorenzo/code/dynus_lite/dynus_lite_ws/install/gazebo_msgs/include/gazebo_msgs/gazebo_msgs/srv/detail/link_request__type_support.h
[139.953s] -- Installing: /home/lorenzo/code/dynus_lite/dynus_lite_ws/install/gazebo_msgs/include/gazebo_msgs/gazebo_msgs/srv/detail/body_request__functions.c
[139.953s] -- Installing: /home/lorenzo/code/dynus_lite/dynus_lite_ws/install/gazebo_msgs/include/gazebo_msgs/gazebo_msgs/srv/detail/get_model_properties__struct.h
[139.953s] -- Installing: /home/lorenzo/code/dynus_lite/dynus_lite_ws/install/gazebo_msgs/include/gazebo_msgs/gazebo_msgs/srv/detail/get_model_state__functions.h
[139.953s] -- Installing: /home/lorenzo/code/dynus_lite/dynus_lite_ws/install/gazebo_msgs/include/gazebo_msgs/gazebo_msgs/srv/detail/set_model_configuration__functions.c
[139.953s] -- Installing: /home/lorenzo/code/dynus_lite/dynus_lite_ws/install/gazebo_msgs/include/gazebo_msgs/gazebo_msgs/srv/detail/get_light_properties__struct.h
[139.954s] -- Installing: /home/lorenzo/code/dynus_lite/dynus_lite_ws/install/gazebo_msgs/include/gazebo_msgs/gazebo_msgs/srv/detail/delete_model__functions.c
[139.954s] -- Installing: /home/lorenzo/code/dynus_lite/dynus_lite_ws/install/gazebo_msgs/include/gazebo_msgs/gazebo_msgs/srv/detail/set_joint_properties__struct.h
[139.954s] -- Installing: /home/lorenzo/code/dynus_lite/dynus_lite_ws/install/gazebo_msgs/include/gazebo_msgs/gazebo_msgs/srv/detail/spawn_entity__struct.h
[139.954s] -- Installing: /home/lorenzo/code/dynus_lite/dynus_lite_ws/install/gazebo_msgs/include/gazebo_msgs/gazebo_msgs/srv/detail/joint_request__struct.h
[139.954s] -- Installing: /home/lorenzo/code/dynus_lite/dynus_lite_ws/install/gazebo_msgs/include/gazebo_msgs/gazebo_msgs/srv/detail/get_physics_properties__functions.c
[139.954s] -- Installing: /home/lorenzo/code/dynus_lite/dynus_lite_ws/install/gazebo_msgs/include/gazebo_msgs/gazebo_msgs/srv/detail/set_link_properties__type_support.h
[139.954s] -- Installing: /home/lorenzo/code/dynus_lite/dynus_lite_ws/install/gazebo_msgs/include/gazebo_msgs/gazebo_msgs/srv/detail/get_link_state__struct.h
[139.955s] -- Installing: /home/lorenzo/code/dynus_lite/dynus_lite_ws/install/gazebo_msgs/include/gazebo_msgs/gazebo_msgs/srv/detail/apply_joint_effort__type_support.h
[139.955s] -- Installing: /home/lorenzo/code/dynus_lite/dynus_lite_ws/install/gazebo_msgs/include/gazebo_msgs/gazebo_msgs/srv/detail/get_model_list__functions.c
[139.955s] -- Installing: /home/lorenzo/code/dynus_lite/dynus_lite_ws/install/gazebo_msgs/include/gazebo_msgs/gazebo_msgs/srv/detail/get_model_state__type_support.h
[139.955s] -- Installing: /home/lorenzo/code/dynus_lite/dynus_lite_ws/install/gazebo_msgs/include/gazebo_msgs/gazebo_msgs/srv/detail/apply_link_wrench__struct.h
[139.955s] -- Installing: /home/lorenzo/code/dynus_lite/dynus_lite_ws/install/gazebo_msgs/include/gazebo_msgs/gazebo_msgs/srv/detail/set_model_configuration__type_support.h
[139.955s] -- Installing: /home/lorenzo/code/dynus_lite/dynus_lite_ws/install/gazebo_msgs/include/gazebo_msgs/gazebo_msgs/srv/detail/get_model_list__functions.h
[139.956s] -- Installing: /home/lorenzo/code/dynus_lite/dynus_lite_ws/install/gazebo_msgs/include/gazebo_msgs/gazebo_msgs/srv/detail/set_model_state__functions.h
[139.956s] -- Installing: /home/lorenzo/code/dynus_lite/dynus_lite_ws/install/gazebo_msgs/include/gazebo_msgs/gazebo_msgs/srv/detail/delete_entity__type_support.h
[139.956s] -- Installing: /home/lorenzo/code/dynus_lite/dynus_lite_ws/install/gazebo_msgs/include/gazebo_msgs/gazebo_msgs/srv/detail/set_model_state__type_support.h
[139.956s] -- Installing: /home/lorenzo/code/dynus_lite/dynus_lite_ws/install/gazebo_msgs/include/gazebo_msgs/gazebo_msgs/srv/detail/spawn_model__functions.h
[139.956s] -- Installing: /home/lorenzo/code/dynus_lite/dynus_lite_ws/install/gazebo_msgs/include/gazebo_msgs/gazebo_msgs/srv/detail/get_light_properties__type_support.h
[139.956s] -- Installing: /home/lorenzo/code/dynus_lite/dynus_lite_ws/install/gazebo_msgs/include/gazebo_msgs/gazebo_msgs/srv/detail/set_physics_properties__type_support.h
[139.957s] -- Installing: /home/lorenzo/code/dynus_lite/dynus_lite_ws/install/gazebo_msgs/include/gazebo_msgs/gazebo_msgs/srv/detail/get_link_state__type_support.h
[139.957s] -- Installing: /home/lorenzo/code/dynus_lite/dynus_lite_ws/install/gazebo_msgs/include/gazebo_msgs/gazebo_msgs/srv/detail/set_entity_state__functions.h
[139.957s] -- Installing: /home/lorenzo/code/dynus_lite/dynus_lite_ws/install/gazebo_msgs/include/gazebo_msgs/gazebo_msgs/srv/detail/joint_request__type_support.h
[139.957s] -- Installing: /home/lorenzo/code/dynus_lite/dynus_lite_ws/install/gazebo_msgs/include/gazebo_msgs/gazebo_msgs/srv/detail/set_joint_trajectory__functions.c
[139.957s] -- Installing: /home/lorenzo/code/dynus_lite/dynus_lite_ws/install/gazebo_msgs/include/gazebo_msgs/gazebo_msgs/srv/detail/joint_request__functions.c
[139.957s] -- Installing: /home/lorenzo/code/dynus_lite/dynus_lite_ws/install/gazebo_msgs/include/gazebo_msgs/gazebo_msgs/srv/detail/spawn_model__functions.c
[139.957s] -- Installing: /home/lorenzo/code/dynus_lite/dynus_lite_ws/install/gazebo_msgs/include/gazebo_msgs/gazebo_msgs/srv/detail/apply_joint_effort__functions.c
[139.957s] -- Installing: /home/lorenzo/code/dynus_lite/dynus_lite_ws/install/gazebo_msgs/include/gazebo_msgs/gazebo_msgs/srv/detail/get_model_properties__type_support.h
[139.958s] -- Installing: /home/lorenzo/code/dynus_lite/dynus_lite_ws/install/gazebo_msgs/include/gazebo_msgs/gazebo_msgs/srv/detail/body_request__functions.h
[139.958s] -- Installing: /home/lorenzo/code/dynus_lite/dynus_lite_ws/install/gazebo_msgs/include/gazebo_msgs/gazebo_msgs/srv/detail/set_joint_properties__functions.h
[139.958s] -- Installing: /home/lorenzo/code/dynus_lite/dynus_lite_ws/install/gazebo_msgs/include/gazebo_msgs/gazebo_msgs/srv/detail/set_light_properties__functions.h
[139.958s] -- Installing: /home/lorenzo/code/dynus_lite/dynus_lite_ws/install/gazebo_msgs/include/gazebo_msgs/gazebo_msgs/srv/detail/body_request__type_support.h
[139.958s] -- Installing: /home/lorenzo/code/dynus_lite/dynus_lite_ws/install/gazebo_msgs/include/gazebo_msgs/gazebo_msgs/srv/detail/set_link_state__functions.c
[139.959s] -- Installing: /home/lorenzo/code/dynus_lite/dynus_lite_ws/install/gazebo_msgs/include/gazebo_msgs/gazebo_msgs/srv/detail/link_request__functions.h
[139.959s] -- Installing: /home/lorenzo/code/dynus_lite/dynus_lite_ws/install/gazebo_msgs/include/gazebo_msgs/gazebo_msgs/srv/detail/set_link_properties__functions.h
[139.959s] -- Installing: /home/lorenzo/code/dynus_lite/dynus_lite_ws/install/gazebo_msgs/include/gazebo_msgs/gazebo_msgs/srv/detail/apply_body_wrench__functions.c
[139.959s] -- Installing: /home/lorenzo/code/dynus_lite/dynus_lite_ws/install/gazebo_msgs/include/gazebo_msgs/gazebo_msgs/srv/detail/apply_joint_effort__struct.h
[139.959s] -- Installing: /home/lorenzo/code/dynus_lite/dynus_lite_ws/install/gazebo_msgs/include/gazebo_msgs/gazebo_msgs/srv/detail/set_model_configuration__struct.h
[139.959s] -- Installing: /home/lorenzo/code/dynus_lite/dynus_lite_ws/install/gazebo_msgs/include/gazebo_msgs/gazebo_msgs/srv/detail/delete_model__functions.h
[139.960s] -- Installing: /home/lorenzo/code/dynus_lite/dynus_lite_ws/install/gazebo_msgs/include/gazebo_msgs/gazebo_msgs/srv/detail/get_joint_properties__functions.h
[139.960s] -- Installing: /home/lorenzo/code/dynus_lite/dynus_lite_ws/install/gazebo_msgs/include/gazebo_msgs/gazebo_msgs/srv/detail/set_light_properties__functions.c
[139.960s] -- Installing: /home/lorenzo/code/dynus_lite/dynus_lite_ws/install/gazebo_msgs/include/gazebo_msgs/gazebo_msgs/srv/detail/set_model_configuration__functions.h
[139.960s] -- Installing: /home/lorenzo/code/dynus_lite/dynus_lite_ws/install/gazebo_msgs/include/gazebo_msgs/gazebo_msgs/srv/detail/get_entity_state__struct.h
[139.960s] -- Installing: /home/lorenzo/code/dynus_lite/dynus_lite_ws/install/gazebo_msgs/include/gazebo_msgs/gazebo_msgs/srv/detail/get_joint_properties__functions.c
[139.960s] -- Installing: /home/lorenzo/code/dynus_lite/dynus_lite_ws/install/gazebo_msgs/include/gazebo_msgs/gazebo_msgs/srv/detail/get_model_properties__functions.c
[139.961s] -- Installing: /home/lorenzo/code/dynus_lite/dynus_lite_ws/install/gazebo_msgs/include/gazebo_msgs/gazebo_msgs/srv/detail/get_world_properties__functions.c
[139.961s] -- Installing: /home/lorenzo/code/dynus_lite/dynus_lite_ws/install/gazebo_msgs/include/gazebo_msgs/gazebo_msgs/srv/detail/set_joint_trajectory__functions.h
[139.961s] -- Installing: /home/lorenzo/code/dynus_lite/dynus_lite_ws/install/gazebo_msgs/include/gazebo_msgs/gazebo_msgs/srv/detail/delete_model__struct.h
[139.961s] -- Installing: /home/lorenzo/code/dynus_lite/dynus_lite_ws/install/gazebo_msgs/include/gazebo_msgs/gazebo_msgs/srv/detail/set_link_properties__struct.h
[139.961s] -- Installing: /home/lorenzo/code/dynus_lite/dynus_lite_ws/install/gazebo_msgs/include/gazebo_msgs/gazebo_msgs/srv/detail/get_world_properties__struct.h
[139.961s] -- Installing: /home/lorenzo/code/dynus_lite/dynus_lite_ws/install/gazebo_msgs/include/gazebo_msgs/gazebo_msgs/srv/detail/get_physics_properties__struct.h
[139.962s] -- Installing: /home/lorenzo/code/dynus_lite/dynus_lite_ws/install/gazebo_msgs/include/gazebo_msgs/gazebo_msgs/srv/detail/set_link_state__type_support.h
[139.962s] -- Installing: /home/lorenzo/code/dynus_lite/dynus_lite_ws/install/gazebo_msgs/include/gazebo_msgs/gazebo_msgs/srv/detail/set_light_properties__struct.h
[139.962s] -- Installing: /home/lorenzo/code/dynus_lite/dynus_lite_ws/install/gazebo_msgs/include/gazebo_msgs/gazebo_msgs/srv/detail/set_model_state__struct.h
[139.962s] -- Installing: /home/lorenzo/code/dynus_lite/dynus_lite_ws/install/gazebo_msgs/include/gazebo_msgs/gazebo_msgs/srv/detail/get_model_list__type_support.h
[139.962s] -- Installing: /home/lorenzo/code/dynus_lite/dynus_lite_ws/install/gazebo_msgs/include/gazebo_msgs/gazebo_msgs/srv/detail/get_light_properties__functions.h
[139.962s] -- Installing: /home/lorenzo/code/dynus_lite/dynus_lite_ws/install/gazebo_msgs/include/gazebo_msgs/gazebo_msgs/srv/detail/delete_light__struct.h
[139.963s] -- Installing: /home/lorenzo/code/dynus_lite/dynus_lite_ws/install/gazebo_msgs/include/gazebo_msgs/gazebo_msgs/srv/detail/apply_body_wrench__struct.h
[139.963s] -- Installing: /home/lorenzo/code/dynus_lite/dynus_lite_ws/install/gazebo_msgs/include/gazebo_msgs/gazebo_msgs/srv/detail/get_link_state__functions.h
[139.963s] -- Installing: /home/lorenzo/code/dynus_lite/dynus_lite_ws/install/gazebo_msgs/include/gazebo_msgs/gazebo_msgs/srv/detail/spawn_entity__functions.h
[139.963s] -- Installing: /home/lorenzo/code/dynus_lite/dynus_lite_ws/install/gazebo_msgs/include/gazebo_msgs/gazebo_msgs/srv/detail/apply_body_wrench__functions.h
[139.963s] -- Installing: /home/lorenzo/code/dynus_lite/dynus_lite_ws/install/gazebo_msgs/include/gazebo_msgs/gazebo_msgs/srv/detail/get_model_state__functions.c
[139.964s] -- Installing: /home/lorenzo/code/dynus_lite/dynus_lite_ws/install/gazebo_msgs/include/gazebo_msgs/gazebo_msgs/srv/detail/get_link_properties__functions.h
[139.964s] -- Installing: /home/lorenzo/code/dynus_lite/dynus_lite_ws/install/gazebo_msgs/include/gazebo_msgs/gazebo_msgs/srv/detail/set_physics_properties__functions.c
[139.964s] -- Installing: /home/lorenzo/code/dynus_lite/dynus_lite_ws/install/gazebo_msgs/include/gazebo_msgs/gazebo_msgs/srv/detail/get_entity_state__functions.h
[139.964s] -- Installing: /home/lorenzo/code/dynus_lite/dynus_lite_ws/install/gazebo_msgs/include/gazebo_msgs/gazebo_msgs/srv/detail/get_joint_properties__struct.h
[139.964s] -- Installing: /home/lorenzo/code/dynus_lite/dynus_lite_ws/install/gazebo_msgs/include/gazebo_msgs/gazebo_msgs/srv/detail/apply_joint_effort__functions.h
[139.964s] -- Installing: /home/lorenzo/code/dynus_lite/dynus_lite_ws/install/gazebo_msgs/include/gazebo_msgs/gazebo_msgs/srv/detail/get_light_properties__functions.c
[139.965s] -- Installing: /home/lorenzo/code/dynus_lite/dynus_lite_ws/install/gazebo_msgs/include/gazebo_msgs/gazebo_msgs/srv/detail/delete_entity__functions.h
[139.965s] -- Installing: /home/lorenzo/code/dynus_lite/dynus_lite_ws/install/gazebo_msgs/include/gazebo_msgs/gazebo_msgs/srv/detail/get_physics_properties__functions.h
[139.965s] -- Installing: /home/lorenzo/code/dynus_lite/dynus_lite_ws/install/gazebo_msgs/include/gazebo_msgs/gazebo_msgs/srv/detail/get_physics_properties__type_support.h
[139.965s] -- Installing: /home/lorenzo/code/dynus_lite/dynus_lite_ws/install/gazebo_msgs/include/gazebo_msgs/gazebo_msgs/srv/detail/body_request__struct.h
[139.965s] -- Installing: /home/lorenzo/code/dynus_lite/dynus_lite_ws/install/gazebo_msgs/include/gazebo_msgs/gazebo_msgs/srv/detail/set_joint_properties__functions.c
[139.965s] -- Installing: /home/lorenzo/code/dynus_lite/dynus_lite_ws/install/gazebo_msgs/include/gazebo_msgs/gazebo_msgs/srv/detail/get_model_properties__functions.h
[139.966s] -- Installing: /home/lorenzo/code/dynus_lite/dynus_lite_ws/install/gazebo_msgs/include/gazebo_msgs/gazebo_msgs/srv/detail/delete_entity__functions.c
[139.966s] -- Installing: /home/lorenzo/code/dynus_lite/dynus_lite_ws/install/gazebo_msgs/include/gazebo_msgs/gazebo_msgs/srv/detail/set_link_state__struct.h
[139.966s] -- Installing: /home/lorenzo/code/dynus_lite/dynus_lite_ws/install/gazebo_msgs/include/gazebo_msgs/gazebo_msgs/srv/detail/get_link_properties__type_support.h
[139.966s] -- Installing: /home/lorenzo/code/dynus_lite/dynus_lite_ws/install/gazebo_msgs/include/gazebo_msgs/gazebo_msgs/srv/detail/set_physics_properties__functions.h
[139.966s] -- Installing: /home/lorenzo/code/dynus_lite/dynus_lite_ws/install/gazebo_msgs/include/gazebo_msgs/gazebo_msgs/srv/detail/spawn_entity__type_support.h
[139.967s] -- Installing: /home/lorenzo/code/dynus_lite/dynus_lite_ws/install/gazebo_msgs/include/gazebo_msgs/gazebo_msgs/srv/detail/get_link_properties__struct.h
[139.967s] -- Installing: /home/lorenzo/code/dynus_lite/dynus_lite_ws/install/gazebo_msgs/include/gazebo_msgs/gazebo_msgs/srv/detail/set_entity_state__struct.h
[139.967s] -- Installing: /home/lorenzo/code/dynus_lite/dynus_lite_ws/install/gazebo_msgs/include/gazebo_msgs/gazebo_msgs/srv/detail/set_link_properties__functions.c
[139.967s] -- Installing: /home/lorenzo/code/dynus_lite/dynus_lite_ws/install/gazebo_msgs/include/gazebo_msgs/gazebo_msgs/srv/detail/delete_model__type_support.h
[139.967s] -- Installing: /home/lorenzo/code/dynus_lite/dynus_lite_ws/install/gazebo_msgs/include/gazebo_msgs/gazebo_msgs/srv/detail/get_entity_state__functions.c
[139.968s] -- Installing: /home/lorenzo/code/dynus_lite/dynus_lite_ws/install/gazebo_msgs/include/gazebo_msgs/gazebo_msgs/srv/detail/apply_link_wrench__functions.c
[139.968s] -- Installing: /home/lorenzo/code/dynus_lite/dynus_lite_ws/install/gazebo_msgs/include/gazebo_msgs/gazebo_msgs/srv/detail/get_model_state__struct.h
[139.968s] -- Installing: /home/lorenzo/code/dynus_lite/dynus_lite_ws/install/gazebo_msgs/include/gazebo_msgs/gazebo_msgs/srv/detail/apply_link_wrench__functions.h
[139.968s] -- Installing: /home/lorenzo/code/dynus_lite/dynus_lite_ws/install/gazebo_msgs/include/gazebo_msgs/gazebo_msgs/srv/detail/spawn_model__type_support.h
[139.968s] -- Installing: /home/lorenzo/code/dynus_lite/dynus_lite_ws/install/gazebo_msgs/include/gazebo_msgs/gazebo_msgs/srv/detail/link_request__struct.h
[139.968s] -- Installing: /home/lorenzo/code/dynus_lite/dynus_lite_ws/install/gazebo_msgs/include/gazebo_msgs/gazebo_msgs/srv/detail/set_light_properties__type_support.h
[139.969s] -- Installing: /home/lorenzo/code/dynus_lite/dynus_lite_ws/install/gazebo_msgs/include/gazebo_msgs/gazebo_msgs/srv/detail/set_joint_properties__type_support.h
[139.969s] -- Installing: /home/lorenzo/code/dynus_lite/dynus_lite_ws/install/gazebo_msgs/include/gazebo_msgs/gazebo_msgs/srv/detail/set_joint_trajectory__type_support.h
[139.969s] -- Installing: /home/lorenzo/code/dynus_lite/dynus_lite_ws/install/gazebo_msgs/include/gazebo_msgs/gazebo_msgs/srv/detail/spawn_model__struct.h
[139.969s] -- Installing: /home/lorenzo/code/dynus_lite/dynus_lite_ws/install/gazebo_msgs/include/gazebo_msgs/gazebo_msgs/srv/detail/set_link_state__functions.h
[139.969s] -- Installing: /home/lorenzo/code/dynus_lite/dynus_lite_ws/install/gazebo_msgs/include/gazebo_msgs/gazebo_msgs/srv/detail/get_link_properties__functions.c
[139.970s] -- Installing: /home/lorenzo/code/dynus_lite/dynus_lite_ws/install/gazebo_msgs/include/gazebo_msgs/gazebo_msgs/srv/detail/apply_body_wrench__type_support.h
[139.970s] -- Installing: /home/lorenzo/code/dynus_lite/dynus_lite_ws/install/gazebo_msgs/include/gazebo_msgs/gazebo_msgs/srv/detail/get_world_properties__type_support.h
[139.970s] -- Installing: /home/lorenzo/code/dynus_lite/dynus_lite_ws/install/gazebo_msgs/include/gazebo_msgs/gazebo_msgs/srv/detail/get_link_state__functions.c
[139.970s] -- Installing: /home/lorenzo/code/dynus_lite/dynus_lite_ws/install/gazebo_msgs/include/gazebo_msgs/gazebo_msgs/srv/detail/apply_link_wrench__type_support.h
[139.970s] -- Installing: /home/lorenzo/code/dynus_lite/dynus_lite_ws/install/gazebo_msgs/include/gazebo_msgs/gazebo_msgs/srv/detail/set_joint_trajectory__struct.h
[139.970s] -- Installing: /home/lorenzo/code/dynus_lite/dynus_lite_ws/install/gazebo_msgs/include/gazebo_msgs/gazebo_msgs/srv/detail/set_model_state__functions.c
[139.971s] -- Installing: /home/lorenzo/code/dynus_lite/dynus_lite_ws/install/gazebo_msgs/include/gazebo_msgs/gazebo_msgs/srv/detail/get_model_list__struct.h
[139.971s] -- Installing: /home/lorenzo/code/dynus_lite/dynus_lite_ws/install/gazebo_msgs/include/gazebo_msgs/gazebo_msgs/srv/detail/get_joint_properties__type_support.h
[139.971s] -- Installing: /home/lorenzo/code/dynus_lite/dynus_lite_ws/install/gazebo_msgs/include/gazebo_msgs/gazebo_msgs/srv/detail/set_entity_state__type_support.h
[139.971s] -- Installing: /home/lorenzo/code/dynus_lite/dynus_lite_ws/install/gazebo_msgs/include/gazebo_msgs/gazebo_msgs/srv/detail/link_request__functions.c
[139.971s] -- Installing: /home/lorenzo/code/dynus_lite/dynus_lite_ws/install/gazebo_msgs/include/gazebo_msgs/gazebo_msgs/srv/detail/set_entity_state__functions.c
[139.971s] -- Installing: /home/lorenzo/code/dynus_lite/dynus_lite_ws/install/gazebo_msgs/include/gazebo_msgs/gazebo_msgs/srv/detail/spawn_entity__functions.c
[139.971s] -- Installing: /home/lorenzo/code/dynus_lite/dynus_lite_ws/install/gazebo_msgs/include/gazebo_msgs/gazebo_msgs/srv/detail/delete_light__functions.c
[139.972s] -- Installing: /home/lorenzo/code/dynus_lite/dynus_lite_ws/install/gazebo_msgs/include/gazebo_msgs/gazebo_msgs/srv/detail/delete_light__type_support.h
[139.972s] -- Installing: /home/lorenzo/code/dynus_lite/dynus_lite_ws/install/gazebo_msgs/include/gazebo_msgs/gazebo_msgs/srv/detail/joint_request__functions.h
[139.972s] -- Installing: /home/lorenzo/code/dynus_lite/dynus_lite_ws/install/gazebo_msgs/include/gazebo_msgs/gazebo_msgs/srv/detail/set_physics_properties__struct.h
[139.972s] -- Installing: /home/lorenzo/code/dynus_lite/dynus_lite_ws/install/gazebo_msgs/include/gazebo_msgs/gazebo_msgs/srv/detail/delete_light__functions.h
[139.973s] -- Installing: /home/lorenzo/code/dynus_lite/dynus_lite_ws/install/gazebo_msgs/include/gazebo_msgs/gazebo_msgs/srv/detail/delete_entity__struct.h
[139.973s] -- Installing: /home/lorenzo/code/dynus_lite/dynus_lite_ws/install/gazebo_msgs/include/gazebo_msgs/gazebo_msgs/srv/set_physics_properties.h
[139.973s] -- Installing: /home/lorenzo/code/dynus_lite/dynus_lite_ws/install/gazebo_msgs/include/gazebo_msgs/gazebo_msgs/srv/get_world_properties.h
[139.973s] -- Installing: /home/lorenzo/code/dynus_lite/dynus_lite_ws/install/gazebo_msgs/include/gazebo_msgs/gazebo_msgs/srv/body_request.h
[139.973s] -- Installing: /home/lorenzo/code/dynus_lite/dynus_lite_ws/install/gazebo_msgs/include/gazebo_msgs/gazebo_msgs/srv/set_model_configuration.h
[139.973s] -- Installing: /home/lorenzo/code/dynus_lite/dynus_lite_ws/install/gazebo_msgs/include/gazebo_msgs/gazebo_msgs/srv/get_physics_properties.h
[139.974s] -- Installing: /home/lorenzo/code/dynus_lite/dynus_lite_ws/install/gazebo_msgs/include/gazebo_msgs/gazebo_msgs/srv/get_model_state.h
[139.974s] -- Installing: /home/lorenzo/code/dynus_lite/dynus_lite_ws/install/gazebo_msgs/include/gazebo_msgs/gazebo_msgs/srv/get_entity_state.h
[139.974s] -- Installing: /home/lorenzo/code/dynus_lite/dynus_lite_ws/install/gazebo_msgs/include/gazebo_msgs/gazebo_msgs/srv/joint_request.h
[139.974s] -- Installing: /home/lorenzo/code/dynus_lite/dynus_lite_ws/install/gazebo_msgs/include/gazebo_msgs/gazebo_msgs/srv/link_request.h
[139.974s] -- Installing: /home/lorenzo/code/dynus_lite/dynus_lite_ws/install/gazebo_msgs/include/gazebo_msgs/gazebo_msgs/srv/set_joint_trajectory.h
[139.974s] -- Installing: /home/lorenzo/code/dynus_lite/dynus_lite_ws/install/gazebo_msgs/include/gazebo_msgs/gazebo_msgs/srv/get_model_list.h
[139.975s] -- Installing: /home/lorenzo/code/dynus_lite/dynus_lite_ws/install/gazebo_msgs/include/gazebo_msgs/gazebo_msgs/srv/spawn_entity.h
[139.975s] -- Installing: /home/lorenzo/code/dynus_lite/dynus_lite_ws/install/gazebo_msgs/include/gazebo_msgs/gazebo_msgs/srv/get_joint_properties.h
[139.975s] -- Installing: /home/lorenzo/code/dynus_lite/dynus_lite_ws/install/gazebo_msgs/include/gazebo_msgs/gazebo_msgs/srv/get_link_state.h
[139.975s] -- Installing: /home/lorenzo/code/dynus_lite/dynus_lite_ws/install/gazebo_msgs/include/gazebo_msgs/gazebo_msgs/srv/set_entity_state.h
[139.975s] -- Installing: /home/lorenzo/code/dynus_lite/dynus_lite_ws/install/gazebo_msgs/include/gazebo_msgs/gazebo_msgs/srv/set_link_state.h
[139.975s] -- Installing: /home/lorenzo/code/dynus_lite/dynus_lite_ws/install/gazebo_msgs/include/gazebo_msgs/gazebo_msgs/srv/spawn_model.h
[139.976s] -- Installing: /home/lorenzo/code/dynus_lite/dynus_lite_ws/install/gazebo_msgs/include/gazebo_msgs/gazebo_msgs/srv/apply_joint_effort.h
[139.976s] -- Installing: /home/lorenzo/code/dynus_lite/dynus_lite_ws/install/gazebo_msgs/include/gazebo_msgs/gazebo_msgs/srv/set_joint_properties.h
[139.976s] -- Installing: /home/lorenzo/code/dynus_lite/dynus_lite_ws/install/gazebo_msgs/include/gazebo_msgs/gazebo_msgs/srv/delete_model.h
[139.976s] -- Installing: /home/lorenzo/code/dynus_lite/dynus_lite_ws/install/gazebo_msgs/include/gazebo_msgs/gazebo_msgs/srv/get_light_properties.h
[139.976s] -- Installing: /home/lorenzo/code/dynus_lite/dynus_lite_ws/install/gazebo_msgs/include/gazebo_msgs/gazebo_msgs/srv/delete_entity.h
[139.976s] -- Installing: /home/lorenzo/code/dynus_lite/dynus_lite_ws/install/gazebo_msgs/include/gazebo_msgs/gazebo_msgs/srv/set_model_state.h
[139.977s] -- Installing: /home/lorenzo/code/dynus_lite/dynus_lite_ws/install/gazebo_msgs/include/gazebo_msgs/gazebo_msgs/msg
[139.977s] -- Installing: /home/lorenzo/code/dynus_lite/dynus_lite_ws/install/gazebo_msgs/include/gazebo_msgs/gazebo_msgs/msg/wheel_slip.h
[139.977s] -- Installing: /home/lorenzo/code/dynus_lite/dynus_lite_ws/install/gazebo_msgs/include/gazebo_msgs/gazebo_msgs/msg/contact_state.h
[139.977s] -- Installing: /home/lorenzo/code/dynus_lite/dynus_lite_ws/install/gazebo_msgs/include/gazebo_msgs/gazebo_msgs/msg/detail
[139.977s] -- Installing: /home/lorenzo/code/dynus_lite/dynus_lite_ws/install/gazebo_msgs/include/gazebo_msgs/gazebo_msgs/msg/detail/ode_physics__functions.c
[139.977s] -- Installing: /home/lorenzo/code/dynus_lite/dynus_lite_ws/install/gazebo_msgs/include/gazebo_msgs/gazebo_msgs/msg/detail/entity_state__functions.h
[139.978s] -- Installing: /home/lorenzo/code/dynus_lite/dynus_lite_ws/install/gazebo_msgs/include/gazebo_msgs/gazebo_msgs/msg/detail/link_state__struct.h
[139.978s] -- Installing: /home/lorenzo/code/dynus_lite/dynus_lite_ws/install/gazebo_msgs/include/gazebo_msgs/gazebo_msgs/msg/detail/ode_joint_properties__functions.c
[139.978s] -- Installing: /home/lorenzo/code/dynus_lite/dynus_lite_ws/install/gazebo_msgs/include/gazebo_msgs/gazebo_msgs/msg/detail/wheel_slip__struct.h
[139.978s] -- Installing: /home/lorenzo/code/dynus_lite/dynus_lite_ws/install/gazebo_msgs/include/gazebo_msgs/gazebo_msgs/msg/detail/performance_metrics__struct.h
[139.978s] -- Installing: /home/lorenzo/code/dynus_lite/dynus_lite_ws/install/gazebo_msgs/include/gazebo_msgs/gazebo_msgs/msg/detail/ode_physics__functions.h
[139.979s] -- Installing: /home/lorenzo/code/dynus_lite/dynus_lite_ws/install/gazebo_msgs/include/gazebo_msgs/gazebo_msgs/msg/detail/link_state__functions.c
[139.979s] -- Installing: /home/lorenzo/code/dynus_lite/dynus_lite_ws/install/gazebo_msgs/include/gazebo_msgs/gazebo_msgs/msg/detail/contacts_state__functions.h
[139.979s] -- Installing: /home/lorenzo/code/dynus_lite/dynus_lite_ws/install/gazebo_msgs/include/gazebo_msgs/gazebo_msgs/msg/detail/link_state__type_support.h
[139.979s] -- Installing: /home/lorenzo/code/dynus_lite/dynus_lite_ws/install/gazebo_msgs/include/gazebo_msgs/gazebo_msgs/msg/detail/entity_state__type_support.h
[139.979s] -- Installing: /home/lorenzo/code/dynus_lite/dynus_lite_ws/install/gazebo_msgs/include/gazebo_msgs/gazebo_msgs/msg/detail/contact_state__type_support.h
[139.979s] -- Installing: /home/lorenzo/code/dynus_lite/dynus_lite_ws/install/gazebo_msgs/include/gazebo_msgs/gazebo_msgs/msg/detail/sensor_performance_metric__functions.c
[139.980s] -- Installing: /home/lorenzo/code/dynus_lite/dynus_lite_ws/install/gazebo_msgs/include/gazebo_msgs/gazebo_msgs/msg/detail/performance_metrics__type_support.h
[139.980s] -- Installing: /home/lorenzo/code/dynus_lite/dynus_lite_ws/install/gazebo_msgs/include/gazebo_msgs/gazebo_msgs/msg/detail/contact_state__functions.h
[139.980s] -- Installing: /home/lorenzo/code/dynus_lite/dynus_lite_ws/install/gazebo_msgs/include/gazebo_msgs/gazebo_msgs/msg/detail/world_state__struct.h
[139.980s] -- Installing: /home/lorenzo/code/dynus_lite/dynus_lite_ws/install/gazebo_msgs/include/gazebo_msgs/gazebo_msgs/msg/detail/model_states__type_support.h
[139.980s] -- Installing: /home/lorenzo/code/dynus_lite/dynus_lite_ws/install/gazebo_msgs/include/gazebo_msgs/gazebo_msgs/msg/detail/link_states__struct.h
[139.980s] -- Installing: /home/lorenzo/code/dynus_lite/dynus_lite_ws/install/gazebo_msgs/include/gazebo_msgs/gazebo_msgs/msg/detail/wheel_slip__functions.h
[139.981s] -- Installing: /home/lorenzo/code/dynus_lite/dynus_lite_ws/install/gazebo_msgs/include/gazebo_msgs/gazebo_msgs/msg/detail/sensor_performance_metric__functions.h
[139.981s] -- Installing: /home/lorenzo/code/dynus_lite/dynus_lite_ws/install/gazebo_msgs/include/gazebo_msgs/gazebo_msgs/msg/detail/ode_joint_properties__type_support.h
[139.981s] -- Installing: /home/lorenzo/code/dynus_lite/dynus_lite_ws/install/gazebo_msgs/include/gazebo_msgs/gazebo_msgs/msg/detail/link_states__functions.c
[139.981s] -- Installing: /home/lorenzo/code/dynus_lite/dynus_lite_ws/install/gazebo_msgs/include/gazebo_msgs/gazebo_msgs/msg/detail/entity_state__functions.c
[139.981s] -- Installing: /home/lorenzo/code/dynus_lite/dynus_lite_ws/install/gazebo_msgs/include/gazebo_msgs/gazebo_msgs/msg/detail/world_state__type_support.h
[139.981s] -- Installing: /home/lorenzo/code/dynus_lite/dynus_lite_ws/install/gazebo_msgs/include/gazebo_msgs/gazebo_msgs/msg/detail/wheel_slip__type_support.h
[139.982s] -- Installing: /home/lorenzo/code/dynus_lite/dynus_lite_ws/install/gazebo_msgs/include/gazebo_msgs/gazebo_msgs/msg/detail/wheel_slip__functions.c
[139.982s] -- Installing: /home/lorenzo/code/dynus_lite/dynus_lite_ws/install/gazebo_msgs/include/gazebo_msgs/gazebo_msgs/msg/detail/world_state__functions.c
[139.982s] -- Installing: /home/lorenzo/code/dynus_lite/dynus_lite_ws/install/gazebo_msgs/include/gazebo_msgs/gazebo_msgs/msg/detail/model_state__functions.c
[139.982s] -- Installing: /home/lorenzo/code/dynus_lite/dynus_lite_ws/install/gazebo_msgs/include/gazebo_msgs/gazebo_msgs/msg/detail/ode_physics__struct.h
[139.982s] -- Installing: /home/lorenzo/code/dynus_lite/dynus_lite_ws/install/gazebo_msgs/include/gazebo_msgs/gazebo_msgs/msg/detail/sensor_performance_metric__type_support.h
[139.982s] -- Installing: /home/lorenzo/code/dynus_lite/dynus_lite_ws/install/gazebo_msgs/include/gazebo_msgs/gazebo_msgs/msg/detail/model_state__struct.h
[139.983s] -- Installing: /home/lorenzo/code/dynus_lite/dynus_lite_ws/install/gazebo_msgs/include/gazebo_msgs/gazebo_msgs/msg/detail/ode_joint_properties__struct.h
[139.983s] -- Installing: /home/lorenzo/code/dynus_lite/dynus_lite_ws/install/gazebo_msgs/include/gazebo_msgs/gazebo_msgs/msg/detail/contacts_state__struct.h
[139.983s] -- Installing: /home/lorenzo/code/dynus_lite/dynus_lite_ws/install/gazebo_msgs/include/gazebo_msgs/gazebo_msgs/msg/detail/model_state__functions.h
[139.983s] -- Installing: /home/lorenzo/code/dynus_lite/dynus_lite_ws/install/gazebo_msgs/include/gazebo_msgs/gazebo_msgs/msg/detail/performance_metrics__functions.c
[139.983s] -- Installing: /home/lorenzo/code/dynus_lite/dynus_lite_ws/install/gazebo_msgs/include/gazebo_msgs/gazebo_msgs/msg/detail/link_states__type_support.h
[139.984s] -- Installing: /home/lorenzo/code/dynus_lite/dynus_lite_ws/install/gazebo_msgs/include/gazebo_msgs/gazebo_msgs/msg/detail/contact_state__functions.c
[139.984s] -- Installing: /home/lorenzo/code/dynus_lite/dynus_lite_ws/install/gazebo_msgs/include/gazebo_msgs/gazebo_msgs/msg/detail/model_state__type_support.h
[139.984s] -- Installing: /home/lorenzo/code/dynus_lite/dynus_lite_ws/install/gazebo_msgs/include/gazebo_msgs/gazebo_msgs/msg/detail/ode_joint_properties__functions.h
[139.984s] -- Installing: /home/lorenzo/code/dynus_lite/dynus_lite_ws/install/gazebo_msgs/include/gazebo_msgs/gazebo_msgs/msg/detail/model_states__struct.h
[139.984s] -- Installing: /home/lorenzo/code/dynus_lite/dynus_lite_ws/install/gazebo_msgs/include/gazebo_msgs/gazebo_msgs/msg/detail/performance_metrics__functions.h
[139.984s] -- Installing: /home/lorenzo/code/dynus_lite/dynus_lite_ws/install/gazebo_msgs/include/gazebo_msgs/gazebo_msgs/msg/detail/sensor_performance_metric__struct.h
[139.985s] -- Installing: /home/lorenzo/code/dynus_lite/dynus_lite_ws/install/gazebo_msgs/include/gazebo_msgs/gazebo_msgs/msg/detail/ode_physics__type_support.h
[139.985s] -- Installing: /home/lorenzo/code/dynus_lite/dynus_lite_ws/install/gazebo_msgs/include/gazebo_msgs/gazebo_msgs/msg/detail/model_states__functions.h
[139.985s] -- Installing: /home/lorenzo/code/dynus_lite/dynus_lite_ws/install/gazebo_msgs/include/gazebo_msgs/gazebo_msgs/msg/detail/world_state__functions.h
[139.985s] -- Installing: /home/lorenzo/code/dynus_lite/dynus_lite_ws/install/gazebo_msgs/include/gazebo_msgs/gazebo_msgs/msg/detail/link_states__functions.h
[139.985s] -- Installing: /home/lorenzo/code/dynus_lite/dynus_lite_ws/install/gazebo_msgs/include/gazebo_msgs/gazebo_msgs/msg/detail/contacts_state__functions.c
[139.985s] -- Installing: /home/lorenzo/code/dynus_lite/dynus_lite_ws/install/gazebo_msgs/include/gazebo_msgs/gazebo_msgs/msg/detail/contacts_state__type_support.h
[139.986s] -- Installing: /home/lorenzo/code/dynus_lite/dynus_lite_ws/install/gazebo_msgs/include/gazebo_msgs/gazebo_msgs/msg/detail/contact_state__struct.h
[139.986s] -- Installing: /home/lorenzo/code/dynus_lite/dynus_lite_ws/install/gazebo_msgs/include/gazebo_msgs/gazebo_msgs/msg/detail/model_states__functions.c
[139.986s] -- Installing: /home/lorenzo/code/dynus_lite/dynus_lite_ws/install/gazebo_msgs/include/gazebo_msgs/gazebo_msgs/msg/detail/entity_state__struct.h
[139.986s] -- Installing: /home/lorenzo/code/dynus_lite/dynus_lite_ws/install/gazebo_msgs/include/gazebo_msgs/gazebo_msgs/msg/detail/link_state__functions.h
[139.986s] -- Installing: /home/lorenzo/code/dynus_lite/dynus_lite_ws/install/gazebo_msgs/include/gazebo_msgs/gazebo_msgs/msg/link_states.h
[139.986s] -- Installing: /home/lorenzo/code/dynus_lite/dynus_lite_ws/install/gazebo_msgs/include/gazebo_msgs/gazebo_msgs/msg/rosidl_generator_c__visibility_control.h
[139.986s] -- Installing: /home/lorenzo/code/dynus_lite/dynus_lite_ws/install/gazebo_msgs/include/gazebo_msgs/gazebo_msgs/msg/contacts_state.h
[139.987s] -- Installing: /home/lorenzo/code/dynus_lite/dynus_lite_ws/install/gazebo_msgs/include/gazebo_msgs/gazebo_msgs/msg/ode_physics.h
[139.987s] -- Installing: /home/lorenzo/code/dynus_lite/dynus_lite_ws/install/gazebo_msgs/include/gazebo_msgs/gazebo_msgs/msg/link_state.h
[139.987s] -- Installing: /home/lorenzo/code/dynus_lite/dynus_lite_ws/install/gazebo_msgs/include/gazebo_msgs/gazebo_msgs/msg/entity_state.h
[139.987s] -- Installing: /home/lorenzo/code/dynus_lite/dynus_lite_ws/install/gazebo_msgs/include/gazebo_msgs/gazebo_msgs/msg/model_state.h
[139.987s] -- Installing: /home/lorenzo/code/dynus_lite/dynus_lite_ws/install/gazebo_msgs/include/gazebo_msgs/gazebo_msgs/msg/performance_metrics.h
[139.987s] -- Installing: /home/lorenzo/code/dynus_lite/dynus_lite_ws/install/gazebo_msgs/include/gazebo_msgs/gazebo_msgs/msg/model_states.h
[139.988s] -- Installing: /home/lorenzo/code/dynus_lite/dynus_lite_ws/install/gazebo_msgs/include/gazebo_msgs/gazebo_msgs/msg/world_state.h
[139.988s] -- Installing: /home/lorenzo/code/dynus_lite/dynus_lite_ws/install/gazebo_msgs/include/gazebo_msgs/gazebo_msgs/msg/ode_joint_properties.h
[139.988s] -- Installing: /home/lorenzo/code/dynus_lite/dynus_lite_ws/install/gazebo_msgs/include/gazebo_msgs/gazebo_msgs/msg/sensor_performance_metric.h
[139.988s] -- Installing: /home/lorenzo/code/dynus_lite/dynus_lite_ws/install/gazebo_msgs/share/gazebo_msgs/environment/library_path.sh
[139.988s] -- Installing: /home/lorenzo/code/dynus_lite/dynus_lite_ws/install/gazebo_msgs/share/gazebo_msgs/environment/library_path.dsv
[139.988s] -- Installing: /home/lorenzo/code/dynus_lite/dynus_lite_ws/install/gazebo_msgs/lib/libgazebo_msgs__rosidl_generator_c.so
[139.989s] -- Set runtime path of "/home/lorenzo/code/dynus_lite/dynus_lite_ws/install/gazebo_msgs/lib/libgazebo_msgs__rosidl_generator_c.so" to ""
[139.989s] -- Up-to-date: /home/lorenzo/code/dynus_lite/dynus_lite_ws/install/gazebo_msgs/include/gazebo_msgs/gazebo_msgs
[139.989s] -- Up-to-date: /home/lorenzo/code/dynus_lite/dynus_lite_ws/install/gazebo_msgs/include/gazebo_msgs/gazebo_msgs/srv
[139.989s] -- Up-to-date: /home/lorenzo/code/dynus_lite/dynus_lite_ws/install/gazebo_msgs/include/gazebo_msgs/gazebo_msgs/srv/detail
[139.989s] -- Installing: /home/lorenzo/code/dynus_lite/dynus_lite_ws/install/gazebo_msgs/include/gazebo_msgs/gazebo_msgs/srv/detail/apply_link_wrench__rosidl_typesupport_fastrtps_c.h
[139.989s] -- Installing: /home/lorenzo/code/dynus_lite/dynus_lite_ws/install/gazebo_msgs/include/gazebo_msgs/gazebo_msgs/srv/detail/get_link_state__rosidl_typesupport_fastrtps_c.h
[139.989s] -- Installing: /home/lorenzo/code/dynus_lite/dynus_lite_ws/install/gazebo_msgs/include/gazebo_msgs/gazebo_msgs/srv/detail/get_model_state__rosidl_typesupport_fastrtps_c.h
[139.990s] -- Installing: /home/lorenzo/code/dynus_lite/dynus_lite_ws/install/gazebo_msgs/include/gazebo_msgs/gazebo_msgs/srv/detail/get_model_list__rosidl_typesupport_fastrtps_c.h
[139.990s] -- Installing: /home/lorenzo/code/dynus_lite/dynus_lite_ws/install/gazebo_msgs/include/gazebo_msgs/gazebo_msgs/srv/detail/joint_request__rosidl_typesupport_fastrtps_c.h
[139.990s] -- Installing: /home/lorenzo/code/dynus_lite/dynus_lite_ws/install/gazebo_msgs/include/gazebo_msgs/gazebo_msgs/srv/detail/apply_joint_effort__rosidl_typesupport_fastrtps_c.h
[139.990s] -- Installing: /home/lorenzo/code/dynus_lite/dynus_lite_ws/install/gazebo_msgs/include/gazebo_msgs/gazebo_msgs/srv/detail/get_physics_properties__rosidl_typesupport_fastrtps_c.h
[139.990s] -- Installing: /home/lorenzo/code/dynus_lite/dynus_lite_ws/install/gazebo_msgs/include/gazebo_msgs/gazebo_msgs/srv/detail/set_model_configuration__rosidl_typesupport_fastrtps_c.h
[139.990s] -- Installing: /home/lorenzo/code/dynus_lite/dynus_lite_ws/install/gazebo_msgs/include/gazebo_msgs/gazebo_msgs/srv/detail/get_model_properties__rosidl_typesupport_fastrtps_c.h
[139.990s] -- Installing: /home/lorenzo/code/dynus_lite/dynus_lite_ws/install/gazebo_msgs/include/gazebo_msgs/gazebo_msgs/srv/detail/set_model_state__rosidl_typesupport_fastrtps_c.h
[139.991s] -- Installing: /home/lorenzo/code/dynus_lite/dynus_lite_ws/install/gazebo_msgs/include/gazebo_msgs/gazebo_msgs/srv/detail/get_link_properties__rosidl_typesupport_fastrtps_c.h
[139.991s] -- Installing: /home/lorenzo/code/dynus_lite/dynus_lite_ws/install/gazebo_msgs/include/gazebo_msgs/gazebo_msgs/srv/detail/spawn_model__rosidl_typesupport_fastrtps_c.h
[139.991s] -- Installing: /home/lorenzo/code/dynus_lite/dynus_lite_ws/install/gazebo_msgs/include/gazebo_msgs/gazebo_msgs/srv/detail/body_request__rosidl_typesupport_fastrtps_c.h
[139.991s] -- Installing: /home/lorenzo/code/dynus_lite/dynus_lite_ws/install/gazebo_msgs/include/gazebo_msgs/gazebo_msgs/srv/detail/get_entity_state__rosidl_typesupport_fastrtps_c.h
[139.991s] -- Installing: /home/lorenzo/code/dynus_lite/dynus_lite_ws/install/gazebo_msgs/include/gazebo_msgs/gazebo_msgs/srv/detail/apply_body_wrench__rosidl_typesupport_fastrtps_c.h
[139.991s] -- Installing: /home/lorenzo/code/dynus_lite/dynus_lite_ws/install/gazebo_msgs/include/gazebo_msgs/gazebo_msgs/srv/detail/delete_entity__rosidl_typesupport_fastrtps_c.h
[139.992s] -- Installing: /home/lorenzo/code/dynus_lite/dynus_lite_ws/install/gazebo_msgs/include/gazebo_msgs/gazebo_msgs/srv/detail/spawn_entity__rosidl_typesupport_fastrtps_c.h
[139.992s] -- Installing: /home/lorenzo/code/dynus_lite/dynus_lite_ws/install/gazebo_msgs/include/gazebo_msgs/gazebo_msgs/srv/detail/set_link_properties__rosidl_typesupport_fastrtps_c.h
[139.992s] -- Installing: /home/lorenzo/code/dynus_lite/dynus_lite_ws/install/gazebo_msgs/include/gazebo_msgs/gazebo_msgs/srv/detail/get_joint_properties__rosidl_typesupport_fastrtps_c.h
[139.992s] -- Installing: /home/lorenzo/code/dynus_lite/dynus_lite_ws/install/gazebo_msgs/include/gazebo_msgs/gazebo_msgs/srv/detail/delete_light__rosidl_typesupport_fastrtps_c.h
[139.992s] -- Installing: /home/lorenzo/code/dynus_lite/dynus_lite_ws/install/gazebo_msgs/include/gazebo_msgs/gazebo_msgs/srv/detail/set_light_properties__rosidl_typesupport_fastrtps_c.h
[139.992s] -- Installing: /home/lorenzo/code/dynus_lite/dynus_lite_ws/install/gazebo_msgs/include/gazebo_msgs/gazebo_msgs/srv/detail/set_joint_properties__rosidl_typesupport_fastrtps_c.h
[139.993s] -- Installing: /home/lorenzo/code/dynus_lite/dynus_lite_ws/install/gazebo_msgs/include/gazebo_msgs/gazebo_msgs/srv/detail/get_light_properties__rosidl_typesupport_fastrtps_c.h
[139.993s] -- Installing: /home/lorenzo/code/dynus_lite/dynus_lite_ws/install/gazebo_msgs/include/gazebo_msgs/gazebo_msgs/srv/detail/set_joint_trajectory__rosidl_typesupport_fastrtps_c.h
[139.993s] -- Installing: /home/lorenzo/code/dynus_lite/dynus_lite_ws/install/gazebo_msgs/include/gazebo_msgs/gazebo_msgs/srv/detail/set_link_state__rosidl_typesupport_fastrtps_c.h
[139.993s] -- Installing: /home/lorenzo/code/dynus_lite/dynus_lite_ws/install/gazebo_msgs/include/gazebo_msgs/gazebo_msgs/srv/detail/set_physics_properties__rosidl_typesupport_fastrtps_c.h
[139.993s] -- Installing: /home/lorenzo/code/dynus_lite/dynus_lite_ws/install/gazebo_msgs/include/gazebo_msgs/gazebo_msgs/srv/detail/set_entity_state__rosidl_typesupport_fastrtps_c.h
[139.993s] -- Installing: /home/lorenzo/code/dynus_lite/dynus_lite_ws/install/gazebo_msgs/include/gazebo_msgs/gazebo_msgs/srv/detail/link_request__rosidl_typesupport_fastrtps_c.h
[139.993s] -- Installing: /home/lorenzo/code/dynus_lite/dynus_lite_ws/install/gazebo_msgs/include/gazebo_msgs/gazebo_msgs/srv/detail/get_world_properties__rosidl_typesupport_fastrtps_c.h
[139.994s] -- Installing: /home/lorenzo/code/dynus_lite/dynus_lite_ws/install/gazebo_msgs/include/gazebo_msgs/gazebo_msgs/srv/detail/delete_model__rosidl_typesupport_fastrtps_c.h
[139.994s] -- Up-to-date: /home/lorenzo/code/dynus_lite/dynus_lite_ws/install/gazebo_msgs/include/gazebo_msgs/gazebo_msgs/msg
[139.994s] -- Installing: /home/lorenzo/code/dynus_lite/dynus_lite_ws/install/gazebo_msgs/include/gazebo_msgs/gazebo_msgs/msg/rosidl_typesupport_fastrtps_c__visibility_control.h
[139.994s] -- Up-to-date: /home/lorenzo/code/dynus_lite/dynus_lite_ws/install/gazebo_msgs/include/gazebo_msgs/gazebo_msgs/msg/detail
[139.994s] -- Installing: /home/lorenzo/code/dynus_lite/dynus_lite_ws/install/gazebo_msgs/include/gazebo_msgs/gazebo_msgs/msg/detail/model_states__rosidl_typesupport_fastrtps_c.h
[139.994s] -- Installing: /home/lorenzo/code/dynus_lite/dynus_lite_ws/install/gazebo_msgs/include/gazebo_msgs/gazebo_msgs/msg/detail/wheel_slip__rosidl_typesupport_fastrtps_c.h
[139.995s] -- Installing: /home/lorenzo/code/dynus_lite/dynus_lite_ws/install/gazebo_msgs/include/gazebo_msgs/gazebo_msgs/msg/detail/contacts_state__rosidl_typesupport_fastrtps_c.h
[139.995s] -- Installing: /home/lorenzo/code/dynus_lite/dynus_lite_ws/install/gazebo_msgs/include/gazebo_msgs/gazebo_msgs/msg/detail/sensor_performance_metric__rosidl_typesupport_fastrtps_c.h
[139.995s] -- Installing: /home/lorenzo/code/dynus_lite/dynus_lite_ws/install/gazebo_msgs/include/gazebo_msgs/gazebo_msgs/msg/detail/entity_state__rosidl_typesupport_fastrtps_c.h
[139.995s] -- Installing: /home/lorenzo/code/dynus_lite/dynus_lite_ws/install/gazebo_msgs/include/gazebo_msgs/gazebo_msgs/msg/detail/ode_physics__rosidl_typesupport_fastrtps_c.h
[139.995s] -- Installing: /home/lorenzo/code/dynus_lite/dynus_lite_ws/install/gazebo_msgs/include/gazebo_msgs/gazebo_msgs/msg/detail/world_state__rosidl_typesupport_fastrtps_c.h
[139.995s] -- Installing: /home/lorenzo/code/dynus_lite/dynus_lite_ws/install/gazebo_msgs/include/gazebo_msgs/gazebo_msgs/msg/detail/performance_metrics__rosidl_typesupport_fastrtps_c.h
[139.996s] -- Installing: /home/lorenzo/code/dynus_lite/dynus_lite_ws/install/gazebo_msgs/include/gazebo_msgs/gazebo_msgs/msg/detail/contact_state__rosidl_typesupport_fastrtps_c.h
[139.996s] -- Installing: /home/lorenzo/code/dynus_lite/dynus_lite_ws/install/gazebo_msgs/include/gazebo_msgs/gazebo_msgs/msg/detail/model_state__rosidl_typesupport_fastrtps_c.h
[139.996s] -- Installing: /home/lorenzo/code/dynus_lite/dynus_lite_ws/install/gazebo_msgs/include/gazebo_msgs/gazebo_msgs/msg/detail/ode_joint_properties__rosidl_typesupport_fastrtps_c.h
[139.996s] -- Installing: /home/lorenzo/code/dynus_lite/dynus_lite_ws/install/gazebo_msgs/include/gazebo_msgs/gazebo_msgs/msg/detail/link_state__rosidl_typesupport_fastrtps_c.h
[139.996s] -- Installing: /home/lorenzo/code/dynus_lite/dynus_lite_ws/install/gazebo_msgs/include/gazebo_msgs/gazebo_msgs/msg/detail/link_states__rosidl_typesupport_fastrtps_c.h
[139.996s] -- Installing: /home/lorenzo/code/dynus_lite/dynus_lite_ws/install/gazebo_msgs/lib/libgazebo_msgs__rosidl_typesupport_fastrtps_c.so
[139.996s] -- Set runtime path of "/home/lorenzo/code/dynus_lite/dynus_lite_ws/install/gazebo_msgs/lib/libgazebo_msgs__rosidl_typesupport_fastrtps_c.so" to ""
[139.996s] -- Up-to-date: /home/lorenzo/code/dynus_lite/dynus_lite_ws/install/gazebo_msgs/include/gazebo_msgs/gazebo_msgs
[139.997s] -- Up-to-date: /home/lorenzo/code/dynus_lite/dynus_lite_ws/install/gazebo_msgs/include/gazebo_msgs/gazebo_msgs/srv
[139.997s] -- Installing: /home/lorenzo/code/dynus_lite/dynus_lite_ws/install/gazebo_msgs/include/gazebo_msgs/gazebo_msgs/srv/get_model_state.hpp
[139.997s] -- Installing: /home/lorenzo/code/dynus_lite/dynus_lite_ws/install/gazebo_msgs/include/gazebo_msgs/gazebo_msgs/srv/get_world_properties.hpp
[139.997s] -- Installing: /home/lorenzo/code/dynus_lite/dynus_lite_ws/install/gazebo_msgs/include/gazebo_msgs/gazebo_msgs/srv/get_link_properties.hpp
[139.997s] -- Installing: /home/lorenzo/code/dynus_lite/dynus_lite_ws/install/gazebo_msgs/include/gazebo_msgs/gazebo_msgs/srv/get_entity_state.hpp
[139.997s] -- Installing: /home/lorenzo/code/dynus_lite/dynus_lite_ws/install/gazebo_msgs/include/gazebo_msgs/gazebo_msgs/srv/apply_link_wrench.hpp
[139.997s] -- Up-to-date: /home/lorenzo/code/dynus_lite/dynus_lite_ws/install/gazebo_msgs/include/gazebo_msgs/gazebo_msgs/srv/detail
[139.998s] -- Installing: /home/lorenzo/code/dynus_lite/dynus_lite_ws/install/gazebo_msgs/include/gazebo_msgs/gazebo_msgs/srv/detail/apply_link_wrench__struct.hpp
[139.998s] -- Installing: /home/lorenzo/code/dynus_lite/dynus_lite_ws/install/gazebo_msgs/include/gazebo_msgs/gazebo_msgs/srv/detail/spawn_model__type_support.hpp
[139.998s] -- Installing: /home/lorenzo/code/dynus_lite/dynus_lite_ws/install/gazebo_msgs/include/gazebo_msgs/gazebo_msgs/srv/detail/get_link_properties__builder.hpp
[139.998s] -- Installing: /home/lorenzo/code/dynus_lite/dynus_lite_ws/install/gazebo_msgs/include/gazebo_msgs/gazebo_msgs/srv/detail/get_entity_state__type_support.hpp
[139.998s] -- Installing: /home/lorenzo/code/dynus_lite/dynus_lite_ws/install/gazebo_msgs/include/gazebo_msgs/gazebo_msgs/srv/detail/get_physics_properties__builder.hpp
[139.998s] -- Installing: /home/lorenzo/code/dynus_lite/dynus_lite_ws/install/gazebo_msgs/include/gazebo_msgs/gazebo_msgs/srv/detail/set_entity_state__struct.hpp
[139.999s] -- Installing: /home/lorenzo/code/dynus_lite/dynus_lite_ws/install/gazebo_msgs/include/gazebo_msgs/gazebo_msgs/srv/detail/get_light_properties__struct.hpp
[139.999s] -- Installing: /home/lorenzo/code/dynus_lite/dynus_lite_ws/install/gazebo_msgs/include/gazebo_msgs/gazebo_msgs/srv/detail/joint_request__struct.hpp
[139.999s] -- Installing: /home/lorenzo/code/dynus_lite/dynus_lite_ws/install/gazebo_msgs/include/gazebo_msgs/gazebo_msgs/srv/detail/set_entity_state__builder.hpp
[139.999s] -- Installing: /home/lorenzo/code/dynus_lite/dynus_lite_ws/install/gazebo_msgs/include/gazebo_msgs/gazebo_msgs/srv/detail/delete_model__builder.hpp
[139.999s] -- Installing: /home/lorenzo/code/dynus_lite/dynus_lite_ws/install/gazebo_msgs/include/gazebo_msgs/gazebo_msgs/srv/detail/spawn_model__struct.hpp
[139.999s] -- Installing: /home/lorenzo/code/dynus_lite/dynus_lite_ws/install/gazebo_msgs/include/gazebo_msgs/gazebo_msgs/srv/detail/set_model_configuration__type_support.hpp
[140.000s] -- Installing: /home/lorenzo/code/dynus_lite/dynus_lite_ws/install/gazebo_msgs/include/gazebo_msgs/gazebo_msgs/srv/detail/get_link_state__type_support.hpp
[140.000s] -- Installing: /home/lorenzo/code/dynus_lite/dynus_lite_ws/install/gazebo_msgs/include/gazebo_msgs/gazebo_msgs/srv/detail/spawn_entity__builder.hpp
[140.000s] -- Installing: /home/lorenzo/code/dynus_lite/dynus_lite_ws/install/gazebo_msgs/include/gazebo_msgs/gazebo_msgs/srv/detail/body_request__type_support.hpp
[140.000s] -- Installing: /home/lorenzo/code/dynus_lite/dynus_lite_ws/install/gazebo_msgs/include/gazebo_msgs/gazebo_msgs/srv/detail/get_physics_properties__type_support.hpp
[140.000s] -- Installing: /home/lorenzo/code/dynus_lite/dynus_lite_ws/install/gazebo_msgs/include/gazebo_msgs/gazebo_msgs/srv/detail/delete_model__traits.hpp
[140.000s] -- Installing: /home/lorenzo/code/dynus_lite/dynus_lite_ws/install/gazebo_msgs/include/gazebo_msgs/gazebo_msgs/srv/detail/apply_link_wrench__traits.hpp
[140.000s] -- Installing: /home/lorenzo/code/dynus_lite/dynus_lite_ws/install/gazebo_msgs/include/gazebo_msgs/gazebo_msgs/srv/detail/get_light_properties__traits.hpp
[140.001s] -- Installing: /home/lorenzo/code/dynus_lite/dynus_lite_ws/install/gazebo_msgs/include/gazebo_msgs/gazebo_msgs/srv/detail/get_model_state__type_support.hpp
[140.001s] -- Installing: /home/lorenzo/code/dynus_lite/dynus_lite_ws/install/gazebo_msgs/include/gazebo_msgs/gazebo_msgs/srv/detail/delete_model__struct.hpp
[140.001s] -- Installing: /home/lorenzo/code/dynus_lite/dynus_lite_ws/install/gazebo_msgs/include/gazebo_msgs/gazebo_msgs/srv/detail/get_model_list__traits.hpp
[140.001s] -- Installing: /home/lorenzo/code/dynus_lite/dynus_lite_ws/install/gazebo_msgs/include/gazebo_msgs/gazebo_msgs/srv/detail/get_link_properties__traits.hpp
[140.001s] -- Installing: /home/lorenzo/code/dynus_lite/dynus_lite_ws/install/gazebo_msgs/include/gazebo_msgs/gazebo_msgs/srv/detail/set_link_state__traits.hpp
[140.001s] -- Installing: /home/lorenzo/code/dynus_lite/dynus_lite_ws/install/gazebo_msgs/include/gazebo_msgs/gazebo_msgs/srv/detail/set_joint_properties__type_support.hpp
[140.002s] -- Installing: /home/lorenzo/code/dynus_lite/dynus_lite_ws/install/gazebo_msgs/include/gazebo_msgs/gazebo_msgs/srv/detail/get_model_properties__struct.hpp
[140.002s] -- Installing: /home/lorenzo/code/dynus_lite/dynus_lite_ws/install/gazebo_msgs/include/gazebo_msgs/gazebo_msgs/srv/detail/get_model_state__traits.hpp
[140.002s] -- Installing: /home/lorenzo/code/dynus_lite/dynus_lite_ws/install/gazebo_msgs/include/gazebo_msgs/gazebo_msgs/srv/detail/set_light_properties__builder.hpp
[140.002s] -- Installing: /home/lorenzo/code/dynus_lite/dynus_lite_ws/install/gazebo_msgs/include/gazebo_msgs/gazebo_msgs/srv/detail/get_entity_state__builder.hpp
[140.002s] -- Installing: /home/lorenzo/code/dynus_lite/dynus_lite_ws/install/gazebo_msgs/include/gazebo_msgs/gazebo_msgs/srv/detail/set_link_properties__struct.hpp
[140.002s] -- Installing: /home/lorenzo/code/dynus_lite/dynus_lite_ws/install/gazebo_msgs/include/gazebo_msgs/gazebo_msgs/srv/detail/get_link_properties__struct.hpp
[140.003s] -- Installing: /home/lorenzo/code/dynus_lite/dynus_lite_ws/install/gazebo_msgs/include/gazebo_msgs/gazebo_msgs/srv/detail/joint_request__builder.hpp
[140.003s] -- Installing: /home/lorenzo/code/dynus_lite/dynus_lite_ws/install/gazebo_msgs/include/gazebo_msgs/gazebo_msgs/srv/detail/delete_entity__traits.hpp
[140.003s] -- Installing: /home/lorenzo/code/dynus_lite/dynus_lite_ws/install/gazebo_msgs/include/gazebo_msgs/gazebo_msgs/srv/detail/spawn_model__traits.hpp
[140.003s] -- Installing: /home/lorenzo/code/dynus_lite/dynus_lite_ws/install/gazebo_msgs/include/gazebo_msgs/gazebo_msgs/srv/detail/set_model_configuration__traits.hpp
[140.003s] -- Installing: /home/lorenzo/code/dynus_lite/dynus_lite_ws/install/gazebo_msgs/include/gazebo_msgs/gazebo_msgs/srv/detail/set_physics_properties__builder.hpp
[140.003s] -- Installing: /home/lorenzo/code/dynus_lite/dynus_lite_ws/install/gazebo_msgs/include/gazebo_msgs/gazebo_msgs/srv/detail/get_model_properties__type_support.hpp
[140.004s] -- Installing: /home/lorenzo/code/dynus_lite/dynus_lite_ws/install/gazebo_msgs/include/gazebo_msgs/gazebo_msgs/srv/detail/get_link_properties__type_support.hpp
[140.004s] -- Installing: /home/lorenzo/code/dynus_lite/dynus_lite_ws/install/gazebo_msgs/include/gazebo_msgs/gazebo_msgs/srv/detail/joint_request__type_support.hpp
[140.004s] -- Installing: /home/lorenzo/code/dynus_lite/dynus_lite_ws/install/gazebo_msgs/include/gazebo_msgs/gazebo_msgs/srv/detail/set_link_properties__builder.hpp
[140.004s] -- Installing: /home/lorenzo/code/dynus_lite/dynus_lite_ws/install/gazebo_msgs/include/gazebo_msgs/gazebo_msgs/srv/detail/get_physics_properties__struct.hpp
[140.004s] -- Installing: /home/lorenzo/code/dynus_lite/dynus_lite_ws/install/gazebo_msgs/include/gazebo_msgs/gazebo_msgs/srv/detail/get_entity_state__traits.hpp
[140.004s] -- Installing: /home/lorenzo/code/dynus_lite/dynus_lite_ws/install/gazebo_msgs/include/gazebo_msgs/gazebo_msgs/srv/detail/delete_model__type_support.hpp
[140.004s] -- Installing: /home/lorenzo/code/dynus_lite/dynus_lite_ws/install/gazebo_msgs/include/gazebo_msgs/gazebo_msgs/srv/detail/delete_light__struct.hpp
[140.005s] -- Installing: /home/lorenzo/code/dynus_lite/dynus_lite_ws/install/gazebo_msgs/include/gazebo_msgs/gazebo_msgs/srv/detail/set_physics_properties__type_support.hpp
[140.005s] -- Installing: /home/lorenzo/code/dynus_lite/dynus_lite_ws/install/gazebo_msgs/include/gazebo_msgs/gazebo_msgs/srv/detail/get_world_properties__traits.hpp
[140.005s] -- Installing: /home/lorenzo/code/dynus_lite/dynus_lite_ws/install/gazebo_msgs/include/gazebo_msgs/gazebo_msgs/srv/detail/set_light_properties__struct.hpp
[140.005s] -- Installing: /home/lorenzo/code/dynus_lite/dynus_lite_ws/install/gazebo_msgs/include/gazebo_msgs/gazebo_msgs/srv/detail/apply_body_wrench__builder.hpp
[140.005s] -- Installing: /home/lorenzo/code/dynus_lite/dynus_lite_ws/install/gazebo_msgs/include/gazebo_msgs/gazebo_msgs/srv/detail/get_joint_properties__type_support.hpp
[140.005s] -- Installing: /home/lorenzo/code/dynus_lite/dynus_lite_ws/install/gazebo_msgs/include/gazebo_msgs/gazebo_msgs/srv/detail/get_world_properties__type_support.hpp
[140.005s] -- Installing: /home/lorenzo/code/dynus_lite/dynus_lite_ws/install/gazebo_msgs/include/gazebo_msgs/gazebo_msgs/srv/detail/get_model_list__builder.hpp
[140.006s] -- Installing: /home/lorenzo/code/dynus_lite/dynus_lite_ws/install/gazebo_msgs/include/gazebo_msgs/gazebo_msgs/srv/detail/apply_joint_effort__type_support.hpp
[140.006s] -- Installing: /home/lorenzo/code/dynus_lite/dynus_lite_ws/install/gazebo_msgs/include/gazebo_msgs/gazebo_msgs/srv/detail/set_joint_trajectory__traits.hpp
[140.006s] -- Installing: /home/lorenzo/code/dynus_lite/dynus_lite_ws/install/gazebo_msgs/include/gazebo_msgs/gazebo_msgs/srv/detail/set_light_properties__traits.hpp
[140.006s] -- Installing: /home/lorenzo/code/dynus_lite/dynus_lite_ws/install/gazebo_msgs/include/gazebo_msgs/gazebo_msgs/srv/detail/get_model_properties__builder.hpp
[140.006s] -- Installing: /home/lorenzo/code/dynus_lite/dynus_lite_ws/install/gazebo_msgs/include/gazebo_msgs/gazebo_msgs/srv/detail/set_entity_state__traits.hpp
[140.007s] -- Installing: /home/lorenzo/code/dynus_lite/dynus_lite_ws/install/gazebo_msgs/include/gazebo_msgs/gazebo_msgs/srv/detail/get_light_properties__builder.hpp
[140.007s] -- Installing: /home/lorenzo/code/dynus_lite/dynus_lite_ws/install/gazebo_msgs/include/gazebo_msgs/gazebo_msgs/srv/detail/apply_link_wrench__type_support.hpp
[140.007s] -- Installing: /home/lorenzo/code/dynus_lite/dynus_lite_ws/install/gazebo_msgs/include/gazebo_msgs/gazebo_msgs/srv/detail/set_entity_state__type_support.hpp
[140.007s] -- Installing: /home/lorenzo/code/dynus_lite/dynus_lite_ws/install/gazebo_msgs/include/gazebo_msgs/gazebo_msgs/srv/detail/delete_entity__builder.hpp
[140.007s] -- Installing: /home/lorenzo/code/dynus_lite/dynus_lite_ws/install/gazebo_msgs/include/gazebo_msgs/gazebo_msgs/srv/detail/set_link_state__type_support.hpp
[140.007s] -- Installing: /home/lorenzo/code/dynus_lite/dynus_lite_ws/install/gazebo_msgs/include/gazebo_msgs/gazebo_msgs/srv/detail/set_model_state__type_support.hpp
[140.008s] -- Installing: /home/lorenzo/code/dynus_lite/dynus_lite_ws/install/gazebo_msgs/include/gazebo_msgs/gazebo_msgs/srv/detail/apply_body_wrench__struct.hpp
[140.008s] -- Installing: /home/lorenzo/code/dynus_lite/dynus_lite_ws/install/gazebo_msgs/include/gazebo_msgs/gazebo_msgs/srv/detail/get_model_state__struct.hpp
[140.008s] -- Installing: /home/lorenzo/code/dynus_lite/dynus_lite_ws/install/gazebo_msgs/include/gazebo_msgs/gazebo_msgs/srv/detail/set_link_state__struct.hpp
[140.008s] -- Installing: /home/lorenzo/code/dynus_lite/dynus_lite_ws/install/gazebo_msgs/include/gazebo_msgs/gazebo_msgs/srv/detail/link_request__traits.hpp
[140.008s] -- Installing: /home/lorenzo/code/dynus_lite/dynus_lite_ws/install/gazebo_msgs/include/gazebo_msgs/gazebo_msgs/srv/detail/get_world_properties__struct.hpp
[140.008s] -- Installing: /home/lorenzo/code/dynus_lite/dynus_lite_ws/install/gazebo_msgs/include/gazebo_msgs/gazebo_msgs/srv/detail/set_joint_trajectory__builder.hpp
[140.009s] -- Installing: /home/lorenzo/code/dynus_lite/dynus_lite_ws/install/gazebo_msgs/include/gazebo_msgs/gazebo_msgs/srv/detail/apply_joint_effort__struct.hpp
[140.009s] -- Installing: /home/lorenzo/code/dynus_lite/dynus_lite_ws/install/gazebo_msgs/include/gazebo_msgs/gazebo_msgs/srv/detail/get_joint_properties__traits.hpp
[140.009s] -- Installing: /home/lorenzo/code/dynus_lite/dynus_lite_ws/install/gazebo_msgs/include/gazebo_msgs/gazebo_msgs/srv/detail/set_light_properties__type_support.hpp
[140.009s] -- Installing: /home/lorenzo/code/dynus_lite/dynus_lite_ws/install/gazebo_msgs/include/gazebo_msgs/gazebo_msgs/srv/detail/body_request__traits.hpp
[140.009s] -- Installing: /home/lorenzo/code/dynus_lite/dynus_lite_ws/install/gazebo_msgs/include/gazebo_msgs/gazebo_msgs/srv/detail/set_joint_trajectory__struct.hpp
[140.010s] -- Installing: /home/lorenzo/code/dynus_lite/dynus_lite_ws/install/gazebo_msgs/include/gazebo_msgs/gazebo_msgs/srv/detail/spawn_entity__type_support.hpp
[140.010s] -- Installing: /home/lorenzo/code/dynus_lite/dynus_lite_ws/install/gazebo_msgs/include/gazebo_msgs/gazebo_msgs/srv/detail/get_world_properties__builder.hpp
[140.010s] -- Installing: /home/lorenzo/code/dynus_lite/dynus_lite_ws/install/gazebo_msgs/include/gazebo_msgs/gazebo_msgs/srv/detail/set_model_configuration__struct.hpp
[140.010s] -- Installing: /home/lorenzo/code/dynus_lite/dynus_lite_ws/install/gazebo_msgs/include/gazebo_msgs/gazebo_msgs/srv/detail/body_request__struct.hpp
[140.010s] -- Installing: /home/lorenzo/code/dynus_lite/dynus_lite_ws/install/gazebo_msgs/include/gazebo_msgs/gazebo_msgs/srv/detail/get_physics_properties__traits.hpp
[140.010s] -- Installing: /home/lorenzo/code/dynus_lite/dynus_lite_ws/install/gazebo_msgs/include/gazebo_msgs/gazebo_msgs/srv/detail/set_model_configuration__builder.hpp
[140.011s] -- Installing: /home/lorenzo/code/dynus_lite/dynus_lite_ws/install/gazebo_msgs/include/gazebo_msgs/gazebo_msgs/srv/detail/set_joint_properties__traits.hpp
[140.011s] -- Installing: /home/lorenzo/code/dynus_lite/dynus_lite_ws/install/gazebo_msgs/include/gazebo_msgs/gazebo_msgs/srv/detail/get_link_state__traits.hpp
[140.011s] -- Installing: /home/lorenzo/code/dynus_lite/dynus_lite_ws/install/gazebo_msgs/include/gazebo_msgs/gazebo_msgs/srv/detail/get_link_state__builder.hpp
[140.011s] -- Installing: /home/lorenzo/code/dynus_lite/dynus_lite_ws/install/gazebo_msgs/include/gazebo_msgs/gazebo_msgs/srv/detail/get_link_state__struct.hpp
[140.011s] -- Installing: /home/lorenzo/code/dynus_lite/dynus_lite_ws/install/gazebo_msgs/include/gazebo_msgs/gazebo_msgs/srv/detail/get_model_properties__traits.hpp
[140.011s] -- Installing: /home/lorenzo/code/dynus_lite/dynus_lite_ws/install/gazebo_msgs/include/gazebo_msgs/gazebo_msgs/srv/detail/joint_request__traits.hpp
[140.012s] -- Installing: /home/lorenzo/code/dynus_lite/dynus_lite_ws/install/gazebo_msgs/include/gazebo_msgs/gazebo_msgs/srv/detail/link_request__type_support.hpp
[140.012s] -- Installing: /home/lorenzo/code/dynus_lite/dynus_lite_ws/install/gazebo_msgs/include/gazebo_msgs/gazebo_msgs/srv/detail/get_light_properties__type_support.hpp
[140.012s] -- Installing: /home/lorenzo/code/dynus_lite/dynus_lite_ws/install/gazebo_msgs/include/gazebo_msgs/gazebo_msgs/srv/detail/get_entity_state__struct.hpp
[140.012s] -- Installing: /home/lorenzo/code/dynus_lite/dynus_lite_ws/install/gazebo_msgs/include/gazebo_msgs/gazebo_msgs/srv/detail/delete_light__type_support.hpp
[140.012s] -- Installing: /home/lorenzo/code/dynus_lite/dynus_lite_ws/install/gazebo_msgs/include/gazebo_msgs/gazebo_msgs/srv/detail/delete_light__builder.hpp
[140.012s] -- Installing: /home/lorenzo/code/dynus_lite/dynus_lite_ws/install/gazebo_msgs/include/gazebo_msgs/gazebo_msgs/srv/detail/set_link_properties__traits.hpp
[140.013s] -- Installing: /home/lorenzo/code/dynus_lite/dynus_lite_ws/install/gazebo_msgs/include/gazebo_msgs/gazebo_msgs/srv/detail/get_model_state__builder.hpp
[140.013s] -- Installing: /home/lorenzo/code/dynus_lite/dynus_lite_ws/install/gazebo_msgs/include/gazebo_msgs/gazebo_msgs/srv/detail/spawn_entity__struct.hpp
[140.013s] -- Installing: /home/lorenzo/code/dynus_lite/dynus_lite_ws/install/gazebo_msgs/include/gazebo_msgs/gazebo_msgs/srv/detail/get_model_list__struct.hpp
[140.013s] -- Installing: /home/lorenzo/code/dynus_lite/dynus_lite_ws/install/gazebo_msgs/include/gazebo_msgs/gazebo_msgs/srv/detail/set_model_state__struct.hpp
[140.013s] -- Installing: /home/lorenzo/code/dynus_lite/dynus_lite_ws/install/gazebo_msgs/include/gazebo_msgs/gazebo_msgs/srv/detail/apply_joint_effort__builder.hpp
[140.013s] -- Installing: /home/lorenzo/code/dynus_lite/dynus_lite_ws/install/gazebo_msgs/include/gazebo_msgs/gazebo_msgs/srv/detail/apply_body_wrench__traits.hpp
[140.013s] -- Installing: /home/lorenzo/code/dynus_lite/dynus_lite_ws/install/gazebo_msgs/include/gazebo_msgs/gazebo_msgs/srv/detail/set_joint_properties__struct.hpp
[140.014s] -- Installing: /home/lorenzo/code/dynus_lite/dynus_lite_ws/install/gazebo_msgs/include/gazebo_msgs/gazebo_msgs/srv/detail/apply_link_wrench__builder.hpp
[140.014s] -- Installing: /home/lorenzo/code/dynus_lite/dynus_lite_ws/install/gazebo_msgs/include/gazebo_msgs/gazebo_msgs/srv/detail/set_joint_properties__builder.hpp
[140.014s] -- Installing: /home/lorenzo/code/dynus_lite/dynus_lite_ws/install/gazebo_msgs/include/gazebo_msgs/gazebo_msgs/srv/detail/set_model_state__builder.hpp
[140.014s] -- Installing: /home/lorenzo/code/dynus_lite/dynus_lite_ws/install/gazebo_msgs/include/gazebo_msgs/gazebo_msgs/srv/detail/link_request__builder.hpp
[140.014s] -- Installing: /home/lorenzo/code/dynus_lite/dynus_lite_ws/install/gazebo_msgs/include/gazebo_msgs/gazebo_msgs/srv/detail/set_physics_properties__struct.hpp
[140.014s] -- Installing: /home/lorenzo/code/dynus_lite/dynus_lite_ws/install/gazebo_msgs/include/gazebo_msgs/gazebo_msgs/srv/detail/delete_entity__struct.hpp
[140.015s] -- Installing: /home/lorenzo/code/dynus_lite/dynus_lite_ws/install/gazebo_msgs/include/gazebo_msgs/gazebo_msgs/srv/detail/set_link_state__builder.hpp
[140.015s] -- Installing: /home/lorenzo/code/dynus_lite/dynus_lite_ws/install/gazebo_msgs/include/gazebo_msgs/gazebo_msgs/srv/detail/get_model_list__type_support.hpp
[140.015s] -- Installing: /home/lorenzo/code/dynus_lite/dynus_lite_ws/install/gazebo_msgs/include/gazebo_msgs/gazebo_msgs/srv/detail/set_model_state__traits.hpp
[140.015s] -- Installing: /home/lorenzo/code/dynus_lite/dynus_lite_ws/install/gazebo_msgs/include/gazebo_msgs/gazebo_msgs/srv/detail/body_request__builder.hpp
[140.015s] -- Installing: /home/lorenzo/code/dynus_lite/dynus_lite_ws/install/gazebo_msgs/include/gazebo_msgs/gazebo_msgs/srv/detail/get_joint_properties__builder.hpp
[140.015s] -- Installing: /home/lorenzo/code/dynus_lite/dynus_lite_ws/install/gazebo_msgs/include/gazebo_msgs/gazebo_msgs/srv/detail/spawn_model__builder.hpp
[140.015s] -- Installing: /home/lorenzo/code/dynus_lite/dynus_lite_ws/install/gazebo_msgs/include/gazebo_msgs/gazebo_msgs/srv/detail/set_physics_properties__traits.hpp
[140.016s] -- Installing: /home/lorenzo/code/dynus_lite/dynus_lite_ws/install/gazebo_msgs/include/gazebo_msgs/gazebo_msgs/srv/detail/apply_joint_effort__traits.hpp
[140.016s] -- Installing: /home/lorenzo/code/dynus_lite/dynus_lite_ws/install/gazebo_msgs/include/gazebo_msgs/gazebo_msgs/srv/detail/apply_body_wrench__type_support.hpp
[140.016s] -- Installing: /home/lorenzo/code/dynus_lite/dynus_lite_ws/install/gazebo_msgs/include/gazebo_msgs/gazebo_msgs/srv/detail/delete_entity__type_support.hpp
[140.016s] -- Installing: /home/lorenzo/code/dynus_lite/dynus_lite_ws/install/gazebo_msgs/include/gazebo_msgs/gazebo_msgs/srv/detail/delete_light__traits.hpp
[140.016s] -- Installing: /home/lorenzo/code/dynus_lite/dynus_lite_ws/install/gazebo_msgs/include/gazebo_msgs/gazebo_msgs/srv/detail/link_request__struct.hpp
[140.016s] -- Installing: /home/lorenzo/code/dynus_lite/dynus_lite_ws/install/gazebo_msgs/include/gazebo_msgs/gazebo_msgs/srv/detail/set_joint_trajectory__type_support.hpp
[140.017s] -- Installing: /home/lorenzo/code/dynus_lite/dynus_lite_ws/install/gazebo_msgs/include/gazebo_msgs/gazebo_msgs/srv/detail/get_joint_properties__struct.hpp
[140.017s] -- Installing: /home/lorenzo/code/dynus_lite/dynus_lite_ws/install/gazebo_msgs/include/gazebo_msgs/gazebo_msgs/srv/detail/set_link_properties__type_support.hpp
[140.017s] -- Installing: /home/lorenzo/code/dynus_lite/dynus_lite_ws/install/gazebo_msgs/include/gazebo_msgs/gazebo_msgs/srv/detail/spawn_entity__traits.hpp
[140.017s] -- Installing: /home/lorenzo/code/dynus_lite/dynus_lite_ws/install/gazebo_msgs/include/gazebo_msgs/gazebo_msgs/srv/get_model_properties.hpp
[140.017s] -- Installing: /home/lorenzo/code/dynus_lite/dynus_lite_ws/install/gazebo_msgs/include/gazebo_msgs/gazebo_msgs/srv/get_model_list.hpp
[140.017s] -- Installing: /home/lorenzo/code/dynus_lite/dynus_lite_ws/install/gazebo_msgs/include/gazebo_msgs/gazebo_msgs/srv/spawn_entity.hpp
[140.018s] -- Installing: /home/lorenzo/code/dynus_lite/dynus_lite_ws/install/gazebo_msgs/include/gazebo_msgs/gazebo_msgs/srv/delete_light.hpp
[140.018s] -- Installing: /home/lorenzo/code/dynus_lite/dynus_lite_ws/install/gazebo_msgs/include/gazebo_msgs/gazebo_msgs/srv/set_joint_trajectory.hpp
[140.018s] -- Installing: /home/lorenzo/code/dynus_lite/dynus_lite_ws/install/gazebo_msgs/include/gazebo_msgs/gazebo_msgs/srv/set_link_properties.hpp
[140.018s] -- Installing: /home/lorenzo/code/dynus_lite/dynus_lite_ws/install/gazebo_msgs/include/gazebo_msgs/gazebo_msgs/srv/set_joint_properties.hpp
[140.018s] -- Installing: /home/lorenzo/code/dynus_lite/dynus_lite_ws/install/gazebo_msgs/include/gazebo_msgs/gazebo_msgs/srv/set_model_state.hpp
[140.018s] -- Installing: /home/lorenzo/code/dynus_lite/dynus_lite_ws/install/gazebo_msgs/include/gazebo_msgs/gazebo_msgs/srv/set_model_configuration.hpp
[140.018s] -- Installing: /home/lorenzo/code/dynus_lite/dynus_lite_ws/install/gazebo_msgs/include/gazebo_msgs/gazebo_msgs/srv/body_request.hpp
[140.019s] -- Installing: /home/lorenzo/code/dynus_lite/dynus_lite_ws/install/gazebo_msgs/include/gazebo_msgs/gazebo_msgs/srv/set_entity_state.hpp
[140.019s] -- Installing: /home/lorenzo/code/dynus_lite/dynus_lite_ws/install/gazebo_msgs/include/gazebo_msgs/gazebo_msgs/srv/spawn_model.hpp
[140.019s] -- Installing: /home/lorenzo/code/dynus_lite/dynus_lite_ws/install/gazebo_msgs/include/gazebo_msgs/gazebo_msgs/srv/link_request.hpp
[140.019s] -- Installing: /home/lorenzo/code/dynus_lite/dynus_lite_ws/install/gazebo_msgs/include/gazebo_msgs/gazebo_msgs/srv/apply_joint_effort.hpp
[140.019s] -- Installing: /home/lorenzo/code/dynus_lite/dynus_lite_ws/install/gazebo_msgs/include/gazebo_msgs/gazebo_msgs/srv/joint_request.hpp
[140.019s] -- Installing: /home/lorenzo/code/dynus_lite/dynus_lite_ws/install/gazebo_msgs/include/gazebo_msgs/gazebo_msgs/srv/apply_body_wrench.hpp
[140.020s] -- Installing: /home/lorenzo/code/dynus_lite/dynus_lite_ws/install/gazebo_msgs/include/gazebo_msgs/gazebo_msgs/srv/get_physics_properties.hpp
[140.020s] -- Installing: /home/lorenzo/code/dynus_lite/dynus_lite_ws/install/gazebo_msgs/include/gazebo_msgs/gazebo_msgs/srv/set_light_properties.hpp
[140.020s] -- Installing: /home/lorenzo/code/dynus_lite/dynus_lite_ws/install/gazebo_msgs/include/gazebo_msgs/gazebo_msgs/srv/get_joint_properties.hpp
[140.020s] -- Installing: /home/lorenzo/code/dynus_lite/dynus_lite_ws/install/gazebo_msgs/include/gazebo_msgs/gazebo_msgs/srv/get_link_state.hpp
[140.020s] -- Installing: /home/lorenzo/code/dynus_lite/dynus_lite_ws/install/gazebo_msgs/include/gazebo_msgs/gazebo_msgs/srv/delete_model.hpp
[140.020s] -- Installing: /home/lorenzo/code/dynus_lite/dynus_lite_ws/install/gazebo_msgs/include/gazebo_msgs/gazebo_msgs/srv/get_light_properties.hpp
[140.020s] -- Installing: /home/lorenzo/code/dynus_lite/dynus_lite_ws/install/gazebo_msgs/include/gazebo_msgs/gazebo_msgs/srv/set_link_state.hpp
[140.021s] -- Installing: /home/lorenzo/code/dynus_lite/dynus_lite_ws/install/gazebo_msgs/include/gazebo_msgs/gazebo_msgs/srv/delete_entity.hpp
[140.021s] -- Installing: /home/lorenzo/code/dynus_lite/dynus_lite_ws/install/gazebo_msgs/include/gazebo_msgs/gazebo_msgs/srv/set_physics_properties.hpp
[140.021s] -- Up-to-date: /home/lorenzo/code/dynus_lite/dynus_lite_ws/install/gazebo_msgs/include/gazebo_msgs/gazebo_msgs/msg
[140.021s] -- Installing: /home/lorenzo/code/dynus_lite/dynus_lite_ws/install/gazebo_msgs/include/gazebo_msgs/gazebo_msgs/msg/wheel_slip.hpp
[140.021s] -- Installing: /home/lorenzo/code/dynus_lite/dynus_lite_ws/install/gazebo_msgs/include/gazebo_msgs/gazebo_msgs/msg/model_state.hpp
[140.021s] -- Installing: /home/lorenzo/code/dynus_lite/dynus_lite_ws/install/gazebo_msgs/include/gazebo_msgs/gazebo_msgs/msg/link_states.hpp
[140.022s] -- Installing: /home/lorenzo/code/dynus_lite/dynus_lite_ws/install/gazebo_msgs/include/gazebo_msgs/gazebo_msgs/msg/ode_joint_properties.hpp
[140.022s] -- Up-to-date: /home/lorenzo/code/dynus_lite/dynus_lite_ws/install/gazebo_msgs/include/gazebo_msgs/gazebo_msgs/msg/detail
[140.022s] -- Installing: /home/lorenzo/code/dynus_lite/dynus_lite_ws/install/gazebo_msgs/include/gazebo_msgs/gazebo_msgs/msg/detail/sensor_performance_metric__type_support.hpp
[140.022s] -- Installing: /home/lorenzo/code/dynus_lite/dynus_lite_ws/install/gazebo_msgs/include/gazebo_msgs/gazebo_msgs/msg/detail/model_states__traits.hpp
[140.022s] -- Installing: /home/lorenzo/code/dynus_lite/dynus_lite_ws/install/gazebo_msgs/include/gazebo_msgs/gazebo_msgs/msg/detail/model_states__struct.hpp
[140.022s] -- Installing: /home/lorenzo/code/dynus_lite/dynus_lite_ws/install/gazebo_msgs/include/gazebo_msgs/gazebo_msgs/msg/detail/performance_metrics__traits.hpp
[140.022s] -- Installing: /home/lorenzo/code/dynus_lite/dynus_lite_ws/install/gazebo_msgs/include/gazebo_msgs/gazebo_msgs/msg/detail/model_state__builder.hpp
[140.023s] -- Installing: /home/lorenzo/code/dynus_lite/dynus_lite_ws/install/gazebo_msgs/include/gazebo_msgs/gazebo_msgs/msg/detail/wheel_slip__struct.hpp
[140.023s] -- Installing: /home/lorenzo/code/dynus_lite/dynus_lite_ws/install/gazebo_msgs/include/gazebo_msgs/gazebo_msgs/msg/detail/contact_state__traits.hpp
[140.023s] -- Installing: /home/lorenzo/code/dynus_lite/dynus_lite_ws/install/gazebo_msgs/include/gazebo_msgs/gazebo_msgs/msg/detail/model_states__type_support.hpp
[140.023s] -- Installing: /home/lorenzo/code/dynus_lite/dynus_lite_ws/install/gazebo_msgs/include/gazebo_msgs/gazebo_msgs/msg/detail/entity_state__traits.hpp
[140.023s] -- Installing: /home/lorenzo/code/dynus_lite/dynus_lite_ws/install/gazebo_msgs/include/gazebo_msgs/gazebo_msgs/msg/detail/contact_state__type_support.hpp
[140.023s] -- Installing: /home/lorenzo/code/dynus_lite/dynus_lite_ws/install/gazebo_msgs/include/gazebo_msgs/gazebo_msgs/msg/detail/contacts_state__struct.hpp
[140.024s] -- Installing: /home/lorenzo/code/dynus_lite/dynus_lite_ws/install/gazebo_msgs/include/gazebo_msgs/gazebo_msgs/msg/detail/ode_joint_properties__struct.hpp
[140.024s] -- Installing: /home/lorenzo/code/dynus_lite/dynus_lite_ws/install/gazebo_msgs/include/gazebo_msgs/gazebo_msgs/msg/detail/entity_state__struct.hpp
[140.024s] -- Installing: /home/lorenzo/code/dynus_lite/dynus_lite_ws/install/gazebo_msgs/include/gazebo_msgs/gazebo_msgs/msg/detail/wheel_slip__traits.hpp
[140.024s] -- Installing: /home/lorenzo/code/dynus_lite/dynus_lite_ws/install/gazebo_msgs/include/gazebo_msgs/gazebo_msgs/msg/detail/wheel_slip__type_support.hpp
[140.024s] -- Installing: /home/lorenzo/code/dynus_lite/dynus_lite_ws/install/gazebo_msgs/include/gazebo_msgs/gazebo_msgs/msg/detail/entity_state__builder.hpp
[140.024s] -- Installing: /home/lorenzo/code/dynus_lite/dynus_lite_ws/install/gazebo_msgs/include/gazebo_msgs/gazebo_msgs/msg/detail/link_state__struct.hpp
[140.025s] -- Installing: /home/lorenzo/code/dynus_lite/dynus_lite_ws/install/gazebo_msgs/include/gazebo_msgs/gazebo_msgs/msg/detail/contact_state__struct.hpp
[140.025s] -- Installing: /home/lorenzo/code/dynus_lite/dynus_lite_ws/install/gazebo_msgs/include/gazebo_msgs/gazebo_msgs/msg/detail/link_state__traits.hpp
[140.025s] -- Installing: /home/lorenzo/code/dynus_lite/dynus_lite_ws/install/gazebo_msgs/include/gazebo_msgs/gazebo_msgs/msg/detail/world_state__struct.hpp
[140.025s] -- Installing: /home/lorenzo/code/dynus_lite/dynus_lite_ws/install/gazebo_msgs/include/gazebo_msgs/gazebo_msgs/msg/detail/link_states__struct.hpp
[140.025s] -- Installing: /home/lorenzo/code/dynus_lite/dynus_lite_ws/install/gazebo_msgs/include/gazebo_msgs/gazebo_msgs/msg/detail/link_states__builder.hpp
[140.025s] -- Installing: /home/lorenzo/code/dynus_lite/dynus_lite_ws/install/gazebo_msgs/include/gazebo_msgs/gazebo_msgs/msg/detail/ode_physics__struct.hpp
[140.025s] -- Installing: /home/lorenzo/code/dynus_lite/dynus_lite_ws/install/gazebo_msgs/include/gazebo_msgs/gazebo_msgs/msg/detail/ode_joint_properties__builder.hpp
[140.026s] -- Installing: /home/lorenzo/code/dynus_lite/dynus_lite_ws/install/gazebo_msgs/include/gazebo_msgs/gazebo_msgs/msg/detail/ode_physics__builder.hpp
[140.026s] -- Installing: /home/lorenzo/code/dynus_lite/dynus_lite_ws/install/gazebo_msgs/include/gazebo_msgs/gazebo_msgs/msg/detail/ode_joint_properties__type_support.hpp
[140.026s] -- Installing: /home/lorenzo/code/dynus_lite/dynus_lite_ws/install/gazebo_msgs/include/gazebo_msgs/gazebo_msgs/msg/detail/link_state__builder.hpp
[140.026s] -- Installing: /home/lorenzo/code/dynus_lite/dynus_lite_ws/install/gazebo_msgs/include/gazebo_msgs/gazebo_msgs/msg/detail/contacts_state__traits.hpp
[140.026s] -- Installing: /home/lorenzo/code/dynus_lite/dynus_lite_ws/install/gazebo_msgs/include/gazebo_msgs/gazebo_msgs/msg/detail/contact_state__builder.hpp
[140.026s] -- Installing: /home/lorenzo/code/dynus_lite/dynus_lite_ws/install/gazebo_msgs/include/gazebo_msgs/gazebo_msgs/msg/detail/sensor_performance_metric__traits.hpp
[140.026s] -- Installing: /home/lorenzo/code/dynus_lite/dynus_lite_ws/install/gazebo_msgs/include/gazebo_msgs/gazebo_msgs/msg/detail/link_states__traits.hpp
[140.027s] -- Installing: /home/lorenzo/code/dynus_lite/dynus_lite_ws/install/gazebo_msgs/include/gazebo_msgs/gazebo_msgs/msg/detail/contacts_state__builder.hpp
[140.027s] -- Installing: /home/lorenzo/code/dynus_lite/dynus_lite_ws/install/gazebo_msgs/include/gazebo_msgs/gazebo_msgs/msg/detail/model_state__struct.hpp
[140.027s] -- Installing: /home/lorenzo/code/dynus_lite/dynus_lite_ws/install/gazebo_msgs/include/gazebo_msgs/gazebo_msgs/msg/detail/ode_joint_properties__traits.hpp
[140.027s] -- Installing: /home/lorenzo/code/dynus_lite/dynus_lite_ws/install/gazebo_msgs/include/gazebo_msgs/gazebo_msgs/msg/detail/model_state__type_support.hpp
[140.027s] -- Installing: /home/lorenzo/code/dynus_lite/dynus_lite_ws/install/gazebo_msgs/include/gazebo_msgs/gazebo_msgs/msg/detail/performance_metrics__builder.hpp
[140.027s] -- Installing: /home/lorenzo/code/dynus_lite/dynus_lite_ws/install/gazebo_msgs/include/gazebo_msgs/gazebo_msgs/msg/detail/world_state__builder.hpp
[140.028s] -- Installing: /home/lorenzo/code/dynus_lite/dynus_lite_ws/install/gazebo_msgs/include/gazebo_msgs/gazebo_msgs/msg/detail/wheel_slip__builder.hpp
[140.028s] -- Installing: /home/lorenzo/code/dynus_lite/dynus_lite_ws/install/gazebo_msgs/include/gazebo_msgs/gazebo_msgs/msg/detail/link_states__type_support.hpp
[140.028s] -- Installing: /home/lorenzo/code/dynus_lite/dynus_lite_ws/install/gazebo_msgs/include/gazebo_msgs/gazebo_msgs/msg/detail/entity_state__type_support.hpp
[140.028s] -- Installing: /home/lorenzo/code/dynus_lite/dynus_lite_ws/install/gazebo_msgs/include/gazebo_msgs/gazebo_msgs/msg/detail/world_state__traits.hpp
[140.028s] -- Installing: /home/lorenzo/code/dynus_lite/dynus_lite_ws/install/gazebo_msgs/include/gazebo_msgs/gazebo_msgs/msg/detail/model_state__traits.hpp
[140.028s] -- Installing: /home/lorenzo/code/dynus_lite/dynus_lite_ws/install/gazebo_msgs/include/gazebo_msgs/gazebo_msgs/msg/detail/ode_physics__traits.hpp
[140.028s] -- Installing: /home/lorenzo/code/dynus_lite/dynus_lite_ws/install/gazebo_msgs/include/gazebo_msgs/gazebo_msgs/msg/detail/sensor_performance_metric__builder.hpp
[140.029s] -- Installing: /home/lorenzo/code/dynus_lite/dynus_lite_ws/install/gazebo_msgs/include/gazebo_msgs/gazebo_msgs/msg/detail/contacts_state__type_support.hpp
[140.029s] -- Installing: /home/lorenzo/code/dynus_lite/dynus_lite_ws/install/gazebo_msgs/include/gazebo_msgs/gazebo_msgs/msg/detail/performance_metrics__struct.hpp
[140.029s] -- Installing: /home/lorenzo/code/dynus_lite/dynus_lite_ws/install/gazebo_msgs/include/gazebo_msgs/gazebo_msgs/msg/detail/link_state__type_support.hpp
[140.029s] -- Installing: /home/lorenzo/code/dynus_lite/dynus_lite_ws/install/gazebo_msgs/include/gazebo_msgs/gazebo_msgs/msg/detail/performance_metrics__type_support.hpp
[140.029s] -- Installing: /home/lorenzo/code/dynus_lite/dynus_lite_ws/install/gazebo_msgs/include/gazebo_msgs/gazebo_msgs/msg/detail/model_states__builder.hpp
[140.029s] -- Installing: /home/lorenzo/code/dynus_lite/dynus_lite_ws/install/gazebo_msgs/include/gazebo_msgs/gazebo_msgs/msg/detail/ode_physics__type_support.hpp
[140.029s] -- Installing: /home/lorenzo/code/dynus_lite/dynus_lite_ws/install/gazebo_msgs/include/gazebo_msgs/gazebo_msgs/msg/detail/sensor_performance_metric__struct.hpp
[140.030s] -- Installing: /home/lorenzo/code/dynus_lite/dynus_lite_ws/install/gazebo_msgs/include/gazebo_msgs/gazebo_msgs/msg/detail/world_state__type_support.hpp
[140.030s] -- Installing: /home/lorenzo/code/dynus_lite/dynus_lite_ws/install/gazebo_msgs/include/gazebo_msgs/gazebo_msgs/msg/performance_metrics.hpp
[140.030s] -- Installing: /home/lorenzo/code/dynus_lite/dynus_lite_ws/install/gazebo_msgs/include/gazebo_msgs/gazebo_msgs/msg/model_states.hpp
[140.030s] -- Installing: /home/lorenzo/code/dynus_lite/dynus_lite_ws/install/gazebo_msgs/include/gazebo_msgs/gazebo_msgs/msg/contact_state.hpp
[140.030s] -- Installing: /home/lorenzo/code/dynus_lite/dynus_lite_ws/install/gazebo_msgs/include/gazebo_msgs/gazebo_msgs/msg/sensor_performance_metric.hpp
[140.030s] -- Installing: /home/lorenzo/code/dynus_lite/dynus_lite_ws/install/gazebo_msgs/include/gazebo_msgs/gazebo_msgs/msg/rosidl_generator_cpp__visibility_control.hpp
[140.031s] -- Installing: /home/lorenzo/code/dynus_lite/dynus_lite_ws/install/gazebo_msgs/include/gazebo_msgs/gazebo_msgs/msg/link_state.hpp
[140.031s] -- Installing: /home/lorenzo/code/dynus_lite/dynus_lite_ws/install/gazebo_msgs/include/gazebo_msgs/gazebo_msgs/msg/entity_state.hpp
[140.031s] -- Installing: /home/lorenzo/code/dynus_lite/dynus_lite_ws/install/gazebo_msgs/include/gazebo_msgs/gazebo_msgs/msg/contacts_state.hpp
[140.031s] -- Installing: /home/lorenzo/code/dynus_lite/dynus_lite_ws/install/gazebo_msgs/include/gazebo_msgs/gazebo_msgs/msg/world_state.hpp
[140.031s] -- Installing: /home/lorenzo/code/dynus_lite/dynus_lite_ws/install/gazebo_msgs/include/gazebo_msgs/gazebo_msgs/msg/ode_physics.hpp
[140.031s] -- Up-to-date: /home/lorenzo/code/dynus_lite/dynus_lite_ws/install/gazebo_msgs/include/gazebo_msgs/gazebo_msgs
[140.031s] -- Up-to-date: /home/lorenzo/code/dynus_lite/dynus_lite_ws/install/gazebo_msgs/include/gazebo_msgs/gazebo_msgs/srv
[140.032s] -- Up-to-date: /home/lorenzo/code/dynus_lite/dynus_lite_ws/install/gazebo_msgs/include/gazebo_msgs/gazebo_msgs/srv/detail
[140.032s] -- Installing: /home/lorenzo/code/dynus_lite/dynus_lite_ws/install/gazebo_msgs/include/gazebo_msgs/gazebo_msgs/srv/detail/get_joint_properties__rosidl_typesupport_fastrtps_cpp.hpp
[140.032s] -- Installing: /home/lorenzo/code/dynus_lite/dynus_lite_ws/install/gazebo_msgs/include/gazebo_msgs/gazebo_msgs/srv/detail/set_link_properties__rosidl_typesupport_fastrtps_cpp.hpp
[140.032s] -- Installing: /home/lorenzo/code/dynus_lite/dynus_lite_ws/install/gazebo_msgs/include/gazebo_msgs/gazebo_msgs/srv/detail/delete_light__rosidl_typesupport_fastrtps_cpp.hpp
[140.032s] -- Installing: /home/lorenzo/code/dynus_lite/dynus_lite_ws/install/gazebo_msgs/include/gazebo_msgs/gazebo_msgs/srv/detail/set_model_state__rosidl_typesupport_fastrtps_cpp.hpp
[140.032s] -- Installing: /home/lorenzo/code/dynus_lite/dynus_lite_ws/install/gazebo_msgs/include/gazebo_msgs/gazebo_msgs/srv/detail/joint_request__rosidl_typesupport_fastrtps_cpp.hpp
[140.032s] -- Installing: /home/lorenzo/code/dynus_lite/dynus_lite_ws/install/gazebo_msgs/include/gazebo_msgs/gazebo_msgs/srv/detail/apply_joint_effort__rosidl_typesupport_fastrtps_cpp.hpp
[140.033s] -- Installing: /home/lorenzo/code/dynus_lite/dynus_lite_ws/install/gazebo_msgs/include/gazebo_msgs/gazebo_msgs/srv/detail/get_model_list__rosidl_typesupport_fastrtps_cpp.hpp
[140.033s] -- Installing: /home/lorenzo/code/dynus_lite/dynus_lite_ws/install/gazebo_msgs/include/gazebo_msgs/gazebo_msgs/srv/detail/link_request__rosidl_typesupport_fastrtps_cpp.hpp
[140.033s] -- Installing: /home/lorenzo/code/dynus_lite/dynus_lite_ws/install/gazebo_msgs/include/gazebo_msgs/gazebo_msgs/srv/detail/set_physics_properties__rosidl_typesupport_fastrtps_cpp.hpp
[140.033s] -- Installing: /home/lorenzo/code/dynus_lite/dynus_lite_ws/install/gazebo_msgs/include/gazebo_msgs/gazebo_msgs/srv/detail/get_light_properties__rosidl_typesupport_fastrtps_cpp.hpp
[140.033s] -- Installing: /home/lorenzo/code/dynus_lite/dynus_lite_ws/install/gazebo_msgs/include/gazebo_msgs/gazebo_msgs/srv/detail/delete_model__rosidl_typesupport_fastrtps_cpp.hpp
[140.033s] -- Installing: /home/lorenzo/code/dynus_lite/dynus_lite_ws/install/gazebo_msgs/include/gazebo_msgs/gazebo_msgs/srv/detail/set_joint_properties__rosidl_typesupport_fastrtps_cpp.hpp
[140.034s] -- Installing: /home/lorenzo/code/dynus_lite/dynus_lite_ws/install/gazebo_msgs/include/gazebo_msgs/gazebo_msgs/srv/detail/delete_entity__rosidl_typesupport_fastrtps_cpp.hpp
[140.034s] -- Installing: /home/lorenzo/code/dynus_lite/dynus_lite_ws/install/gazebo_msgs/include/gazebo_msgs/gazebo_msgs/srv/detail/apply_link_wrench__rosidl_typesupport_fastrtps_cpp.hpp
[140.034s] -- Installing: /home/lorenzo/code/dynus_lite/dynus_lite_ws/install/gazebo_msgs/include/gazebo_msgs/gazebo_msgs/srv/detail/dds_fastrtps
[140.034s] -- Installing: /home/lorenzo/code/dynus_lite/dynus_lite_ws/install/gazebo_msgs/include/gazebo_msgs/gazebo_msgs/srv/detail/set_joint_trajectory__rosidl_typesupport_fastrtps_cpp.hpp
[140.034s] -- Installing: /home/lorenzo/code/dynus_lite/dynus_lite_ws/install/gazebo_msgs/include/gazebo_msgs/gazebo_msgs/srv/detail/get_link_properties__rosidl_typesupport_fastrtps_cpp.hpp
[140.034s] -- Installing: /home/lorenzo/code/dynus_lite/dynus_lite_ws/install/gazebo_msgs/include/gazebo_msgs/gazebo_msgs/srv/detail/get_model_state__rosidl_typesupport_fastrtps_cpp.hpp
[140.035s] -- Installing: /home/lorenzo/code/dynus_lite/dynus_lite_ws/install/gazebo_msgs/include/gazebo_msgs/gazebo_msgs/srv/detail/get_model_properties__rosidl_typesupport_fastrtps_cpp.hpp
[140.035s] -- Installing: /home/lorenzo/code/dynus_lite/dynus_lite_ws/install/gazebo_msgs/include/gazebo_msgs/gazebo_msgs/srv/detail/set_light_properties__rosidl_typesupport_fastrtps_cpp.hpp
[140.035s] -- Installing: /home/lorenzo/code/dynus_lite/dynus_lite_ws/install/gazebo_msgs/include/gazebo_msgs/gazebo_msgs/srv/detail/get_link_state__rosidl_typesupport_fastrtps_cpp.hpp
[140.035s] -- Installing: /home/lorenzo/code/dynus_lite/dynus_lite_ws/install/gazebo_msgs/include/gazebo_msgs/gazebo_msgs/srv/detail/apply_body_wrench__rosidl_typesupport_fastrtps_cpp.hpp
[140.035s] -- Installing: /home/lorenzo/code/dynus_lite/dynus_lite_ws/install/gazebo_msgs/include/gazebo_msgs/gazebo_msgs/srv/detail/spawn_entity__rosidl_typesupport_fastrtps_cpp.hpp
[140.035s] -- Installing: /home/lorenzo/code/dynus_lite/dynus_lite_ws/install/gazebo_msgs/include/gazebo_msgs/gazebo_msgs/srv/detail/set_model_configuration__rosidl_typesupport_fastrtps_cpp.hpp
[140.035s] -- Installing: /home/lorenzo/code/dynus_lite/dynus_lite_ws/install/gazebo_msgs/include/gazebo_msgs/gazebo_msgs/srv/detail/get_entity_state__rosidl_typesupport_fastrtps_cpp.hpp
[140.036s] -- Installing: /home/lorenzo/code/dynus_lite/dynus_lite_ws/install/gazebo_msgs/include/gazebo_msgs/gazebo_msgs/srv/detail/get_world_properties__rosidl_typesupport_fastrtps_cpp.hpp
[140.036s] -- Installing: /home/lorenzo/code/dynus_lite/dynus_lite_ws/install/gazebo_msgs/include/gazebo_msgs/gazebo_msgs/srv/detail/get_physics_properties__rosidl_typesupport_fastrtps_cpp.hpp
[140.036s] -- Installing: /home/lorenzo/code/dynus_lite/dynus_lite_ws/install/gazebo_msgs/include/gazebo_msgs/gazebo_msgs/srv/detail/spawn_model__rosidl_typesupport_fastrtps_cpp.hpp
[140.036s] -- Installing: /home/lorenzo/code/dynus_lite/dynus_lite_ws/install/gazebo_msgs/include/gazebo_msgs/gazebo_msgs/srv/detail/set_entity_state__rosidl_typesupport_fastrtps_cpp.hpp
[140.036s] -- Installing: /home/lorenzo/code/dynus_lite/dynus_lite_ws/install/gazebo_msgs/include/gazebo_msgs/gazebo_msgs/srv/detail/body_request__rosidl_typesupport_fastrtps_cpp.hpp
[140.036s] -- Installing: /home/lorenzo/code/dynus_lite/dynus_lite_ws/install/gazebo_msgs/include/gazebo_msgs/gazebo_msgs/srv/detail/set_link_state__rosidl_typesupport_fastrtps_cpp.hpp
[140.037s] -- Up-to-date: /home/lorenzo/code/dynus_lite/dynus_lite_ws/install/gazebo_msgs/include/gazebo_msgs/gazebo_msgs/msg
[140.037s] -- Up-to-date: /home/lorenzo/code/dynus_lite/dynus_lite_ws/install/gazebo_msgs/include/gazebo_msgs/gazebo_msgs/msg/detail
[140.037s] -- Installing: /home/lorenzo/code/dynus_lite/dynus_lite_ws/install/gazebo_msgs/include/gazebo_msgs/gazebo_msgs/msg/detail/model_state__rosidl_typesupport_fastrtps_cpp.hpp
[140.037s] -- Installing: /home/lorenzo/code/dynus_lite/dynus_lite_ws/install/gazebo_msgs/include/gazebo_msgs/gazebo_msgs/msg/detail/world_state__rosidl_typesupport_fastrtps_cpp.hpp
[140.037s] -- Installing: /home/lorenzo/code/dynus_lite/dynus_lite_ws/install/gazebo_msgs/include/gazebo_msgs/gazebo_msgs/msg/detail/link_state__rosidl_typesupport_fastrtps_cpp.hpp
[140.037s] -- Installing: /home/lorenzo/code/dynus_lite/dynus_lite_ws/install/gazebo_msgs/include/gazebo_msgs/gazebo_msgs/msg/detail/entity_state__rosidl_typesupport_fastrtps_cpp.hpp
[140.037s] -- Installing: /home/lorenzo/code/dynus_lite/dynus_lite_ws/install/gazebo_msgs/include/gazebo_msgs/gazebo_msgs/msg/detail/dds_fastrtps
[140.038s] -- Installing: /home/lorenzo/code/dynus_lite/dynus_lite_ws/install/gazebo_msgs/include/gazebo_msgs/gazebo_msgs/msg/detail/performance_metrics__rosidl_typesupport_fastrtps_cpp.hpp
[140.038s] -- Installing: /home/lorenzo/code/dynus_lite/dynus_lite_ws/install/gazebo_msgs/include/gazebo_msgs/gazebo_msgs/msg/detail/ode_physics__rosidl_typesupport_fastrtps_cpp.hpp
[140.038s] -- Installing: /home/lorenzo/code/dynus_lite/dynus_lite_ws/install/gazebo_msgs/include/gazebo_msgs/gazebo_msgs/msg/detail/model_states__rosidl_typesupport_fastrtps_cpp.hpp
[140.038s] -- Installing: /home/lorenzo/code/dynus_lite/dynus_lite_ws/install/gazebo_msgs/include/gazebo_msgs/gazebo_msgs/msg/detail/contact_state__rosidl_typesupport_fastrtps_cpp.hpp
[140.038s] -- Installing: /home/lorenzo/code/dynus_lite/dynus_lite_ws/install/gazebo_msgs/include/gazebo_msgs/gazebo_msgs/msg/detail/contacts_state__rosidl_typesupport_fastrtps_cpp.hpp
[140.038s] -- Installing: /home/lorenzo/code/dynus_lite/dynus_lite_ws/install/gazebo_msgs/include/gazebo_msgs/gazebo_msgs/msg/detail/wheel_slip__rosidl_typesupport_fastrtps_cpp.hpp
[140.039s] -- Installing: /home/lorenzo/code/dynus_lite/dynus_lite_ws/install/gazebo_msgs/include/gazebo_msgs/gazebo_msgs/msg/detail/link_states__rosidl_typesupport_fastrtps_cpp.hpp
[140.039s] -- Installing: /home/lorenzo/code/dynus_lite/dynus_lite_ws/install/gazebo_msgs/include/gazebo_msgs/gazebo_msgs/msg/detail/sensor_performance_metric__rosidl_typesupport_fastrtps_cpp.hpp
[140.039s] -- Installing: /home/lorenzo/code/dynus_lite/dynus_lite_ws/install/gazebo_msgs/include/gazebo_msgs/gazebo_msgs/msg/detail/ode_joint_properties__rosidl_typesupport_fastrtps_cpp.hpp
[140.039s] -- Installing: /home/lorenzo/code/dynus_lite/dynus_lite_ws/install/gazebo_msgs/include/gazebo_msgs/gazebo_msgs/msg/rosidl_typesupport_fastrtps_cpp__visibility_control.h
[140.039s] -- Installing: /home/lorenzo/code/dynus_lite/dynus_lite_ws/install/gazebo_msgs/lib/libgazebo_msgs__rosidl_typesupport_fastrtps_cpp.so
[140.039s] -- Set runtime path of "/home/lorenzo/code/dynus_lite/dynus_lite_ws/install/gazebo_msgs/lib/libgazebo_msgs__rosidl_typesupport_fastrtps_cpp.so" to ""
[140.039s] -- Up-to-date: /home/lorenzo/code/dynus_lite/dynus_lite_ws/install/gazebo_msgs/include/gazebo_msgs/gazebo_msgs
[140.040s] -- Up-to-date: /home/lorenzo/code/dynus_lite/dynus_lite_ws/install/gazebo_msgs/include/gazebo_msgs/gazebo_msgs/srv
[140.040s] -- Up-to-date: /home/lorenzo/code/dynus_lite/dynus_lite_ws/install/gazebo_msgs/include/gazebo_msgs/gazebo_msgs/srv/detail
[140.040s] -- Installing: /home/lorenzo/code/dynus_lite/dynus_lite_ws/install/gazebo_msgs/include/gazebo_msgs/gazebo_msgs/srv/detail/get_light_properties__type_support.c
[140.040s] -- Installing: /home/lorenzo/code/dynus_lite/dynus_lite_ws/install/gazebo_msgs/include/gazebo_msgs/gazebo_msgs/srv/detail/apply_body_wrench__rosidl_typesupport_introspection_c.h
[140.040s] -- Installing: /home/lorenzo/code/dynus_lite/dynus_lite_ws/install/gazebo_msgs/include/gazebo_msgs/gazebo_msgs/srv/detail/delete_model__type_support.c
[140.040s] -- Installing: /home/lorenzo/code/dynus_lite/dynus_lite_ws/install/gazebo_msgs/include/gazebo_msgs/gazebo_msgs/srv/detail/get_entity_state__rosidl_typesupport_introspection_c.h
[140.040s] -- Installing: /home/lorenzo/code/dynus_lite/dynus_lite_ws/install/gazebo_msgs/include/gazebo_msgs/gazebo_msgs/srv/detail/link_request__rosidl_typesupport_introspection_c.h
[140.041s] -- Installing: /home/lorenzo/code/dynus_lite/dynus_lite_ws/install/gazebo_msgs/include/gazebo_msgs/gazebo_msgs/srv/detail/set_link_state__rosidl_typesupport_introspection_c.h
[140.041s] -- Installing: /home/lorenzo/code/dynus_lite/dynus_lite_ws/install/gazebo_msgs/include/gazebo_msgs/gazebo_msgs/srv/detail/set_link_properties__rosidl_typesupport_introspection_c.h
[140.041s] -- Installing: /home/lorenzo/code/dynus_lite/dynus_lite_ws/install/gazebo_msgs/include/gazebo_msgs/gazebo_msgs/srv/detail/spawn_entity__rosidl_typesupport_introspection_c.h
[140.041s] -- Installing: /home/lorenzo/code/dynus_lite/dynus_lite_ws/install/gazebo_msgs/include/gazebo_msgs/gazebo_msgs/srv/detail/get_joint_properties__type_support.c
[140.041s] -- Installing: /home/lorenzo/code/dynus_lite/dynus_lite_ws/install/gazebo_msgs/include/gazebo_msgs/gazebo_msgs/srv/detail/get_physics_properties__rosidl_typesupport_introspection_c.h
[140.041s] -- Installing: /home/lorenzo/code/dynus_lite/dynus_lite_ws/install/gazebo_msgs/include/gazebo_msgs/gazebo_msgs/srv/detail/delete_light__rosidl_typesupport_introspection_c.h
[140.042s] -- Installing: /home/lorenzo/code/dynus_lite/dynus_lite_ws/install/gazebo_msgs/include/gazebo_msgs/gazebo_msgs/srv/detail/get_model_properties__type_support.c
[140.042s] -- Installing: /home/lorenzo/code/dynus_lite/dynus_lite_ws/install/gazebo_msgs/include/gazebo_msgs/gazebo_msgs/srv/detail/get_world_properties__type_support.c
[140.042s] -- Installing: /home/lorenzo/code/dynus_lite/dynus_lite_ws/install/gazebo_msgs/include/gazebo_msgs/gazebo_msgs/srv/detail/get_link_state__type_support.c
[140.042s] -- Installing: /home/lorenzo/code/dynus_lite/dynus_lite_ws/install/gazebo_msgs/include/gazebo_msgs/gazebo_msgs/srv/detail/get_entity_state__type_support.c
[140.042s] -- Installing: /home/lorenzo/code/dynus_lite/dynus_lite_ws/install/gazebo_msgs/include/gazebo_msgs/gazebo_msgs/srv/detail/get_model_list__type_support.c
[140.042s] -- Installing: /home/lorenzo/code/dynus_lite/dynus_lite_ws/install/gazebo_msgs/include/gazebo_msgs/gazebo_msgs/srv/detail/set_link_state__type_support.c
[140.043s] -- Installing: /home/lorenzo/code/dynus_lite/dynus_lite_ws/install/gazebo_msgs/include/gazebo_msgs/gazebo_msgs/srv/detail/set_joint_properties__type_support.c
[140.043s] -- Installing: /home/lorenzo/code/dynus_lite/dynus_lite_ws/install/gazebo_msgs/include/gazebo_msgs/gazebo_msgs/srv/detail/apply_body_wrench__type_support.c
[140.043s] -- Installing: /home/lorenzo/code/dynus_lite/dynus_lite_ws/install/gazebo_msgs/include/gazebo_msgs/gazebo_msgs/srv/detail/get_link_properties__type_support.c
[140.043s] -- Installing: /home/lorenzo/code/dynus_lite/dynus_lite_ws/install/gazebo_msgs/include/gazebo_msgs/gazebo_msgs/srv/detail/get_model_state__type_support.c
[140.043s] -- Installing: /home/lorenzo/code/dynus_lite/dynus_lite_ws/install/gazebo_msgs/include/gazebo_msgs/gazebo_msgs/srv/detail/delete_model__rosidl_typesupport_introspection_c.h
[140.043s] -- Installing: /home/lorenzo/code/dynus_lite/dynus_lite_ws/install/gazebo_msgs/include/gazebo_msgs/gazebo_msgs/srv/detail/spawn_model__type_support.c
[140.043s] -- Installing: /home/lorenzo/code/dynus_lite/dynus_lite_ws/install/gazebo_msgs/include/gazebo_msgs/gazebo_msgs/srv/detail/joint_request__type_support.c
[140.044s] -- Installing: /home/lorenzo/code/dynus_lite/dynus_lite_ws/install/gazebo_msgs/include/gazebo_msgs/gazebo_msgs/srv/detail/set_model_configuration__rosidl_typesupport_introspection_c.h
[140.044s] -- Installing: /home/lorenzo/code/dynus_lite/dynus_lite_ws/install/gazebo_msgs/include/gazebo_msgs/gazebo_msgs/srv/detail/body_request__type_support.c
[140.044s] -- Installing: /home/lorenzo/code/dynus_lite/dynus_lite_ws/install/gazebo_msgs/include/gazebo_msgs/gazebo_msgs/srv/detail/set_joint_properties__rosidl_typesupport_introspection_c.h
[140.044s] -- Installing: /home/lorenzo/code/dynus_lite/dynus_lite_ws/install/gazebo_msgs/include/gazebo_msgs/gazebo_msgs/srv/detail/delete_entity__rosidl_typesupport_introspection_c.h
[140.044s] -- Installing: /home/lorenzo/code/dynus_lite/dynus_lite_ws/install/gazebo_msgs/include/gazebo_msgs/gazebo_msgs/srv/detail/get_light_properties__rosidl_typesupport_introspection_c.h
[140.044s] -- Installing: /home/lorenzo/code/dynus_lite/dynus_lite_ws/install/gazebo_msgs/include/gazebo_msgs/gazebo_msgs/srv/detail/apply_link_wrench__type_support.c
[140.045s] -- Installing: /home/lorenzo/code/dynus_lite/dynus_lite_ws/install/gazebo_msgs/include/gazebo_msgs/gazebo_msgs/srv/detail/set_model_state__type_support.c
[140.045s] -- Installing: /home/lorenzo/code/dynus_lite/dynus_lite_ws/install/gazebo_msgs/include/gazebo_msgs/gazebo_msgs/srv/detail/set_model_configuration__type_support.c
[140.045s] -- Installing: /home/lorenzo/code/dynus_lite/dynus_lite_ws/install/gazebo_msgs/include/gazebo_msgs/gazebo_msgs/srv/detail/get_model_state__rosidl_typesupport_introspection_c.h
[140.045s] -- Installing: /home/lorenzo/code/dynus_lite/dynus_lite_ws/install/gazebo_msgs/include/gazebo_msgs/gazebo_msgs/srv/detail/spawn_model__rosidl_typesupport_introspection_c.h
[140.045s] -- Installing: /home/lorenzo/code/dynus_lite/dynus_lite_ws/install/gazebo_msgs/include/gazebo_msgs/gazebo_msgs/srv/detail/joint_request__rosidl_typesupport_introspection_c.h
[140.045s] -- Installing: /home/lorenzo/code/dynus_lite/dynus_lite_ws/install/gazebo_msgs/include/gazebo_msgs/gazebo_msgs/srv/detail/link_request__type_support.c
[140.045s] -- Installing: /home/lorenzo/code/dynus_lite/dynus_lite_ws/install/gazebo_msgs/include/gazebo_msgs/gazebo_msgs/srv/detail/body_request__rosidl_typesupport_introspection_c.h
[140.046s] -- Installing: /home/lorenzo/code/dynus_lite/dynus_lite_ws/install/gazebo_msgs/include/gazebo_msgs/gazebo_msgs/srv/detail/set_entity_state__rosidl_typesupport_introspection_c.h
[140.046s] -- Installing: /home/lorenzo/code/dynus_lite/dynus_lite_ws/install/gazebo_msgs/include/gazebo_msgs/gazebo_msgs/srv/detail/get_link_state__rosidl_typesupport_introspection_c.h
[140.046s] -- Installing: /home/lorenzo/code/dynus_lite/dynus_lite_ws/install/gazebo_msgs/include/gazebo_msgs/gazebo_msgs/srv/detail/spawn_entity__type_support.c
[140.046s] -- Installing: /home/lorenzo/code/dynus_lite/dynus_lite_ws/install/gazebo_msgs/include/gazebo_msgs/gazebo_msgs/srv/detail/set_physics_properties__type_support.c
[140.046s] -- Installing: /home/lorenzo/code/dynus_lite/dynus_lite_ws/install/gazebo_msgs/include/gazebo_msgs/gazebo_msgs/srv/detail/set_entity_state__type_support.c
[140.046s] -- Installing: /home/lorenzo/code/dynus_lite/dynus_lite_ws/install/gazebo_msgs/include/gazebo_msgs/gazebo_msgs/srv/detail/set_joint_trajectory__rosidl_typesupport_introspection_c.h
[140.047s] -- Installing: /home/lorenzo/code/dynus_lite/dynus_lite_ws/install/gazebo_msgs/include/gazebo_msgs/gazebo_msgs/srv/detail/set_link_properties__type_support.c
[140.047s] -- Installing: /home/lorenzo/code/dynus_lite/dynus_lite_ws/install/gazebo_msgs/include/gazebo_msgs/gazebo_msgs/srv/detail/get_model_properties__rosidl_typesupport_introspection_c.h
[140.047s] -- Installing: /home/lorenzo/code/dynus_lite/dynus_lite_ws/install/gazebo_msgs/include/gazebo_msgs/gazebo_msgs/srv/detail/set_light_properties__rosidl_typesupport_introspection_c.h
[140.047s] -- Installing: /home/lorenzo/code/dynus_lite/dynus_lite_ws/install/gazebo_msgs/include/gazebo_msgs/gazebo_msgs/srv/detail/apply_joint_effort__type_support.c
[140.047s] -- Installing: /home/lorenzo/code/dynus_lite/dynus_lite_ws/install/gazebo_msgs/include/gazebo_msgs/gazebo_msgs/srv/detail/get_model_list__rosidl_typesupport_introspection_c.h
[140.047s] -- Installing: /home/lorenzo/code/dynus_lite/dynus_lite_ws/install/gazebo_msgs/include/gazebo_msgs/gazebo_msgs/srv/detail/set_physics_properties__rosidl_typesupport_introspection_c.h
[140.048s] -- Installing: /home/lorenzo/code/dynus_lite/dynus_lite_ws/install/gazebo_msgs/include/gazebo_msgs/gazebo_msgs/srv/detail/get_joint_properties__rosidl_typesupport_introspection_c.h
[140.048s] -- Installing: /home/lorenzo/code/dynus_lite/dynus_lite_ws/install/gazebo_msgs/include/gazebo_msgs/gazebo_msgs/srv/detail/delete_light__type_support.c
[140.048s] -- Installing: /home/lorenzo/code/dynus_lite/dynus_lite_ws/install/gazebo_msgs/include/gazebo_msgs/gazebo_msgs/srv/detail/get_link_properties__rosidl_typesupport_introspection_c.h
[140.048s] -- Installing: /home/lorenzo/code/dynus_lite/dynus_lite_ws/install/gazebo_msgs/include/gazebo_msgs/gazebo_msgs/srv/detail/apply_link_wrench__rosidl_typesupport_introspection_c.h
[140.048s] -- Installing: /home/lorenzo/code/dynus_lite/dynus_lite_ws/install/gazebo_msgs/include/gazebo_msgs/gazebo_msgs/srv/detail/get_physics_properties__type_support.c
[140.048s] -- Installing: /home/lorenzo/code/dynus_lite/dynus_lite_ws/install/gazebo_msgs/include/gazebo_msgs/gazebo_msgs/srv/detail/apply_joint_effort__rosidl_typesupport_introspection_c.h
[140.048s] -- Installing: /home/lorenzo/code/dynus_lite/dynus_lite_ws/install/gazebo_msgs/include/gazebo_msgs/gazebo_msgs/srv/detail/set_joint_trajectory__type_support.c
[140.049s] -- Installing: /home/lorenzo/code/dynus_lite/dynus_lite_ws/install/gazebo_msgs/include/gazebo_msgs/gazebo_msgs/srv/detail/set_light_properties__type_support.c
[140.049s] -- Installing: /home/lorenzo/code/dynus_lite/dynus_lite_ws/install/gazebo_msgs/include/gazebo_msgs/gazebo_msgs/srv/detail/set_model_state__rosidl_typesupport_introspection_c.h
[140.049s] -- Installing: /home/lorenzo/code/dynus_lite/dynus_lite_ws/install/gazebo_msgs/include/gazebo_msgs/gazebo_msgs/srv/detail/get_world_properties__rosidl_typesupport_introspection_c.h
[140.049s] -- Installing: /home/lorenzo/code/dynus_lite/dynus_lite_ws/install/gazebo_msgs/include/gazebo_msgs/gazebo_msgs/srv/detail/delete_entity__type_support.c
[140.049s] -- Up-to-date: /home/lorenzo/code/dynus_lite/dynus_lite_ws/install/gazebo_msgs/include/gazebo_msgs/gazebo_msgs/msg
[140.049s] -- Up-to-date: /home/lorenzo/code/dynus_lite/dynus_lite_ws/install/gazebo_msgs/include/gazebo_msgs/gazebo_msgs/msg/detail
[140.050s] -- Installing: /home/lorenzo/code/dynus_lite/dynus_lite_ws/install/gazebo_msgs/include/gazebo_msgs/gazebo_msgs/msg/detail/ode_physics__rosidl_typesupport_introspection_c.h
[140.050s] -- Installing: /home/lorenzo/code/dynus_lite/dynus_lite_ws/install/gazebo_msgs/include/gazebo_msgs/gazebo_msgs/msg/detail/contacts_state__rosidl_typesupport_introspection_c.h
[140.050s] -- Installing: /home/lorenzo/code/dynus_lite/dynus_lite_ws/install/gazebo_msgs/include/gazebo_msgs/gazebo_msgs/msg/detail/performance_metrics__type_support.c
[140.050s] -- Installing: /home/lorenzo/code/dynus_lite/dynus_lite_ws/install/gazebo_msgs/include/gazebo_msgs/gazebo_msgs/msg/detail/contact_state__rosidl_typesupport_introspection_c.h
[140.050s] -- Installing: /home/lorenzo/code/dynus_lite/dynus_lite_ws/install/gazebo_msgs/include/gazebo_msgs/gazebo_msgs/msg/detail/link_states__rosidl_typesupport_introspection_c.h
[140.050s] -- Installing: /home/lorenzo/code/dynus_lite/dynus_lite_ws/install/gazebo_msgs/include/gazebo_msgs/gazebo_msgs/msg/detail/world_state__type_support.c
[140.050s] -- Installing: /home/lorenzo/code/dynus_lite/dynus_lite_ws/install/gazebo_msgs/include/gazebo_msgs/gazebo_msgs/msg/detail/sensor_performance_metric__rosidl_typesupport_introspection_c.h
[140.051s] -- Installing: /home/lorenzo/code/dynus_lite/dynus_lite_ws/install/gazebo_msgs/include/gazebo_msgs/gazebo_msgs/msg/detail/model_state__rosidl_typesupport_introspection_c.h
[140.051s] -- Installing: /home/lorenzo/code/dynus_lite/dynus_lite_ws/install/gazebo_msgs/include/gazebo_msgs/gazebo_msgs/msg/detail/ode_joint_properties__rosidl_typesupport_introspection_c.h
[140.051s] -- Installing: /home/lorenzo/code/dynus_lite/dynus_lite_ws/install/gazebo_msgs/include/gazebo_msgs/gazebo_msgs/msg/detail/model_states__type_support.c
[140.051s] -- Installing: /home/lorenzo/code/dynus_lite/dynus_lite_ws/install/gazebo_msgs/include/gazebo_msgs/gazebo_msgs/msg/detail/link_state__rosidl_typesupport_introspection_c.h
[140.051s] -- Installing: /home/lorenzo/code/dynus_lite/dynus_lite_ws/install/gazebo_msgs/include/gazebo_msgs/gazebo_msgs/msg/detail/contact_state__type_support.c
[140.051s] -- Installing: /home/lorenzo/code/dynus_lite/dynus_lite_ws/install/gazebo_msgs/include/gazebo_msgs/gazebo_msgs/msg/detail/ode_physics__type_support.c
[140.052s] -- Installing: /home/lorenzo/code/dynus_lite/dynus_lite_ws/install/gazebo_msgs/include/gazebo_msgs/gazebo_msgs/msg/detail/entity_state__type_support.c
[140.052s] -- Installing: /home/lorenzo/code/dynus_lite/dynus_lite_ws/install/gazebo_msgs/include/gazebo_msgs/gazebo_msgs/msg/detail/model_state__type_support.c
[140.052s] -- Installing: /home/lorenzo/code/dynus_lite/dynus_lite_ws/install/gazebo_msgs/include/gazebo_msgs/gazebo_msgs/msg/detail/wheel_slip__rosidl_typesupport_introspection_c.h
[140.052s] -- Installing: /home/lorenzo/code/dynus_lite/dynus_lite_ws/install/gazebo_msgs/include/gazebo_msgs/gazebo_msgs/msg/detail/sensor_performance_metric__type_support.c
[140.052s] -- Installing: /home/lorenzo/code/dynus_lite/dynus_lite_ws/install/gazebo_msgs/include/gazebo_msgs/gazebo_msgs/msg/detail/performance_metrics__rosidl_typesupport_introspection_c.h
[140.052s] -- Installing: /home/lorenzo/code/dynus_lite/dynus_lite_ws/install/gazebo_msgs/include/gazebo_msgs/gazebo_msgs/msg/detail/link_state__type_support.c
[140.052s] -- Installing: /home/lorenzo/code/dynus_lite/dynus_lite_ws/install/gazebo_msgs/include/gazebo_msgs/gazebo_msgs/msg/detail/link_states__type_support.c
[140.053s] -- Installing: /home/lorenzo/code/dynus_lite/dynus_lite_ws/install/gazebo_msgs/include/gazebo_msgs/gazebo_msgs/msg/detail/ode_joint_properties__type_support.c
[140.053s] -- Installing: /home/lorenzo/code/dynus_lite/dynus_lite_ws/install/gazebo_msgs/include/gazebo_msgs/gazebo_msgs/msg/detail/contacts_state__type_support.c
[140.053s] -- Installing: /home/lorenzo/code/dynus_lite/dynus_lite_ws/install/gazebo_msgs/include/gazebo_msgs/gazebo_msgs/msg/detail/entity_state__rosidl_typesupport_introspection_c.h
[140.053s] -- Installing: /home/lorenzo/code/dynus_lite/dynus_lite_ws/install/gazebo_msgs/include/gazebo_msgs/gazebo_msgs/msg/detail/model_states__rosidl_typesupport_introspection_c.h
[140.053s] -- Installing: /home/lorenzo/code/dynus_lite/dynus_lite_ws/install/gazebo_msgs/include/gazebo_msgs/gazebo_msgs/msg/detail/wheel_slip__type_support.c
[140.053s] -- Installing: /home/lorenzo/code/dynus_lite/dynus_lite_ws/install/gazebo_msgs/include/gazebo_msgs/gazebo_msgs/msg/detail/world_state__rosidl_typesupport_introspection_c.h
[140.053s] -- Installing: /home/lorenzo/code/dynus_lite/dynus_lite_ws/install/gazebo_msgs/include/gazebo_msgs/gazebo_msgs/msg/rosidl_typesupport_introspection_c__visibility_control.h
[140.054s] -- Installing: /home/lorenzo/code/dynus_lite/dynus_lite_ws/install/gazebo_msgs/lib/libgazebo_msgs__rosidl_typesupport_introspection_c.so
[140.054s] -- Set runtime path of "/home/lorenzo/code/dynus_lite/dynus_lite_ws/install/gazebo_msgs/lib/libgazebo_msgs__rosidl_typesupport_introspection_c.so" to ""
[140.054s] -- Installing: /home/lorenzo/code/dynus_lite/dynus_lite_ws/install/gazebo_msgs/lib/libgazebo_msgs__rosidl_typesupport_c.so
[140.054s] -- Set runtime path of "/home/lorenzo/code/dynus_lite/dynus_lite_ws/install/gazebo_msgs/lib/libgazebo_msgs__rosidl_typesupport_c.so" to ""
[140.054s] -- Up-to-date: /home/lorenzo/code/dynus_lite/dynus_lite_ws/install/gazebo_msgs/include/gazebo_msgs/gazebo_msgs
[140.054s] -- Up-to-date: /home/lorenzo/code/dynus_lite/dynus_lite_ws/install/gazebo_msgs/include/gazebo_msgs/gazebo_msgs/srv
[140.054s] -- Up-to-date: /home/lorenzo/code/dynus_lite/dynus_lite_ws/install/gazebo_msgs/include/gazebo_msgs/gazebo_msgs/srv/detail
[140.055s] -- Installing: /home/lorenzo/code/dynus_lite/dynus_lite_ws/install/gazebo_msgs/include/gazebo_msgs/gazebo_msgs/srv/detail/apply_joint_effort__type_support.cpp
[140.055s] -- Installing: /home/lorenzo/code/dynus_lite/dynus_lite_ws/install/gazebo_msgs/include/gazebo_msgs/gazebo_msgs/srv/detail/set_joint_properties__type_support.cpp
[140.055s] -- Installing: /home/lorenzo/code/dynus_lite/dynus_lite_ws/install/gazebo_msgs/include/gazebo_msgs/gazebo_msgs/srv/detail/spawn_entity__type_support.cpp
[140.055s] -- Installing: /home/lorenzo/code/dynus_lite/dynus_lite_ws/install/gazebo_msgs/include/gazebo_msgs/gazebo_msgs/srv/detail/apply_joint_effort__rosidl_typesupport_introspection_cpp.hpp
[140.055s] -- Installing: /home/lorenzo/code/dynus_lite/dynus_lite_ws/install/gazebo_msgs/include/gazebo_msgs/gazebo_msgs/srv/detail/get_link_state__type_support.cpp
[140.055s] -- Installing: /home/lorenzo/code/dynus_lite/dynus_lite_ws/install/gazebo_msgs/include/gazebo_msgs/gazebo_msgs/srv/detail/get_link_state__rosidl_typesupport_introspection_cpp.hpp
[140.055s] -- Installing: /home/lorenzo/code/dynus_lite/dynus_lite_ws/install/gazebo_msgs/include/gazebo_msgs/gazebo_msgs/srv/detail/set_joint_trajectory__rosidl_typesupport_introspection_cpp.hpp
[140.056s] -- Installing: /home/lorenzo/code/dynus_lite/dynus_lite_ws/install/gazebo_msgs/include/gazebo_msgs/gazebo_msgs/srv/detail/set_light_properties__rosidl_typesupport_introspection_cpp.hpp
[140.056s] -- Installing: /home/lorenzo/code/dynus_lite/dynus_lite_ws/install/gazebo_msgs/include/gazebo_msgs/gazebo_msgs/srv/detail/get_link_properties__type_support.cpp
[140.056s] -- Installing: /home/lorenzo/code/dynus_lite/dynus_lite_ws/install/gazebo_msgs/include/gazebo_msgs/gazebo_msgs/srv/detail/get_model_state__rosidl_typesupport_introspection_cpp.hpp
[140.056s] -- Installing: /home/lorenzo/code/dynus_lite/dynus_lite_ws/install/gazebo_msgs/include/gazebo_msgs/gazebo_msgs/srv/detail/link_request__type_support.cpp
[140.056s] -- Installing: /home/lorenzo/code/dynus_lite/dynus_lite_ws/install/gazebo_msgs/include/gazebo_msgs/gazebo_msgs/srv/detail/delete_light__type_support.cpp
[140.057s] -- Installing: /home/lorenzo/code/dynus_lite/dynus_lite_ws/install/gazebo_msgs/include/gazebo_msgs/gazebo_msgs/srv/detail/get_world_properties__type_support.cpp
[140.057s] -- Installing: /home/lorenzo/code/dynus_lite/dynus_lite_ws/install/gazebo_msgs/include/gazebo_msgs/gazebo_msgs/srv/detail/get_model_properties__type_support.cpp
[140.057s] -- Installing: /home/lorenzo/code/dynus_lite/dynus_lite_ws/install/gazebo_msgs/include/gazebo_msgs/gazebo_msgs/srv/detail/spawn_entity__rosidl_typesupport_introspection_cpp.hpp
[140.057s] -- Installing: /home/lorenzo/code/dynus_lite/dynus_lite_ws/install/gazebo_msgs/include/gazebo_msgs/gazebo_msgs/srv/detail/get_entity_state__rosidl_typesupport_introspection_cpp.hpp
[140.057s] -- Installing: /home/lorenzo/code/dynus_lite/dynus_lite_ws/install/gazebo_msgs/include/gazebo_msgs/gazebo_msgs/srv/detail/apply_body_wrench__type_support.cpp
[140.057s] -- Installing: /home/lorenzo/code/dynus_lite/dynus_lite_ws/install/gazebo_msgs/include/gazebo_msgs/gazebo_msgs/srv/detail/set_joint_trajectory__type_support.cpp
[140.057s] -- Installing: /home/lorenzo/code/dynus_lite/dynus_lite_ws/install/gazebo_msgs/include/gazebo_msgs/gazebo_msgs/srv/detail/set_link_state__rosidl_typesupport_introspection_cpp.hpp
[140.058s] -- Installing: /home/lorenzo/code/dynus_lite/dynus_lite_ws/install/gazebo_msgs/include/gazebo_msgs/gazebo_msgs/srv/detail/get_light_properties__type_support.cpp
[140.058s] -- Installing: /home/lorenzo/code/dynus_lite/dynus_lite_ws/install/gazebo_msgs/include/gazebo_msgs/gazebo_msgs/srv/detail/spawn_model__type_support.cpp
[140.058s] -- Installing: /home/lorenzo/code/dynus_lite/dynus_lite_ws/install/gazebo_msgs/include/gazebo_msgs/gazebo_msgs/srv/detail/set_entity_state__rosidl_typesupport_introspection_cpp.hpp
[140.058s] -- Installing: /home/lorenzo/code/dynus_lite/dynus_lite_ws/install/gazebo_msgs/include/gazebo_msgs/gazebo_msgs/srv/detail/joint_request__type_support.cpp
[140.058s] -- Installing: /home/lorenzo/code/dynus_lite/dynus_lite_ws/install/gazebo_msgs/include/gazebo_msgs/gazebo_msgs/srv/detail/apply_body_wrench__rosidl_typesupport_introspection_cpp.hpp
[140.058s] -- Installing: /home/lorenzo/code/dynus_lite/dynus_lite_ws/install/gazebo_msgs/include/gazebo_msgs/gazebo_msgs/srv/detail/delete_model__type_support.cpp
[140.058s] -- Installing: /home/lorenzo/code/dynus_lite/dynus_lite_ws/install/gazebo_msgs/include/gazebo_msgs/gazebo_msgs/srv/detail/get_entity_state__type_support.cpp
[140.059s] -- Installing: /home/lorenzo/code/dynus_lite/dynus_lite_ws/install/gazebo_msgs/include/gazebo_msgs/gazebo_msgs/srv/detail/get_physics_properties__rosidl_typesupport_introspection_cpp.hpp
[140.059s] -- Installing: /home/lorenzo/code/dynus_lite/dynus_lite_ws/install/gazebo_msgs/include/gazebo_msgs/gazebo_msgs/srv/detail/set_link_properties__rosidl_typesupport_introspection_cpp.hpp
[140.059s] -- Installing: /home/lorenzo/code/dynus_lite/dynus_lite_ws/install/gazebo_msgs/include/gazebo_msgs/gazebo_msgs/srv/detail/delete_entity__type_support.cpp
[140.059s] -- Installing: /home/lorenzo/code/dynus_lite/dynus_lite_ws/install/gazebo_msgs/include/gazebo_msgs/gazebo_msgs/srv/detail/set_model_state__type_support.cpp
[140.059s] -- Installing: /home/lorenzo/code/dynus_lite/dynus_lite_ws/install/gazebo_msgs/include/gazebo_msgs/gazebo_msgs/srv/detail/set_entity_state__type_support.cpp
[140.059s] -- Installing: /home/lorenzo/code/dynus_lite/dynus_lite_ws/install/gazebo_msgs/include/gazebo_msgs/gazebo_msgs/srv/detail/get_joint_properties__type_support.cpp
[140.060s] -- Installing: /home/lorenzo/code/dynus_lite/dynus_lite_ws/install/gazebo_msgs/include/gazebo_msgs/gazebo_msgs/srv/detail/joint_request__rosidl_typesupport_introspection_cpp.hpp
[140.060s] -- Installing: /home/lorenzo/code/dynus_lite/dynus_lite_ws/install/gazebo_msgs/include/gazebo_msgs/gazebo_msgs/srv/detail/get_joint_properties__rosidl_typesupport_introspection_cpp.hpp
[140.060s] -- Installing: /home/lorenzo/code/dynus_lite/dynus_lite_ws/install/gazebo_msgs/include/gazebo_msgs/gazebo_msgs/srv/detail/get_model_list__type_support.cpp
[140.060s] -- Installing: /home/lorenzo/code/dynus_lite/dynus_lite_ws/install/gazebo_msgs/include/gazebo_msgs/gazebo_msgs/srv/detail/set_physics_properties__type_support.cpp
[140.060s] -- Installing: /home/lorenzo/code/dynus_lite/dynus_lite_ws/install/gazebo_msgs/include/gazebo_msgs/gazebo_msgs/srv/detail/set_light_properties__type_support.cpp
[140.060s] -- Installing: /home/lorenzo/code/dynus_lite/dynus_lite_ws/install/gazebo_msgs/include/gazebo_msgs/gazebo_msgs/srv/detail/apply_link_wrench__rosidl_typesupport_introspection_cpp.hpp
[140.061s] -- Installing: /home/lorenzo/code/dynus_lite/dynus_lite_ws/install/gazebo_msgs/include/gazebo_msgs/gazebo_msgs/srv/detail/apply_link_wrench__type_support.cpp
[140.061s] -- Installing: /home/lorenzo/code/dynus_lite/dynus_lite_ws/install/gazebo_msgs/include/gazebo_msgs/gazebo_msgs/srv/detail/delete_light__rosidl_typesupport_introspection_cpp.hpp
[140.061s] -- Installing: /home/lorenzo/code/dynus_lite/dynus_lite_ws/install/gazebo_msgs/include/gazebo_msgs/gazebo_msgs/srv/detail/set_joint_properties__rosidl_typesupport_introspection_cpp.hpp
[140.061s] -- Installing: /home/lorenzo/code/dynus_lite/dynus_lite_ws/install/gazebo_msgs/include/gazebo_msgs/gazebo_msgs/srv/detail/get_model_list__rosidl_typesupport_introspection_cpp.hpp
[140.061s] -- Installing: /home/lorenzo/code/dynus_lite/dynus_lite_ws/install/gazebo_msgs/include/gazebo_msgs/gazebo_msgs/srv/detail/get_light_properties__rosidl_typesupport_introspection_cpp.hpp
[140.061s] -- Installing: /home/lorenzo/code/dynus_lite/dynus_lite_ws/install/gazebo_msgs/include/gazebo_msgs/gazebo_msgs/srv/detail/get_link_properties__rosidl_typesupport_introspection_cpp.hpp
[140.061s] -- Installing: /home/lorenzo/code/dynus_lite/dynus_lite_ws/install/gazebo_msgs/include/gazebo_msgs/gazebo_msgs/srv/detail/set_model_state__rosidl_typesupport_introspection_cpp.hpp
[140.062s] -- Installing: /home/lorenzo/code/dynus_lite/dynus_lite_ws/install/gazebo_msgs/include/gazebo_msgs/gazebo_msgs/srv/detail/get_model_properties__rosidl_typesupport_introspection_cpp.hpp
[140.062s] -- Installing: /home/lorenzo/code/dynus_lite/dynus_lite_ws/install/gazebo_msgs/include/gazebo_msgs/gazebo_msgs/srv/detail/delete_entity__rosidl_typesupport_introspection_cpp.hpp
[140.062s] -- Installing: /home/lorenzo/code/dynus_lite/dynus_lite_ws/install/gazebo_msgs/include/gazebo_msgs/gazebo_msgs/srv/detail/set_link_state__type_support.cpp
[140.062s] -- Installing: /home/lorenzo/code/dynus_lite/dynus_lite_ws/install/gazebo_msgs/include/gazebo_msgs/gazebo_msgs/srv/detail/body_request__type_support.cpp
[140.062s] -- Installing: /home/lorenzo/code/dynus_lite/dynus_lite_ws/install/gazebo_msgs/include/gazebo_msgs/gazebo_msgs/srv/detail/link_request__rosidl_typesupport_introspection_cpp.hpp
[140.062s] -- Installing: /home/lorenzo/code/dynus_lite/dynus_lite_ws/install/gazebo_msgs/include/gazebo_msgs/gazebo_msgs/srv/detail/set_model_configuration__rosidl_typesupport_introspection_cpp.hpp
[140.063s] -- Installing: /home/lorenzo/code/dynus_lite/dynus_lite_ws/install/gazebo_msgs/include/gazebo_msgs/gazebo_msgs/srv/detail/delete_model__rosidl_typesupport_introspection_cpp.hpp
[140.063s] -- Installing: /home/lorenzo/code/dynus_lite/dynus_lite_ws/install/gazebo_msgs/include/gazebo_msgs/gazebo_msgs/srv/detail/get_physics_properties__type_support.cpp
[140.063s] -- Installing: /home/lorenzo/code/dynus_lite/dynus_lite_ws/install/gazebo_msgs/include/gazebo_msgs/gazebo_msgs/srv/detail/set_physics_properties__rosidl_typesupport_introspection_cpp.hpp
[140.063s] -- Installing: /home/lorenzo/code/dynus_lite/dynus_lite_ws/install/gazebo_msgs/include/gazebo_msgs/gazebo_msgs/srv/detail/body_request__rosidl_typesupport_introspection_cpp.hpp
[140.063s] -- Installing: /home/lorenzo/code/dynus_lite/dynus_lite_ws/install/gazebo_msgs/include/gazebo_msgs/gazebo_msgs/srv/detail/get_model_state__type_support.cpp
[140.063s] -- Installing: /home/lorenzo/code/dynus_lite/dynus_lite_ws/install/gazebo_msgs/include/gazebo_msgs/gazebo_msgs/srv/detail/get_world_properties__rosidl_typesupport_introspection_cpp.hpp
[140.063s] -- Installing: /home/lorenzo/code/dynus_lite/dynus_lite_ws/install/gazebo_msgs/include/gazebo_msgs/gazebo_msgs/srv/detail/spawn_model__rosidl_typesupport_introspection_cpp.hpp
[140.064s] -- Installing: /home/lorenzo/code/dynus_lite/dynus_lite_ws/install/gazebo_msgs/include/gazebo_msgs/gazebo_msgs/srv/detail/set_model_configuration__type_support.cpp
[140.064s] -- Installing: /home/lorenzo/code/dynus_lite/dynus_lite_ws/install/gazebo_msgs/include/gazebo_msgs/gazebo_msgs/srv/detail/set_link_properties__type_support.cpp
[140.064s] -- Up-to-date: /home/lorenzo/code/dynus_lite/dynus_lite_ws/install/gazebo_msgs/include/gazebo_msgs/gazebo_msgs/msg
[140.064s] -- Up-to-date: /home/lorenzo/code/dynus_lite/dynus_lite_ws/install/gazebo_msgs/include/gazebo_msgs/gazebo_msgs/msg/detail
[140.064s] -- Installing: /home/lorenzo/code/dynus_lite/dynus_lite_ws/install/gazebo_msgs/include/gazebo_msgs/gazebo_msgs/msg/detail/link_states__type_support.cpp
[140.064s] -- Installing: /home/lorenzo/code/dynus_lite/dynus_lite_ws/install/gazebo_msgs/include/gazebo_msgs/gazebo_msgs/msg/detail/contact_state__type_support.cpp
[140.065s] -- Installing: /home/lorenzo/code/dynus_lite/dynus_lite_ws/install/gazebo_msgs/include/gazebo_msgs/gazebo_msgs/msg/detail/ode_physics__type_support.cpp
[140.065s] -- Installing: /home/lorenzo/code/dynus_lite/dynus_lite_ws/install/gazebo_msgs/include/gazebo_msgs/gazebo_msgs/msg/detail/contact_state__rosidl_typesupport_introspection_cpp.hpp
[140.065s] -- Installing: /home/lorenzo/code/dynus_lite/dynus_lite_ws/install/gazebo_msgs/include/gazebo_msgs/gazebo_msgs/msg/detail/world_state__type_support.cpp
[140.065s] -- Installing: /home/lorenzo/code/dynus_lite/dynus_lite_ws/install/gazebo_msgs/include/gazebo_msgs/gazebo_msgs/msg/detail/model_states__rosidl_typesupport_introspection_cpp.hpp
[140.065s] -- Installing: /home/lorenzo/code/dynus_lite/dynus_lite_ws/install/gazebo_msgs/include/gazebo_msgs/gazebo_msgs/msg/detail/model_states__type_support.cpp
[140.065s] -- Installing: /home/lorenzo/code/dynus_lite/dynus_lite_ws/install/gazebo_msgs/include/gazebo_msgs/gazebo_msgs/msg/detail/sensor_performance_metric__rosidl_typesupport_introspection_cpp.hpp
[140.066s] -- Installing: /home/lorenzo/code/dynus_lite/dynus_lite_ws/install/gazebo_msgs/include/gazebo_msgs/gazebo_msgs/msg/detail/ode_physics__rosidl_typesupport_introspection_cpp.hpp
[140.066s] -- Installing: /home/lorenzo/code/dynus_lite/dynus_lite_ws/install/gazebo_msgs/include/gazebo_msgs/gazebo_msgs/msg/detail/performance_metrics__type_support.cpp
[140.066s] -- Installing: /home/lorenzo/code/dynus_lite/dynus_lite_ws/install/gazebo_msgs/include/gazebo_msgs/gazebo_msgs/msg/detail/model_state__type_support.cpp
[140.066s] -- Installing: /home/lorenzo/code/dynus_lite/dynus_lite_ws/install/gazebo_msgs/include/gazebo_msgs/gazebo_msgs/msg/detail/sensor_performance_metric__type_support.cpp
[140.066s] -- Installing: /home/lorenzo/code/dynus_lite/dynus_lite_ws/install/gazebo_msgs/include/gazebo_msgs/gazebo_msgs/msg/detail/ode_joint_properties__rosidl_typesupport_introspection_cpp.hpp
[140.066s] -- Installing: /home/lorenzo/code/dynus_lite/dynus_lite_ws/install/gazebo_msgs/include/gazebo_msgs/gazebo_msgs/msg/detail/contacts_state__type_support.cpp
[140.067s] -- Installing: /home/lorenzo/code/dynus_lite/dynus_lite_ws/install/gazebo_msgs/include/gazebo_msgs/gazebo_msgs/msg/detail/link_state__type_support.cpp
[140.067s] -- Installing: /home/lorenzo/code/dynus_lite/dynus_lite_ws/install/gazebo_msgs/include/gazebo_msgs/gazebo_msgs/msg/detail/entity_state__type_support.cpp
[140.067s] -- Installing: /home/lorenzo/code/dynus_lite/dynus_lite_ws/install/gazebo_msgs/include/gazebo_msgs/gazebo_msgs/msg/detail/link_states__rosidl_typesupport_introspection_cpp.hpp
[140.067s] -- Installing: /home/lorenzo/code/dynus_lite/dynus_lite_ws/install/gazebo_msgs/include/gazebo_msgs/gazebo_msgs/msg/detail/wheel_slip__rosidl_typesupport_introspection_cpp.hpp
[140.067s] -- Installing: /home/lorenzo/code/dynus_lite/dynus_lite_ws/install/gazebo_msgs/include/gazebo_msgs/gazebo_msgs/msg/detail/world_state__rosidl_typesupport_introspection_cpp.hpp
[140.068s] -- Installing: /home/lorenzo/code/dynus_lite/dynus_lite_ws/install/gazebo_msgs/include/gazebo_msgs/gazebo_msgs/msg/detail/entity_state__rosidl_typesupport_introspection_cpp.hpp
[140.068s] -- Installing: /home/lorenzo/code/dynus_lite/dynus_lite_ws/install/gazebo_msgs/include/gazebo_msgs/gazebo_msgs/msg/detail/contacts_state__rosidl_typesupport_introspection_cpp.hpp
[140.068s] -- Installing: /home/lorenzo/code/dynus_lite/dynus_lite_ws/install/gazebo_msgs/include/gazebo_msgs/gazebo_msgs/msg/detail/ode_joint_properties__type_support.cpp
[140.068s] -- Installing: /home/lorenzo/code/dynus_lite/dynus_lite_ws/install/gazebo_msgs/include/gazebo_msgs/gazebo_msgs/msg/detail/wheel_slip__type_support.cpp
[140.068s] -- Installing: /home/lorenzo/code/dynus_lite/dynus_lite_ws/install/gazebo_msgs/include/gazebo_msgs/gazebo_msgs/msg/detail/model_state__rosidl_typesupport_introspection_cpp.hpp
[140.068s] -- Installing: /home/lorenzo/code/dynus_lite/dynus_lite_ws/install/gazebo_msgs/include/gazebo_msgs/gazebo_msgs/msg/detail/link_state__rosidl_typesupport_introspection_cpp.hpp
[140.068s] -- Installing: /home/lorenzo/code/dynus_lite/dynus_lite_ws/install/gazebo_msgs/include/gazebo_msgs/gazebo_msgs/msg/detail/performance_metrics__rosidl_typesupport_introspection_cpp.hpp
[140.069s] -- Installing: /home/lorenzo/code/dynus_lite/dynus_lite_ws/install/gazebo_msgs/lib/libgazebo_msgs__rosidl_typesupport_introspection_cpp.so
[140.069s] -- Set runtime path of "/home/lorenzo/code/dynus_lite/dynus_lite_ws/install/gazebo_msgs/lib/libgazebo_msgs__rosidl_typesupport_introspection_cpp.so" to ""
[140.069s] -- Installing: /home/lorenzo/code/dynus_lite/dynus_lite_ws/install/gazebo_msgs/lib/libgazebo_msgs__rosidl_typesupport_cpp.so
[140.069s] -- Set runtime path of "/home/lorenzo/code/dynus_lite/dynus_lite_ws/install/gazebo_msgs/lib/libgazebo_msgs__rosidl_typesupport_cpp.so" to ""
[140.069s] -- Installing: /home/lorenzo/code/dynus_lite/dynus_lite_ws/install/gazebo_msgs/share/gazebo_msgs/environment/pythonpath.sh
[140.069s] -- Installing: /home/lorenzo/code/dynus_lite/dynus_lite_ws/install/gazebo_msgs/share/gazebo_msgs/environment/pythonpath.dsv
[140.069s] -- Installing: /home/lorenzo/code/dynus_lite/dynus_lite_ws/install/gazebo_msgs/local/lib/python3.10/dist-packages/gazebo_msgs-3.8.0-py3.10.egg-info
[140.070s] -- Installing: /home/lorenzo/code/dynus_lite/dynus_lite_ws/install/gazebo_msgs/local/lib/python3.10/dist-packages/gazebo_msgs-3.8.0-py3.10.egg-info/top_level.txt
[140.070s] -- Installing: /home/lorenzo/code/dynus_lite/dynus_lite_ws/install/gazebo_msgs/local/lib/python3.10/dist-packages/gazebo_msgs-3.8.0-py3.10.egg-info/SOURCES.txt
[140.070s] -- Installing: /home/lorenzo/code/dynus_lite/dynus_lite_ws/install/gazebo_msgs/local/lib/python3.10/dist-packages/gazebo_msgs-3.8.0-py3.10.egg-info/dependency_links.txt
[140.070s] -- Installing: /home/lorenzo/code/dynus_lite/dynus_lite_ws/install/gazebo_msgs/local/lib/python3.10/dist-packages/gazebo_msgs-3.8.0-py3.10.egg-info/PKG-INFO
[140.070s] -- Installing: /home/lorenzo/code/dynus_lite/dynus_lite_ws/install/gazebo_msgs/local/lib/python3.10/dist-packages/gazebo_msgs
[140.070s] -- Installing: /home/lorenzo/code/dynus_lite/dynus_lite_ws/install/gazebo_msgs/local/lib/python3.10/dist-packages/gazebo_msgs/srv
[140.070s] -- Installing: /home/lorenzo/code/dynus_lite/dynus_lite_ws/install/gazebo_msgs/local/lib/python3.10/dist-packages/gazebo_msgs/srv/_delete_entity.py
[140.070s] -- Installing: /home/lorenzo/code/dynus_lite/dynus_lite_ws/install/gazebo_msgs/local/lib/python3.10/dist-packages/gazebo_msgs/srv/_set_joint_properties.py
[140.071s] -- Installing: /home/lorenzo/code/dynus_lite/dynus_lite_ws/install/gazebo_msgs/local/lib/python3.10/dist-packages/gazebo_msgs/srv/_joint_request.py
[140.071s] -- Installing: /home/lorenzo/code/dynus_lite/dynus_lite_ws/install/gazebo_msgs/local/lib/python3.10/dist-packages/gazebo_msgs/srv/_get_joint_properties.py
[140.071s] -- Installing: /home/lorenzo/code/dynus_lite/dynus_lite_ws/install/gazebo_msgs/local/lib/python3.10/dist-packages/gazebo_msgs/srv/__init__.py
[140.071s] -- Installing: /home/lorenzo/code/dynus_lite/dynus_lite_ws/install/gazebo_msgs/local/lib/python3.10/dist-packages/gazebo_msgs/srv/_delete_light_s.c
[140.071s] -- Installing: /home/lorenzo/code/dynus_lite/dynus_lite_ws/install/gazebo_msgs/local/lib/python3.10/dist-packages/gazebo_msgs/srv/_delete_model_s.c
[140.071s] -- Installing: /home/lorenzo/code/dynus_lite/dynus_lite_ws/install/gazebo_msgs/local/lib/python3.10/dist-packages/gazebo_msgs/srv/_set_link_state.py
[140.071s] -- Installing: /home/lorenzo/code/dynus_lite/dynus_lite_ws/install/gazebo_msgs/local/lib/python3.10/dist-packages/gazebo_msgs/srv/_joint_request_s.c
[140.071s] -- Installing: /home/lorenzo/code/dynus_lite/dynus_lite_ws/install/gazebo_msgs/local/lib/python3.10/dist-packages/gazebo_msgs/srv/_delete_light.py
[140.072s] -- Installing: /home/lorenzo/code/dynus_lite/dynus_lite_ws/install/gazebo_msgs/local/lib/python3.10/dist-packages/gazebo_msgs/srv/_get_link_state.py
[140.072s] -- Installing: /home/lorenzo/code/dynus_lite/dynus_lite_ws/install/gazebo_msgs/local/lib/python3.10/dist-packages/gazebo_msgs/srv/_get_link_properties.py
[140.072s] -- Installing: /home/lorenzo/code/dynus_lite/dynus_lite_ws/install/gazebo_msgs/local/lib/python3.10/dist-packages/gazebo_msgs/srv/_apply_link_wrench.py
[140.072s] -- Installing: /home/lorenzo/code/dynus_lite/dynus_lite_ws/install/gazebo_msgs/local/lib/python3.10/dist-packages/gazebo_msgs/srv/_delete_entity_s.c
[140.072s] -- Installing: /home/lorenzo/code/dynus_lite/dynus_lite_ws/install/gazebo_msgs/local/lib/python3.10/dist-packages/gazebo_msgs/srv/_get_entity_state_s.c
[140.072s] -- Installing: /home/lorenzo/code/dynus_lite/dynus_lite_ws/install/gazebo_msgs/local/lib/python3.10/dist-packages/gazebo_msgs/srv/_get_link_properties_s.c
[140.072s] -- Installing: /home/lorenzo/code/dynus_lite/dynus_lite_ws/install/gazebo_msgs/local/lib/python3.10/dist-packages/gazebo_msgs/srv/_body_request.py
[140.073s] -- Installing: /home/lorenzo/code/dynus_lite/dynus_lite_ws/install/gazebo_msgs/local/lib/python3.10/dist-packages/gazebo_msgs/srv/_get_joint_properties_s.c
[140.073s] -- Installing: /home/lorenzo/code/dynus_lite/dynus_lite_ws/install/gazebo_msgs/local/lib/python3.10/dist-packages/gazebo_msgs/srv/_apply_body_wrench.py
[140.073s] -- Installing: /home/lorenzo/code/dynus_lite/dynus_lite_ws/install/gazebo_msgs/local/lib/python3.10/dist-packages/gazebo_msgs/srv/_get_model_properties_s.c
[140.073s] -- Installing: /home/lorenzo/code/dynus_lite/dynus_lite_ws/install/gazebo_msgs/local/lib/python3.10/dist-packages/gazebo_msgs/srv/_set_joint_trajectory.py
[140.073s] -- Installing: /home/lorenzo/code/dynus_lite/dynus_lite_ws/install/gazebo_msgs/local/lib/python3.10/dist-packages/gazebo_msgs/srv/_get_model_properties.py
[140.073s] -- Installing: /home/lorenzo/code/dynus_lite/dynus_lite_ws/install/gazebo_msgs/local/lib/python3.10/dist-packages/gazebo_msgs/srv/_get_physics_properties_s.c
[140.073s] -- Installing: /home/lorenzo/code/dynus_lite/dynus_lite_ws/install/gazebo_msgs/local/lib/python3.10/dist-packages/gazebo_msgs/srv/_set_model_configuration_s.c
[140.073s] -- Installing: /home/lorenzo/code/dynus_lite/dynus_lite_ws/install/gazebo_msgs/local/lib/python3.10/dist-packages/gazebo_msgs/srv/_set_link_state_s.c
[140.074s] -- Installing: /home/lorenzo/code/dynus_lite/dynus_lite_ws/install/gazebo_msgs/local/lib/python3.10/dist-packages/gazebo_msgs/srv/_apply_link_wrench_s.c
[140.074s] -- Installing: /home/lorenzo/code/dynus_lite/dynus_lite_ws/install/gazebo_msgs/local/lib/python3.10/dist-packages/gazebo_msgs/srv/_set_light_properties.py
[140.074s] -- Installing: /home/lorenzo/code/dynus_lite/dynus_lite_ws/install/gazebo_msgs/local/lib/python3.10/dist-packages/gazebo_msgs/srv/_get_light_properties_s.c
[140.074s] -- Installing: /home/lorenzo/code/dynus_lite/dynus_lite_ws/install/gazebo_msgs/local/lib/python3.10/dist-packages/gazebo_msgs/srv/_set_physics_properties.py
[140.074s] -- Installing: /home/lorenzo/code/dynus_lite/dynus_lite_ws/install/gazebo_msgs/local/lib/python3.10/dist-packages/gazebo_msgs/srv/_set_joint_trajectory_s.c
[140.074s] -- Installing: /home/lorenzo/code/dynus_lite/dynus_lite_ws/install/gazebo_msgs/local/lib/python3.10/dist-packages/gazebo_msgs/srv/_get_physics_properties.py
[140.074s] -- Installing: /home/lorenzo/code/dynus_lite/dynus_lite_ws/install/gazebo_msgs/local/lib/python3.10/dist-packages/gazebo_msgs/srv/_set_physics_properties_s.c
[140.074s] -- Installing: /home/lorenzo/code/dynus_lite/dynus_lite_ws/install/gazebo_msgs/local/lib/python3.10/dist-packages/gazebo_msgs/srv/_get_model_state.py
[140.075s] -- Installing: /home/lorenzo/code/dynus_lite/dynus_lite_ws/install/gazebo_msgs/local/lib/python3.10/dist-packages/gazebo_msgs/srv/_set_entity_state.py
[140.075s] -- Installing: /home/lorenzo/code/dynus_lite/dynus_lite_ws/install/gazebo_msgs/local/lib/python3.10/dist-packages/gazebo_msgs/srv/_set_link_properties.py
[140.075s] -- Installing: /home/lorenzo/code/dynus_lite/dynus_lite_ws/install/gazebo_msgs/local/lib/python3.10/dist-packages/gazebo_msgs/srv/_set_entity_state_s.c
[140.075s] -- Installing: /home/lorenzo/code/dynus_lite/dynus_lite_ws/install/gazebo_msgs/local/lib/python3.10/dist-packages/gazebo_msgs/srv/_link_request_s.c
[140.075s] -- Installing: /home/lorenzo/code/dynus_lite/dynus_lite_ws/install/gazebo_msgs/local/lib/python3.10/dist-packages/gazebo_msgs/srv/_set_joint_properties_s.c
[140.075s] -- Installing: /home/lorenzo/code/dynus_lite/dynus_lite_ws/install/gazebo_msgs/local/lib/python3.10/dist-packages/gazebo_msgs/srv/_get_world_properties_s.c
[140.075s] -- Installing: /home/lorenzo/code/dynus_lite/dynus_lite_ws/install/gazebo_msgs/local/lib/python3.10/dist-packages/gazebo_msgs/srv/_apply_joint_effort.py
[140.075s] -- Installing: /home/lorenzo/code/dynus_lite/dynus_lite_ws/install/gazebo_msgs/local/lib/python3.10/dist-packages/gazebo_msgs/srv/_set_light_properties_s.c
[140.076s] -- Installing: /home/lorenzo/code/dynus_lite/dynus_lite_ws/install/gazebo_msgs/local/lib/python3.10/dist-packages/gazebo_msgs/srv/_get_model_list.py
[140.076s] -- Installing: /home/lorenzo/code/dynus_lite/dynus_lite_ws/install/gazebo_msgs/local/lib/python3.10/dist-packages/gazebo_msgs/srv/_apply_body_wrench_s.c
[140.076s] -- Installing: /home/lorenzo/code/dynus_lite/dynus_lite_ws/install/gazebo_msgs/local/lib/python3.10/dist-packages/gazebo_msgs/srv/_delete_model.py
[140.076s] -- Installing: /home/lorenzo/code/dynus_lite/dynus_lite_ws/install/gazebo_msgs/local/lib/python3.10/dist-packages/gazebo_msgs/srv/_spawn_entity.py
[140.076s] -- Installing: /home/lorenzo/code/dynus_lite/dynus_lite_ws/install/gazebo_msgs/local/lib/python3.10/dist-packages/gazebo_msgs/srv/_get_link_state_s.c
[140.076s] -- Installing: /home/lorenzo/code/dynus_lite/dynus_lite_ws/install/gazebo_msgs/local/lib/python3.10/dist-packages/gazebo_msgs/srv/_get_entity_state.py
[140.076s] -- Installing: /home/lorenzo/code/dynus_lite/dynus_lite_ws/install/gazebo_msgs/local/lib/python3.10/dist-packages/gazebo_msgs/srv/_apply_joint_effort_s.c
[140.077s] -- Installing: /home/lorenzo/code/dynus_lite/dynus_lite_ws/install/gazebo_msgs/local/lib/python3.10/dist-packages/gazebo_msgs/srv/_spawn_model_s.c
[140.077s] -- Installing: /home/lorenzo/code/dynus_lite/dynus_lite_ws/install/gazebo_msgs/local/lib/python3.10/dist-packages/gazebo_msgs/srv/_set_model_state.py
[140.077s] -- Installing: /home/lorenzo/code/dynus_lite/dynus_lite_ws/install/gazebo_msgs/local/lib/python3.10/dist-packages/gazebo_msgs/srv/_body_request_s.c
[140.077s] -- Installing: /home/lorenzo/code/dynus_lite/dynus_lite_ws/install/gazebo_msgs/local/lib/python3.10/dist-packages/gazebo_msgs/srv/_link_request.py
[140.077s] -- Installing: /home/lorenzo/code/dynus_lite/dynus_lite_ws/install/gazebo_msgs/local/lib/python3.10/dist-packages/gazebo_msgs/srv/_get_model_list_s.c
[140.077s] -- Installing: /home/lorenzo/code/dynus_lite/dynus_lite_ws/install/gazebo_msgs/local/lib/python3.10/dist-packages/gazebo_msgs/srv/_set_link_properties_s.c
[140.077s] -- Installing: /home/lorenzo/code/dynus_lite/dynus_lite_ws/install/gazebo_msgs/local/lib/python3.10/dist-packages/gazebo_msgs/srv/_spawn_entity_s.c
[140.077s] -- Installing: /home/lorenzo/code/dynus_lite/dynus_lite_ws/install/gazebo_msgs/local/lib/python3.10/dist-packages/gazebo_msgs/srv/_set_model_state_s.c
[140.078s] -- Installing: /home/lorenzo/code/dynus_lite/dynus_lite_ws/install/gazebo_msgs/local/lib/python3.10/dist-packages/gazebo_msgs/srv/_spawn_model.py
[140.078s] -- Installing: /home/lorenzo/code/dynus_lite/dynus_lite_ws/install/gazebo_msgs/local/lib/python3.10/dist-packages/gazebo_msgs/srv/_set_model_configuration.py
[140.078s] -- Installing: /home/lorenzo/code/dynus_lite/dynus_lite_ws/install/gazebo_msgs/local/lib/python3.10/dist-packages/gazebo_msgs/srv/_get_world_properties.py
[140.078s] -- Installing: /home/lorenzo/code/dynus_lite/dynus_lite_ws/install/gazebo_msgs/local/lib/python3.10/dist-packages/gazebo_msgs/srv/_get_light_properties.py
[140.078s] -- Installing: /home/lorenzo/code/dynus_lite/dynus_lite_ws/install/gazebo_msgs/local/lib/python3.10/dist-packages/gazebo_msgs/srv/_get_model_state_s.c
[140.078s] -- Installing: /home/lorenzo/code/dynus_lite/dynus_lite_ws/install/gazebo_msgs/local/lib/python3.10/dist-packages/gazebo_msgs/__init__.py
[140.078s] -- Installing: /home/lorenzo/code/dynus_lite/dynus_lite_ws/install/gazebo_msgs/local/lib/python3.10/dist-packages/gazebo_msgs/_gazebo_msgs_s.ep.rosidl_typesupport_c.c
[140.078s] -- Installing: /home/lorenzo/code/dynus_lite/dynus_lite_ws/install/gazebo_msgs/local/lib/python3.10/dist-packages/gazebo_msgs/_gazebo_msgs_s.ep.rosidl_typesupport_introspection_c.c
[140.079s] -- Installing: /home/lorenzo/code/dynus_lite/dynus_lite_ws/install/gazebo_msgs/local/lib/python3.10/dist-packages/gazebo_msgs/_gazebo_msgs_s.ep.rosidl_typesupport_fastrtps_c.c
[140.079s] -- Installing: /home/lorenzo/code/dynus_lite/dynus_lite_ws/install/gazebo_msgs/local/lib/python3.10/dist-packages/gazebo_msgs/msg
[140.079s] -- Installing: /home/lorenzo/code/dynus_lite/dynus_lite_ws/install/gazebo_msgs/local/lib/python3.10/dist-packages/gazebo_msgs/msg/_link_state_s.c
[140.079s] -- Installing: /home/lorenzo/code/dynus_lite/dynus_lite_ws/install/gazebo_msgs/local/lib/python3.10/dist-packages/gazebo_msgs/msg/_link_state.py
[140.079s] -- Installing: /home/lorenzo/code/dynus_lite/dynus_lite_ws/install/gazebo_msgs/local/lib/python3.10/dist-packages/gazebo_msgs/msg/_model_states_s.c
[140.079s] -- Installing: /home/lorenzo/code/dynus_lite/dynus_lite_ws/install/gazebo_msgs/local/lib/python3.10/dist-packages/gazebo_msgs/msg/__init__.py
[140.079s] -- Installing: /home/lorenzo/code/dynus_lite/dynus_lite_ws/install/gazebo_msgs/local/lib/python3.10/dist-packages/gazebo_msgs/msg/_world_state_s.c
[140.079s] -- Installing: /home/lorenzo/code/dynus_lite/dynus_lite_ws/install/gazebo_msgs/local/lib/python3.10/dist-packages/gazebo_msgs/msg/_ode_physics.py
[140.080s] -- Installing: /home/lorenzo/code/dynus_lite/dynus_lite_ws/install/gazebo_msgs/local/lib/python3.10/dist-packages/gazebo_msgs/msg/_ode_physics_s.c
[140.080s] -- Installing: /home/lorenzo/code/dynus_lite/dynus_lite_ws/install/gazebo_msgs/local/lib/python3.10/dist-packages/gazebo_msgs/msg/_performance_metrics.py
[140.080s] -- Installing: /home/lorenzo/code/dynus_lite/dynus_lite_ws/install/gazebo_msgs/local/lib/python3.10/dist-packages/gazebo_msgs/msg/_wheel_slip_s.c
[140.080s] -- Installing: /home/lorenzo/code/dynus_lite/dynus_lite_ws/install/gazebo_msgs/local/lib/python3.10/dist-packages/gazebo_msgs/msg/_link_states_s.c
[140.080s] -- Installing: /home/lorenzo/code/dynus_lite/dynus_lite_ws/install/gazebo_msgs/local/lib/python3.10/dist-packages/gazebo_msgs/msg/_contact_state_s.c
[140.080s] -- Installing: /home/lorenzo/code/dynus_lite/dynus_lite_ws/install/gazebo_msgs/local/lib/python3.10/dist-packages/gazebo_msgs/msg/_sensor_performance_metric.py
[140.080s] -- Installing: /home/lorenzo/code/dynus_lite/dynus_lite_ws/install/gazebo_msgs/local/lib/python3.10/dist-packages/gazebo_msgs/msg/_link_states.py
[140.081s] -- Installing: /home/lorenzo/code/dynus_lite/dynus_lite_ws/install/gazebo_msgs/local/lib/python3.10/dist-packages/gazebo_msgs/msg/_sensor_performance_metric_s.c
[140.081s] -- Installing: /home/lorenzo/code/dynus_lite/dynus_lite_ws/install/gazebo_msgs/local/lib/python3.10/dist-packages/gazebo_msgs/msg/_ode_joint_properties.py
[140.081s] -- Installing: /home/lorenzo/code/dynus_lite/dynus_lite_ws/install/gazebo_msgs/local/lib/python3.10/dist-packages/gazebo_msgs/msg/_contacts_state_s.c
[140.081s] -- Installing: /home/lorenzo/code/dynus_lite/dynus_lite_ws/install/gazebo_msgs/local/lib/python3.10/dist-packages/gazebo_msgs/msg/_wheel_slip.py
[140.081s] -- Installing: /home/lorenzo/code/dynus_lite/dynus_lite_ws/install/gazebo_msgs/local/lib/python3.10/dist-packages/gazebo_msgs/msg/_performance_metrics_s.c
[140.081s] -- Installing: /home/lorenzo/code/dynus_lite/dynus_lite_ws/install/gazebo_msgs/local/lib/python3.10/dist-packages/gazebo_msgs/msg/_world_state.py
[140.081s] -- Installing: /home/lorenzo/code/dynus_lite/dynus_lite_ws/install/gazebo_msgs/local/lib/python3.10/dist-packages/gazebo_msgs/msg/_model_state_s.c
[140.081s] -- Installing: /home/lorenzo/code/dynus_lite/dynus_lite_ws/install/gazebo_msgs/local/lib/python3.10/dist-packages/gazebo_msgs/msg/_entity_state_s.c
[140.082s] -- Installing: /home/lorenzo/code/dynus_lite/dynus_lite_ws/install/gazebo_msgs/local/lib/python3.10/dist-packages/gazebo_msgs/msg/_contacts_state.py
[140.082s] -- Installing: /home/lorenzo/code/dynus_lite/dynus_lite_ws/install/gazebo_msgs/local/lib/python3.10/dist-packages/gazebo_msgs/msg/_contact_state.py
[140.082s] -- Installing: /home/lorenzo/code/dynus_lite/dynus_lite_ws/install/gazebo_msgs/local/lib/python3.10/dist-packages/gazebo_msgs/msg/_ode_joint_properties_s.c
[140.082s] -- Installing: /home/lorenzo/code/dynus_lite/dynus_lite_ws/install/gazebo_msgs/local/lib/python3.10/dist-packages/gazebo_msgs/msg/_model_states.py
[140.082s] -- Installing: /home/lorenzo/code/dynus_lite/dynus_lite_ws/install/gazebo_msgs/local/lib/python3.10/dist-packages/gazebo_msgs/msg/_model_state.py
[140.082s] -- Installing: /home/lorenzo/code/dynus_lite/dynus_lite_ws/install/gazebo_msgs/local/lib/python3.10/dist-packages/gazebo_msgs/msg/_entity_state.py
[140.082s] -- Installing: /home/lorenzo/code/dynus_lite/dynus_lite_ws/install/gazebo_msgs/local/lib/python3.10/dist-packages/gazebo_msgs/libgazebo_msgs__rosidl_generator_py.so
[140.082s] -- Installing: /home/lorenzo/code/dynus_lite/dynus_lite_ws/install/gazebo_msgs/local/lib/python3.10/dist-packages/gazebo_msgs/gazebo_msgs_s__rosidl_typesupport_c.cpython-310-x86_64-linux-gnu.so
[140.083s] -- Installing: /home/lorenzo/code/dynus_lite/dynus_lite_ws/install/gazebo_msgs/local/lib/python3.10/dist-packages/gazebo_msgs/gazebo_msgs_s__rosidl_typesupport_introspection_c.cpython-310-x86_64-linux-gnu.so
[140.083s] -- Installing: /home/lorenzo/code/dynus_lite/dynus_lite_ws/install/gazebo_msgs/local/lib/python3.10/dist-packages/gazebo_msgs/gazebo_msgs_s__rosidl_typesupport_fastrtps_c.cpython-310-x86_64-linux-gnu.so
[140.216s] Listing '/home/lorenzo/code/dynus_lite/dynus_lite_ws/install/gazebo_msgs/local/lib/python3.10/dist-packages/gazebo_msgs'...
[140.216s] Compiling '/home/lorenzo/code/dynus_lite/dynus_lite_ws/install/gazebo_msgs/local/lib/python3.10/dist-packages/gazebo_msgs/__init__.py'...
[140.216s] Listing '/home/lorenzo/code/dynus_lite/dynus_lite_ws/install/gazebo_msgs/local/lib/python3.10/dist-packages/gazebo_msgs/msg'...
[140.216s] Compiling '/home/lorenzo/code/dynus_lite/dynus_lite_ws/install/gazebo_msgs/local/lib/python3.10/dist-packages/gazebo_msgs/msg/__init__.py'...
[140.216s] Compiling '/home/lorenzo/code/dynus_lite/dynus_lite_ws/install/gazebo_msgs/local/lib/python3.10/dist-packages/gazebo_msgs/msg/_contact_state.py'...
[140.217s] Compiling '/home/lorenzo/code/dynus_lite/dynus_lite_ws/install/gazebo_msgs/local/lib/python3.10/dist-packages/gazebo_msgs/msg/_contacts_state.py'...
[140.217s] Compiling '/home/lorenzo/code/dynus_lite/dynus_lite_ws/install/gazebo_msgs/local/lib/python3.10/dist-packages/gazebo_msgs/msg/_entity_state.py'...
[140.217s] Compiling '/home/lorenzo/code/dynus_lite/dynus_lite_ws/install/gazebo_msgs/local/lib/python3.10/dist-packages/gazebo_msgs/msg/_link_state.py'...
[140.217s] Compiling '/home/lorenzo/code/dynus_lite/dynus_lite_ws/install/gazebo_msgs/local/lib/python3.10/dist-packages/gazebo_msgs/msg/_link_states.py'...
[140.217s] Compiling '/home/lorenzo/code/dynus_lite/dynus_lite_ws/install/gazebo_msgs/local/lib/python3.10/dist-packages/gazebo_msgs/msg/_model_state.py'...
[140.217s] Compiling '/home/lorenzo/code/dynus_lite/dynus_lite_ws/install/gazebo_msgs/local/lib/python3.10/dist-packages/gazebo_msgs/msg/_model_states.py'...
[140.217s] Compiling '/home/lorenzo/code/dynus_lite/dynus_lite_ws/install/gazebo_msgs/local/lib/python3.10/dist-packages/gazebo_msgs/msg/_ode_joint_properties.py'...
[140.217s] Compiling '/home/lorenzo/code/dynus_lite/dynus_lite_ws/install/gazebo_msgs/local/lib/python3.10/dist-packages/gazebo_msgs/msg/_ode_physics.py'...
[140.218s] Compiling '/home/lorenzo/code/dynus_lite/dynus_lite_ws/install/gazebo_msgs/local/lib/python3.10/dist-packages/gazebo_msgs/msg/_performance_metrics.py'...
[140.218s] Compiling '/home/lorenzo/code/dynus_lite/dynus_lite_ws/install/gazebo_msgs/local/lib/python3.10/dist-packages/gazebo_msgs/msg/_sensor_performance_metric.py'...
[140.218s] Compiling '/home/lorenzo/code/dynus_lite/dynus_lite_ws/install/gazebo_msgs/local/lib/python3.10/dist-packages/gazebo_msgs/msg/_wheel_slip.py'...
[140.218s] Compiling '/home/lorenzo/code/dynus_lite/dynus_lite_ws/install/gazebo_msgs/local/lib/python3.10/dist-packages/gazebo_msgs/msg/_world_state.py'...
[140.218s] Listing '/home/lorenzo/code/dynus_lite/dynus_lite_ws/install/gazebo_msgs/local/lib/python3.10/dist-packages/gazebo_msgs/srv'...
[140.218s] Compiling '/home/lorenzo/code/dynus_lite/dynus_lite_ws/install/gazebo_msgs/local/lib/python3.10/dist-packages/gazebo_msgs/srv/__init__.py'...
[140.218s] Compiling '/home/lorenzo/code/dynus_lite/dynus_lite_ws/install/gazebo_msgs/local/lib/python3.10/dist-packages/gazebo_msgs/srv/_apply_body_wrench.py'...
[140.218s] Compiling '/home/lorenzo/code/dynus_lite/dynus_lite_ws/install/gazebo_msgs/local/lib/python3.10/dist-packages/gazebo_msgs/srv/_apply_joint_effort.py'...
[140.219s] Compiling '/home/lorenzo/code/dynus_lite/dynus_lite_ws/install/gazebo_msgs/local/lib/python3.10/dist-packages/gazebo_msgs/srv/_apply_link_wrench.py'...
[140.219s] Compiling '/home/lorenzo/code/dynus_lite/dynus_lite_ws/install/gazebo_msgs/local/lib/python3.10/dist-packages/gazebo_msgs/srv/_body_request.py'...
[140.219s] Compiling '/home/lorenzo/code/dynus_lite/dynus_lite_ws/install/gazebo_msgs/local/lib/python3.10/dist-packages/gazebo_msgs/srv/_delete_entity.py'...
[140.219s] Compiling '/home/lorenzo/code/dynus_lite/dynus_lite_ws/install/gazebo_msgs/local/lib/python3.10/dist-packages/gazebo_msgs/srv/_delete_light.py'...
[140.219s] Compiling '/home/lorenzo/code/dynus_lite/dynus_lite_ws/install/gazebo_msgs/local/lib/python3.10/dist-packages/gazebo_msgs/srv/_delete_model.py'...
[140.219s] Compiling '/home/lorenzo/code/dynus_lite/dynus_lite_ws/install/gazebo_msgs/local/lib/python3.10/dist-packages/gazebo_msgs/srv/_get_entity_state.py'...
[140.219s] Compiling '/home/lorenzo/code/dynus_lite/dynus_lite_ws/install/gazebo_msgs/local/lib/python3.10/dist-packages/gazebo_msgs/srv/_get_joint_properties.py'...
[140.219s] Compiling '/home/lorenzo/code/dynus_lite/dynus_lite_ws/install/gazebo_msgs/local/lib/python3.10/dist-packages/gazebo_msgs/srv/_get_light_properties.py'...
[140.220s] Compiling '/home/lorenzo/code/dynus_lite/dynus_lite_ws/install/gazebo_msgs/local/lib/python3.10/dist-packages/gazebo_msgs/srv/_get_link_properties.py'...
[140.220s] Compiling '/home/lorenzo/code/dynus_lite/dynus_lite_ws/install/gazebo_msgs/local/lib/python3.10/dist-packages/gazebo_msgs/srv/_get_link_state.py'...
[140.220s] Compiling '/home/lorenzo/code/dynus_lite/dynus_lite_ws/install/gazebo_msgs/local/lib/python3.10/dist-packages/gazebo_msgs/srv/_get_model_list.py'...
[140.220s] Compiling '/home/lorenzo/code/dynus_lite/dynus_lite_ws/install/gazebo_msgs/local/lib/python3.10/dist-packages/gazebo_msgs/srv/_get_model_properties.py'...
[140.220s] Compiling '/home/lorenzo/code/dynus_lite/dynus_lite_ws/install/gazebo_msgs/local/lib/python3.10/dist-packages/gazebo_msgs/srv/_get_model_state.py'...
[140.220s] Compiling '/home/lorenzo/code/dynus_lite/dynus_lite_ws/install/gazebo_msgs/local/lib/python3.10/dist-packages/gazebo_msgs/srv/_get_physics_properties.py'...
[140.220s] Compiling '/home/lorenzo/code/dynus_lite/dynus_lite_ws/install/gazebo_msgs/local/lib/python3.10/dist-packages/gazebo_msgs/srv/_get_world_properties.py'...
[140.220s] Compiling '/home/lorenzo/code/dynus_lite/dynus_lite_ws/install/gazebo_msgs/local/lib/python3.10/dist-packages/gazebo_msgs/srv/_joint_request.py'...
[140.221s] Compiling '/home/lorenzo/code/dynus_lite/dynus_lite_ws/install/gazebo_msgs/local/lib/python3.10/dist-packages/gazebo_msgs/srv/_link_request.py'...
[140.221s] Compiling '/home/lorenzo/code/dynus_lite/dynus_lite_ws/install/gazebo_msgs/local/lib/python3.10/dist-packages/gazebo_msgs/srv/_set_entity_state.py'...
[140.221s] Compiling '/home/lorenzo/code/dynus_lite/dynus_lite_ws/install/gazebo_msgs/local/lib/python3.10/dist-packages/gazebo_msgs/srv/_set_joint_properties.py'...
[140.221s] Compiling '/home/lorenzo/code/dynus_lite/dynus_lite_ws/install/gazebo_msgs/local/lib/python3.10/dist-packages/gazebo_msgs/srv/_set_joint_trajectory.py'...
[140.221s] Compiling '/home/lorenzo/code/dynus_lite/dynus_lite_ws/install/gazebo_msgs/local/lib/python3.10/dist-packages/gazebo_msgs/srv/_set_light_properties.py'...
[140.221s] Compiling '/home/lorenzo/code/dynus_lite/dynus_lite_ws/install/gazebo_msgs/local/lib/python3.10/dist-packages/gazebo_msgs/srv/_set_link_properties.py'...
[140.221s] Compiling '/home/lorenzo/code/dynus_lite/dynus_lite_ws/install/gazebo_msgs/local/lib/python3.10/dist-packages/gazebo_msgs/srv/_set_link_state.py'...
[140.221s] Compiling '/home/lorenzo/code/dynus_lite/dynus_lite_ws/install/gazebo_msgs/local/lib/python3.10/dist-packages/gazebo_msgs/srv/_set_model_configuration.py'...
[140.221s] Compiling '/home/lorenzo/code/dynus_lite/dynus_lite_ws/install/gazebo_msgs/local/lib/python3.10/dist-packages/gazebo_msgs/srv/_set_model_state.py'...
[140.222s] Compiling '/home/lorenzo/code/dynus_lite/dynus_lite_ws/install/gazebo_msgs/local/lib/python3.10/dist-packages/gazebo_msgs/srv/_set_physics_properties.py'...
[140.222s] Compiling '/home/lorenzo/code/dynus_lite/dynus_lite_ws/install/gazebo_msgs/local/lib/python3.10/dist-packages/gazebo_msgs/srv/_spawn_entity.py'...
[140.222s] Compiling '/home/lorenzo/code/dynus_lite/dynus_lite_ws/install/gazebo_msgs/local/lib/python3.10/dist-packages/gazebo_msgs/srv/_spawn_model.py'...
[140.223s] -- Installing: /home/lorenzo/code/dynus_lite/dynus_lite_ws/install/gazebo_msgs/local/lib/python3.10/dist-packages/gazebo_msgs/gazebo_msgs_s__rosidl_typesupport_fastrtps_c.cpython-310-x86_64-linux-gnu.so
[140.223s] -- Set runtime path of "/home/lorenzo/code/dynus_lite/dynus_lite_ws/install/gazebo_msgs/local/lib/python3.10/dist-packages/gazebo_msgs/gazebo_msgs_s__rosidl_typesupport_fastrtps_c.cpython-310-x86_64-linux-gnu.so" to ""
[140.224s] -- Installing: /home/lorenzo/code/dynus_lite/dynus_lite_ws/install/gazebo_msgs/local/lib/python3.10/dist-packages/gazebo_msgs/gazebo_msgs_s__rosidl_typesupport_introspection_c.cpython-310-x86_64-linux-gnu.so
[140.224s] -- Set runtime path of "/home/lorenzo/code/dynus_lite/dynus_lite_ws/install/gazebo_msgs/local/lib/python3.10/dist-packages/gazebo_msgs/gazebo_msgs_s__rosidl_typesupport_introspection_c.cpython-310-x86_64-linux-gnu.so" to ""
[140.225s] -- Installing: /home/lorenzo/code/dynus_lite/dynus_lite_ws/install/gazebo_msgs/local/lib/python3.10/dist-packages/gazebo_msgs/gazebo_msgs_s__rosidl_typesupport_c.cpython-310-x86_64-linux-gnu.so
[140.225s] -- Set runtime path of "/home/lorenzo/code/dynus_lite/dynus_lite_ws/install/gazebo_msgs/local/lib/python3.10/dist-packages/gazebo_msgs/gazebo_msgs_s__rosidl_typesupport_c.cpython-310-x86_64-linux-gnu.so" to ""
[140.225s] -- Installing: /home/lorenzo/code/dynus_lite/dynus_lite_ws/install/gazebo_msgs/lib/libgazebo_msgs__rosidl_generator_py.so
[140.226s] -- Set runtime path of "/home/lorenzo/code/dynus_lite/dynus_lite_ws/install/gazebo_msgs/lib/libgazebo_msgs__rosidl_generator_py.so" to ""
[140.226s] -- Installing: /home/lorenzo/code/dynus_lite/dynus_lite_ws/install/gazebo_msgs/share/gazebo_msgs/msg/ContactState.idl
[140.226s] -- Installing: /home/lorenzo/code/dynus_lite/dynus_lite_ws/install/gazebo_msgs/share/gazebo_msgs/msg/ContactsState.idl
[140.227s] -- Installing: /home/lorenzo/code/dynus_lite/dynus_lite_ws/install/gazebo_msgs/share/gazebo_msgs/msg/EntityState.idl
[140.227s] -- Installing: /home/lorenzo/code/dynus_lite/dynus_lite_ws/install/gazebo_msgs/share/gazebo_msgs/msg/LinkState.idl
[140.227s] -- Installing: /home/lorenzo/code/dynus_lite/dynus_lite_ws/install/gazebo_msgs/share/gazebo_msgs/msg/LinkStates.idl
[140.227s] -- Installing: /home/lorenzo/code/dynus_lite/dynus_lite_ws/install/gazebo_msgs/share/gazebo_msgs/msg/ModelState.idl
[140.227s] -- Installing: /home/lorenzo/code/dynus_lite/dynus_lite_ws/install/gazebo_msgs/share/gazebo_msgs/msg/ModelStates.idl
[140.228s] -- Installing: /home/lorenzo/code/dynus_lite/dynus_lite_ws/install/gazebo_msgs/share/gazebo_msgs/msg/ODEJointProperties.idl
[140.228s] -- Installing: /home/lorenzo/code/dynus_lite/dynus_lite_ws/install/gazebo_msgs/share/gazebo_msgs/msg/ODEPhysics.idl
[140.228s] -- Installing: /home/lorenzo/code/dynus_lite/dynus_lite_ws/install/gazebo_msgs/share/gazebo_msgs/msg/PerformanceMetrics.idl
[140.228s] -- Installing: /home/lorenzo/code/dynus_lite/dynus_lite_ws/install/gazebo_msgs/share/gazebo_msgs/msg/SensorPerformanceMetric.idl
[140.229s] -- Installing: /home/lorenzo/code/dynus_lite/dynus_lite_ws/install/gazebo_msgs/share/gazebo_msgs/msg/WheelSlip.idl
[140.229s] -- Installing: /home/lorenzo/code/dynus_lite/dynus_lite_ws/install/gazebo_msgs/share/gazebo_msgs/msg/WorldState.idl
[140.229s] -- Installing: /home/lorenzo/code/dynus_lite/dynus_lite_ws/install/gazebo_msgs/share/gazebo_msgs/srv/ApplyBodyWrench.idl
[140.229s] -- Installing: /home/lorenzo/code/dynus_lite/dynus_lite_ws/install/gazebo_msgs/share/gazebo_msgs/srv/ApplyLinkWrench.idl
[140.230s] -- Installing: /home/lorenzo/code/dynus_lite/dynus_lite_ws/install/gazebo_msgs/share/gazebo_msgs/srv/ApplyJointEffort.idl
[140.230s] -- Installing: /home/lorenzo/code/dynus_lite/dynus_lite_ws/install/gazebo_msgs/share/gazebo_msgs/srv/BodyRequest.idl
[140.230s] -- Installing: /home/lorenzo/code/dynus_lite/dynus_lite_ws/install/gazebo_msgs/share/gazebo_msgs/srv/DeleteEntity.idl
[140.230s] -- Installing: /home/lorenzo/code/dynus_lite/dynus_lite_ws/install/gazebo_msgs/share/gazebo_msgs/srv/DeleteLight.idl
[140.230s] -- Installing: /home/lorenzo/code/dynus_lite/dynus_lite_ws/install/gazebo_msgs/share/gazebo_msgs/srv/DeleteModel.idl
[140.231s] -- Installing: /home/lorenzo/code/dynus_lite/dynus_lite_ws/install/gazebo_msgs/share/gazebo_msgs/srv/GetJointProperties.idl
[140.231s] -- Installing: /home/lorenzo/code/dynus_lite/dynus_lite_ws/install/gazebo_msgs/share/gazebo_msgs/srv/GetEntityState.idl
[140.231s] -- Installing: /home/lorenzo/code/dynus_lite/dynus_lite_ws/install/gazebo_msgs/share/gazebo_msgs/srv/GetLightProperties.idl
[140.231s] -- Installing: /home/lorenzo/code/dynus_lite/dynus_lite_ws/install/gazebo_msgs/share/gazebo_msgs/srv/GetLinkProperties.idl
[140.231s] -- Installing: /home/lorenzo/code/dynus_lite/dynus_lite_ws/install/gazebo_msgs/share/gazebo_msgs/srv/GetLinkState.idl
[140.232s] -- Installing: /home/lorenzo/code/dynus_lite/dynus_lite_ws/install/gazebo_msgs/share/gazebo_msgs/srv/GetModelList.idl
[140.232s] -- Installing: /home/lorenzo/code/dynus_lite/dynus_lite_ws/install/gazebo_msgs/share/gazebo_msgs/srv/GetModelProperties.idl
[140.232s] -- Installing: /home/lorenzo/code/dynus_lite/dynus_lite_ws/install/gazebo_msgs/share/gazebo_msgs/srv/GetModelState.idl
[140.232s] -- Installing: /home/lorenzo/code/dynus_lite/dynus_lite_ws/install/gazebo_msgs/share/gazebo_msgs/srv/GetPhysicsProperties.idl
[140.233s] -- Installing: /home/lorenzo/code/dynus_lite/dynus_lite_ws/install/gazebo_msgs/share/gazebo_msgs/srv/GetWorldProperties.idl
[140.233s] -- Installing: /home/lorenzo/code/dynus_lite/dynus_lite_ws/install/gazebo_msgs/share/gazebo_msgs/srv/JointRequest.idl
[140.233s] -- Installing: /home/lorenzo/code/dynus_lite/dynus_lite_ws/install/gazebo_msgs/share/gazebo_msgs/srv/LinkRequest.idl
[140.233s] -- Installing: /home/lorenzo/code/dynus_lite/dynus_lite_ws/install/gazebo_msgs/share/gazebo_msgs/srv/SetEntityState.idl
[140.234s] -- Installing: /home/lorenzo/code/dynus_lite/dynus_lite_ws/install/gazebo_msgs/share/gazebo_msgs/srv/SetJointProperties.idl
[140.234s] -- Installing: /home/lorenzo/code/dynus_lite/dynus_lite_ws/install/gazebo_msgs/share/gazebo_msgs/srv/SetJointTrajectory.idl
[140.234s] -- Installing: /home/lorenzo/code/dynus_lite/dynus_lite_ws/install/gazebo_msgs/share/gazebo_msgs/srv/SetLightProperties.idl
[140.234s] -- Installing: /home/lorenzo/code/dynus_lite/dynus_lite_ws/install/gazebo_msgs/share/gazebo_msgs/srv/SetLinkProperties.idl
[140.234s] -- Installing: /home/lorenzo/code/dynus_lite/dynus_lite_ws/install/gazebo_msgs/share/gazebo_msgs/srv/SetLinkState.idl
[140.235s] -- Installing: /home/lorenzo/code/dynus_lite/dynus_lite_ws/install/gazebo_msgs/share/gazebo_msgs/srv/SetModelConfiguration.idl
[140.235s] -- Installing: /home/lorenzo/code/dynus_lite/dynus_lite_ws/install/gazebo_msgs/share/gazebo_msgs/srv/SetModelState.idl
[140.235s] -- Installing: /home/lorenzo/code/dynus_lite/dynus_lite_ws/install/gazebo_msgs/share/gazebo_msgs/srv/SetPhysicsProperties.idl
[140.235s] -- Installing: /home/lorenzo/code/dynus_lite/dynus_lite_ws/install/gazebo_msgs/share/gazebo_msgs/srv/SpawnEntity.idl
[140.236s] -- Installing: /home/lorenzo/code/dynus_lite/dynus_lite_ws/install/gazebo_msgs/share/gazebo_msgs/srv/SpawnModel.idl
[140.236s] -- Installing: /home/lorenzo/code/dynus_lite/dynus_lite_ws/install/gazebo_msgs/share/gazebo_msgs/msg/ContactState.msg
[140.236s] -- Installing: /home/lorenzo/code/dynus_lite/dynus_lite_ws/install/gazebo_msgs/share/gazebo_msgs/msg/ContactsState.msg
[140.236s] -- Installing: /home/lorenzo/code/dynus_lite/dynus_lite_ws/install/gazebo_msgs/share/gazebo_msgs/msg/EntityState.msg
[140.236s] -- Installing: /home/lorenzo/code/dynus_lite/dynus_lite_ws/install/gazebo_msgs/share/gazebo_msgs/msg/LinkState.msg
[140.237s] -- Installing: /home/lorenzo/code/dynus_lite/dynus_lite_ws/install/gazebo_msgs/share/gazebo_msgs/msg/LinkStates.msg
[140.237s] -- Installing: /home/lorenzo/code/dynus_lite/dynus_lite_ws/install/gazebo_msgs/share/gazebo_msgs/msg/ModelState.msg
[140.237s] -- Installing: /home/lorenzo/code/dynus_lite/dynus_lite_ws/install/gazebo_msgs/share/gazebo_msgs/msg/ModelStates.msg
[140.237s] -- Installing: /home/lorenzo/code/dynus_lite/dynus_lite_ws/install/gazebo_msgs/share/gazebo_msgs/msg/ODEJointProperties.msg
[140.238s] -- Installing: /home/lorenzo/code/dynus_lite/dynus_lite_ws/install/gazebo_msgs/share/gazebo_msgs/msg/ODEPhysics.msg
[140.238s] -- Installing: /home/lorenzo/code/dynus_lite/dynus_lite_ws/install/gazebo_msgs/share/gazebo_msgs/msg/PerformanceMetrics.msg
[140.238s] -- Installing: /home/lorenzo/code/dynus_lite/dynus_lite_ws/install/gazebo_msgs/share/gazebo_msgs/msg/SensorPerformanceMetric.msg
[140.238s] -- Installing: /home/lorenzo/code/dynus_lite/dynus_lite_ws/install/gazebo_msgs/share/gazebo_msgs/msg/WheelSlip.msg
[140.239s] -- Installing: /home/lorenzo/code/dynus_lite/dynus_lite_ws/install/gazebo_msgs/share/gazebo_msgs/msg/WorldState.msg
[140.239s] -- Installing: /home/lorenzo/code/dynus_lite/dynus_lite_ws/install/gazebo_msgs/share/gazebo_msgs/srv/ApplyBodyWrench.srv
[140.239s] -- Installing: /home/lorenzo/code/dynus_lite/dynus_lite_ws/install/gazebo_msgs/share/gazebo_msgs/srv/ApplyBodyWrench_Request.msg
[140.239s] -- Installing: /home/lorenzo/code/dynus_lite/dynus_lite_ws/install/gazebo_msgs/share/gazebo_msgs/srv/ApplyBodyWrench_Response.msg
[140.239s] -- Installing: /home/lorenzo/code/dynus_lite/dynus_lite_ws/install/gazebo_msgs/share/gazebo_msgs/srv/ApplyLinkWrench.srv
[140.240s] -- Installing: /home/lorenzo/code/dynus_lite/dynus_lite_ws/install/gazebo_msgs/share/gazebo_msgs/srv/ApplyLinkWrench_Request.msg
[140.240s] -- Installing: /home/lorenzo/code/dynus_lite/dynus_lite_ws/install/gazebo_msgs/share/gazebo_msgs/srv/ApplyLinkWrench_Response.msg
[140.240s] -- Installing: /home/lorenzo/code/dynus_lite/dynus_lite_ws/install/gazebo_msgs/share/gazebo_msgs/srv/ApplyJointEffort.srv
[140.240s] -- Installing: /home/lorenzo/code/dynus_lite/dynus_lite_ws/install/gazebo_msgs/share/gazebo_msgs/srv/ApplyJointEffort_Request.msg
[140.241s] -- Installing: /home/lorenzo/code/dynus_lite/dynus_lite_ws/install/gazebo_msgs/share/gazebo_msgs/srv/ApplyJointEffort_Response.msg
[140.241s] -- Installing: /home/lorenzo/code/dynus_lite/dynus_lite_ws/install/gazebo_msgs/share/gazebo_msgs/srv/BodyRequest.srv
[140.241s] -- Installing: /home/lorenzo/code/dynus_lite/dynus_lite_ws/install/gazebo_msgs/share/gazebo_msgs/srv/BodyRequest_Request.msg
[140.241s] -- Installing: /home/lorenzo/code/dynus_lite/dynus_lite_ws/install/gazebo_msgs/share/gazebo_msgs/srv/BodyRequest_Response.msg
[140.241s] -- Installing: /home/lorenzo/code/dynus_lite/dynus_lite_ws/install/gazebo_msgs/share/gazebo_msgs/srv/DeleteEntity.srv
[140.242s] -- Installing: /home/lorenzo/code/dynus_lite/dynus_lite_ws/install/gazebo_msgs/share/gazebo_msgs/srv/DeleteEntity_Request.msg
[140.242s] -- Installing: /home/lorenzo/code/dynus_lite/dynus_lite_ws/install/gazebo_msgs/share/gazebo_msgs/srv/DeleteEntity_Response.msg
[140.242s] -- Installing: /home/lorenzo/code/dynus_lite/dynus_lite_ws/install/gazebo_msgs/share/gazebo_msgs/srv/DeleteLight.srv
[140.242s] -- Installing: /home/lorenzo/code/dynus_lite/dynus_lite_ws/install/gazebo_msgs/share/gazebo_msgs/srv/DeleteLight_Request.msg
[140.243s] -- Installing: /home/lorenzo/code/dynus_lite/dynus_lite_ws/install/gazebo_msgs/share/gazebo_msgs/srv/DeleteLight_Response.msg
[140.243s] -- Installing: /home/lorenzo/code/dynus_lite/dynus_lite_ws/install/gazebo_msgs/share/gazebo_msgs/srv/DeleteModel.srv
[140.243s] -- Installing: /home/lorenzo/code/dynus_lite/dynus_lite_ws/install/gazebo_msgs/share/gazebo_msgs/srv/DeleteModel_Request.msg
[140.243s] -- Installing: /home/lorenzo/code/dynus_lite/dynus_lite_ws/install/gazebo_msgs/share/gazebo_msgs/srv/DeleteModel_Response.msg
[140.244s] -- Installing: /home/lorenzo/code/dynus_lite/dynus_lite_ws/install/gazebo_msgs/share/gazebo_msgs/srv/GetJointProperties.srv
[140.244s] -- Installing: /home/lorenzo/code/dynus_lite/dynus_lite_ws/install/gazebo_msgs/share/gazebo_msgs/srv/GetJointProperties_Request.msg
[140.244s] -- Installing: /home/lorenzo/code/dynus_lite/dynus_lite_ws/install/gazebo_msgs/share/gazebo_msgs/srv/GetJointProperties_Response.msg
[140.244s] -- Installing: /home/lorenzo/code/dynus_lite/dynus_lite_ws/install/gazebo_msgs/share/gazebo_msgs/srv/GetEntityState.srv
[140.244s] -- Installing: /home/lorenzo/code/dynus_lite/dynus_lite_ws/install/gazebo_msgs/share/gazebo_msgs/srv/GetEntityState_Request.msg
[140.245s] -- Installing: /home/lorenzo/code/dynus_lite/dynus_lite_ws/install/gazebo_msgs/share/gazebo_msgs/srv/GetEntityState_Response.msg
[140.245s] -- Installing: /home/lorenzo/code/dynus_lite/dynus_lite_ws/install/gazebo_msgs/share/gazebo_msgs/srv/GetLightProperties.srv
[140.245s] -- Installing: /home/lorenzo/code/dynus_lite/dynus_lite_ws/install/gazebo_msgs/share/gazebo_msgs/srv/GetLightProperties_Request.msg
[140.245s] -- Installing: /home/lorenzo/code/dynus_lite/dynus_lite_ws/install/gazebo_msgs/share/gazebo_msgs/srv/GetLightProperties_Response.msg
[140.246s] -- Installing: /home/lorenzo/code/dynus_lite/dynus_lite_ws/install/gazebo_msgs/share/gazebo_msgs/srv/GetLinkProperties.srv
[140.246s] -- Installing: /home/lorenzo/code/dynus_lite/dynus_lite_ws/install/gazebo_msgs/share/gazebo_msgs/srv/GetLinkProperties_Request.msg
[140.246s] -- Installing: /home/lorenzo/code/dynus_lite/dynus_lite_ws/install/gazebo_msgs/share/gazebo_msgs/srv/GetLinkProperties_Response.msg
[140.246s] -- Installing: /home/lorenzo/code/dynus_lite/dynus_lite_ws/install/gazebo_msgs/share/gazebo_msgs/srv/GetLinkState.srv
[140.247s] -- Installing: /home/lorenzo/code/dynus_lite/dynus_lite_ws/install/gazebo_msgs/share/gazebo_msgs/srv/GetLinkState_Request.msg
[140.247s] -- Installing: /home/lorenzo/code/dynus_lite/dynus_lite_ws/install/gazebo_msgs/share/gazebo_msgs/srv/GetLinkState_Response.msg
[140.247s] -- Installing: /home/lorenzo/code/dynus_lite/dynus_lite_ws/install/gazebo_msgs/share/gazebo_msgs/srv/GetModelList.srv
[140.247s] -- Installing: /home/lorenzo/code/dynus_lite/dynus_lite_ws/install/gazebo_msgs/share/gazebo_msgs/srv/GetModelList_Request.msg
[140.248s] -- Installing: /home/lorenzo/code/dynus_lite/dynus_lite_ws/install/gazebo_msgs/share/gazebo_msgs/srv/GetModelList_Response.msg
[140.248s] -- Installing: /home/lorenzo/code/dynus_lite/dynus_lite_ws/install/gazebo_msgs/share/gazebo_msgs/srv/GetModelProperties.srv
[140.248s] -- Installing: /home/lorenzo/code/dynus_lite/dynus_lite_ws/install/gazebo_msgs/share/gazebo_msgs/srv/GetModelProperties_Request.msg
[140.248s] -- Installing: /home/lorenzo/code/dynus_lite/dynus_lite_ws/install/gazebo_msgs/share/gazebo_msgs/srv/GetModelProperties_Response.msg
[140.248s] -- Installing: /home/lorenzo/code/dynus_lite/dynus_lite_ws/install/gazebo_msgs/share/gazebo_msgs/srv/GetModelState.srv
[140.249s] -- Installing: /home/lorenzo/code/dynus_lite/dynus_lite_ws/install/gazebo_msgs/share/gazebo_msgs/srv/GetModelState_Request.msg
[140.249s] -- Installing: /home/lorenzo/code/dynus_lite/dynus_lite_ws/install/gazebo_msgs/share/gazebo_msgs/srv/GetModelState_Response.msg
[140.249s] -- Installing: /home/lorenzo/code/dynus_lite/dynus_lite_ws/install/gazebo_msgs/share/gazebo_msgs/srv/GetPhysicsProperties.srv
[140.249s] -- Installing: /home/lorenzo/code/dynus_lite/dynus_lite_ws/install/gazebo_msgs/share/gazebo_msgs/srv/GetPhysicsProperties_Request.msg
[140.250s] -- Installing: /home/lorenzo/code/dynus_lite/dynus_lite_ws/install/gazebo_msgs/share/gazebo_msgs/srv/GetPhysicsProperties_Response.msg
[140.250s] -- Installing: /home/lorenzo/code/dynus_lite/dynus_lite_ws/install/gazebo_msgs/share/gazebo_msgs/srv/GetWorldProperties.srv
[140.250s] -- Installing: /home/lorenzo/code/dynus_lite/dynus_lite_ws/install/gazebo_msgs/share/gazebo_msgs/srv/GetWorldProperties_Request.msg
[140.250s] -- Installing: /home/lorenzo/code/dynus_lite/dynus_lite_ws/install/gazebo_msgs/share/gazebo_msgs/srv/GetWorldProperties_Response.msg
[140.251s] -- Installing: /home/lorenzo/code/dynus_lite/dynus_lite_ws/install/gazebo_msgs/share/gazebo_msgs/srv/JointRequest.srv
[140.251s] -- Installing: /home/lorenzo/code/dynus_lite/dynus_lite_ws/install/gazebo_msgs/share/gazebo_msgs/srv/JointRequest_Request.msg
[140.251s] -- Installing: /home/lorenzo/code/dynus_lite/dynus_lite_ws/install/gazebo_msgs/share/gazebo_msgs/srv/JointRequest_Response.msg
[140.251s] -- Installing: /home/lorenzo/code/dynus_lite/dynus_lite_ws/install/gazebo_msgs/share/gazebo_msgs/srv/LinkRequest.srv
[140.252s] -- Installing: /home/lorenzo/code/dynus_lite/dynus_lite_ws/install/gazebo_msgs/share/gazebo_msgs/srv/LinkRequest_Request.msg
[140.252s] -- Installing: /home/lorenzo/code/dynus_lite/dynus_lite_ws/install/gazebo_msgs/share/gazebo_msgs/srv/LinkRequest_Response.msg
[140.252s] -- Installing: /home/lorenzo/code/dynus_lite/dynus_lite_ws/install/gazebo_msgs/share/gazebo_msgs/srv/SetEntityState.srv
[140.252s] -- Installing: /home/lorenzo/code/dynus_lite/dynus_lite_ws/install/gazebo_msgs/share/gazebo_msgs/srv/SetEntityState_Request.msg
[140.253s] -- Installing: /home/lorenzo/code/dynus_lite/dynus_lite_ws/install/gazebo_msgs/share/gazebo_msgs/srv/SetEntityState_Response.msg
[140.253s] -- Installing: /home/lorenzo/code/dynus_lite/dynus_lite_ws/install/gazebo_msgs/share/gazebo_msgs/srv/SetJointProperties.srv
[140.253s] -- Installing: /home/lorenzo/code/dynus_lite/dynus_lite_ws/install/gazebo_msgs/share/gazebo_msgs/srv/SetJointProperties_Request.msg
[140.253s] -- Installing: /home/lorenzo/code/dynus_lite/dynus_lite_ws/install/gazebo_msgs/share/gazebo_msgs/srv/SetJointProperties_Response.msg
[140.253s] -- Installing: /home/lorenzo/code/dynus_lite/dynus_lite_ws/install/gazebo_msgs/share/gazebo_msgs/srv/SetJointTrajectory.srv
[140.254s] -- Installing: /home/lorenzo/code/dynus_lite/dynus_lite_ws/install/gazebo_msgs/share/gazebo_msgs/srv/SetJointTrajectory_Request.msg
[140.254s] -- Installing: /home/lorenzo/code/dynus_lite/dynus_lite_ws/install/gazebo_msgs/share/gazebo_msgs/srv/SetJointTrajectory_Response.msg
[140.254s] -- Installing: /home/lorenzo/code/dynus_lite/dynus_lite_ws/install/gazebo_msgs/share/gazebo_msgs/srv/SetLightProperties.srv
[140.255s] -- Installing: /home/lorenzo/code/dynus_lite/dynus_lite_ws/install/gazebo_msgs/share/gazebo_msgs/srv/SetLightProperties_Request.msg
[140.255s] -- Installing: /home/lorenzo/code/dynus_lite/dynus_lite_ws/install/gazebo_msgs/share/gazebo_msgs/srv/SetLightProperties_Response.msg
[140.255s] -- Installing: /home/lorenzo/code/dynus_lite/dynus_lite_ws/install/gazebo_msgs/share/gazebo_msgs/srv/SetLinkProperties.srv
[140.255s] -- Installing: /home/lorenzo/code/dynus_lite/dynus_lite_ws/install/gazebo_msgs/share/gazebo_msgs/srv/SetLinkProperties_Request.msg
[140.255s] -- Installing: /home/lorenzo/code/dynus_lite/dynus_lite_ws/install/gazebo_msgs/share/gazebo_msgs/srv/SetLinkProperties_Response.msg
[140.256s] -- Installing: /home/lorenzo/code/dynus_lite/dynus_lite_ws/install/gazebo_msgs/share/gazebo_msgs/srv/SetLinkState.srv
[140.256s] -- Installing: /home/lorenzo/code/dynus_lite/dynus_lite_ws/install/gazebo_msgs/share/gazebo_msgs/srv/SetLinkState_Request.msg
[140.256s] -- Installing: /home/lorenzo/code/dynus_lite/dynus_lite_ws/install/gazebo_msgs/share/gazebo_msgs/srv/SetLinkState_Response.msg
[140.256s] -- Installing: /home/lorenzo/code/dynus_lite/dynus_lite_ws/install/gazebo_msgs/share/gazebo_msgs/srv/SetModelConfiguration.srv
[140.257s] -- Installing: /home/lorenzo/code/dynus_lite/dynus_lite_ws/install/gazebo_msgs/share/gazebo_msgs/srv/SetModelConfiguration_Request.msg
[140.257s] -- Installing: /home/lorenzo/code/dynus_lite/dynus_lite_ws/install/gazebo_msgs/share/gazebo_msgs/srv/SetModelConfiguration_Response.msg
[140.257s] -- Installing: /home/lorenzo/code/dynus_lite/dynus_lite_ws/install/gazebo_msgs/share/gazebo_msgs/srv/SetModelState.srv
[140.257s] -- Installing: /home/lorenzo/code/dynus_lite/dynus_lite_ws/install/gazebo_msgs/share/gazebo_msgs/srv/SetModelState_Request.msg
[140.258s] -- Installing: /home/lorenzo/code/dynus_lite/dynus_lite_ws/install/gazebo_msgs/share/gazebo_msgs/srv/SetModelState_Response.msg
[140.258s] -- Installing: /home/lorenzo/code/dynus_lite/dynus_lite_ws/install/gazebo_msgs/share/gazebo_msgs/srv/SetPhysicsProperties.srv
[140.258s] -- Installing: /home/lorenzo/code/dynus_lite/dynus_lite_ws/install/gazebo_msgs/share/gazebo_msgs/srv/SetPhysicsProperties_Request.msg
[140.258s] -- Installing: /home/lorenzo/code/dynus_lite/dynus_lite_ws/install/gazebo_msgs/share/gazebo_msgs/srv/SetPhysicsProperties_Response.msg
[140.259s] -- Installing: /home/lorenzo/code/dynus_lite/dynus_lite_ws/install/gazebo_msgs/share/gazebo_msgs/srv/SpawnEntity.srv
[140.259s] -- Installing: /home/lorenzo/code/dynus_lite/dynus_lite_ws/install/gazebo_msgs/share/gazebo_msgs/srv/SpawnEntity_Request.msg
[140.259s] -- Installing: /home/lorenzo/code/dynus_lite/dynus_lite_ws/install/gazebo_msgs/share/gazebo_msgs/srv/SpawnEntity_Response.msg
[140.259s] -- Installing: /home/lorenzo/code/dynus_lite/dynus_lite_ws/install/gazebo_msgs/share/gazebo_msgs/srv/SpawnModel.srv
[140.260s] -- Installing: /home/lorenzo/code/dynus_lite/dynus_lite_ws/install/gazebo_msgs/share/gazebo_msgs/srv/SpawnModel_Request.msg
[140.260s] -- Installing: /home/lorenzo/code/dynus_lite/dynus_lite_ws/install/gazebo_msgs/share/gazebo_msgs/srv/SpawnModel_Response.msg
[140.260s] -- Installing: /home/lorenzo/code/dynus_lite/dynus_lite_ws/install/gazebo_msgs/share/ament_index/resource_index/package_run_dependencies/gazebo_msgs
[140.261s] -- Installing: /home/lorenzo/code/dynus_lite/dynus_lite_ws/install/gazebo_msgs/share/ament_index/resource_index/parent_prefix_path/gazebo_msgs
[140.261s] -- Installing: /home/lorenzo/code/dynus_lite/dynus_lite_ws/install/gazebo_msgs/share/gazebo_msgs/environment/ament_prefix_path.sh
[140.261s] -- Installing: /home/lorenzo/code/dynus_lite/dynus_lite_ws/install/gazebo_msgs/share/gazebo_msgs/environment/ament_prefix_path.dsv
[140.262s] -- Installing: /home/lorenzo/code/dynus_lite/dynus_lite_ws/install/gazebo_msgs/share/gazebo_msgs/environment/path.sh
[140.262s] -- Installing: /home/lorenzo/code/dynus_lite/dynus_lite_ws/install/gazebo_msgs/share/gazebo_msgs/environment/path.dsv
[140.262s] -- Installing: /home/lorenzo/code/dynus_lite/dynus_lite_ws/install/gazebo_msgs/share/gazebo_msgs/local_setup.bash
[140.262s] -- Installing: /home/lorenzo/code/dynus_lite/dynus_lite_ws/install/gazebo_msgs/share/gazebo_msgs/local_setup.sh
[140.263s] -- Installing: /home/lorenzo/code/dynus_lite/dynus_lite_ws/install/gazebo_msgs/share/gazebo_msgs/local_setup.zsh
[140.263s] -- Installing: /home/lorenzo/code/dynus_lite/dynus_lite_ws/install/gazebo_msgs/share/gazebo_msgs/local_setup.dsv
[140.263s] -- Installing: /home/lorenzo/code/dynus_lite/dynus_lite_ws/install/gazebo_msgs/share/gazebo_msgs/package.dsv
[140.263s] -- Installing: /home/lorenzo/code/dynus_lite/dynus_lite_ws/install/gazebo_msgs/share/ament_index/resource_index/packages/gazebo_msgs
[140.264s] -- Installing: /home/lorenzo/code/dynus_lite/dynus_lite_ws/install/gazebo_msgs/share/gazebo_msgs/cmake/export_gazebo_msgs__rosidl_generator_cExport.cmake
[140.264s] -- Installing: /home/lorenzo/code/dynus_lite/dynus_lite_ws/install/gazebo_msgs/share/gazebo_msgs/cmake/export_gazebo_msgs__rosidl_generator_cExport-noconfig.cmake
[140.264s] -- Installing: /home/lorenzo/code/dynus_lite/dynus_lite_ws/install/gazebo_msgs/share/gazebo_msgs/cmake/export_gazebo_msgs__rosidl_typesupport_fastrtps_cExport.cmake
[140.264s] -- Installing: /home/lorenzo/code/dynus_lite/dynus_lite_ws/install/gazebo_msgs/share/gazebo_msgs/cmake/export_gazebo_msgs__rosidl_typesupport_fastrtps_cExport-noconfig.cmake
[140.265s] -- Installing: /home/lorenzo/code/dynus_lite/dynus_lite_ws/install/gazebo_msgs/share/gazebo_msgs/cmake/export_gazebo_msgs__rosidl_generator_cppExport.cmake
[140.265s] -- Installing: /home/lorenzo/code/dynus_lite/dynus_lite_ws/install/gazebo_msgs/share/gazebo_msgs/cmake/export_gazebo_msgs__rosidl_typesupport_fastrtps_cppExport.cmake
[140.265s] -- Installing: /home/lorenzo/code/dynus_lite/dynus_lite_ws/install/gazebo_msgs/share/gazebo_msgs/cmake/export_gazebo_msgs__rosidl_typesupport_fastrtps_cppExport-noconfig.cmake
[140.265s] -- Installing: /home/lorenzo/code/dynus_lite/dynus_lite_ws/install/gazebo_msgs/share/gazebo_msgs/cmake/gazebo_msgs__rosidl_typesupport_introspection_cExport.cmake
[140.266s] -- Installing: /home/lorenzo/code/dynus_lite/dynus_lite_ws/install/gazebo_msgs/share/gazebo_msgs/cmake/gazebo_msgs__rosidl_typesupport_introspection_cExport-noconfig.cmake
[140.266s] -- Installing: /home/lorenzo/code/dynus_lite/dynus_lite_ws/install/gazebo_msgs/share/gazebo_msgs/cmake/gazebo_msgs__rosidl_typesupport_cExport.cmake
[140.266s] -- Installing: /home/lorenzo/code/dynus_lite/dynus_lite_ws/install/gazebo_msgs/share/gazebo_msgs/cmake/gazebo_msgs__rosidl_typesupport_cExport-noconfig.cmake
[140.266s] -- Installing: /home/lorenzo/code/dynus_lite/dynus_lite_ws/install/gazebo_msgs/share/gazebo_msgs/cmake/gazebo_msgs__rosidl_typesupport_introspection_cppExport.cmake
[140.267s] -- Installing: /home/lorenzo/code/dynus_lite/dynus_lite_ws/install/gazebo_msgs/share/gazebo_msgs/cmake/gazebo_msgs__rosidl_typesupport_introspection_cppExport-noconfig.cmake
[140.267s] -- Installing: /home/lorenzo/code/dynus_lite/dynus_lite_ws/install/gazebo_msgs/share/gazebo_msgs/cmake/gazebo_msgs__rosidl_typesupport_cppExport.cmake
[140.267s] -- Installing: /home/lorenzo/code/dynus_lite/dynus_lite_ws/install/gazebo_msgs/share/gazebo_msgs/cmake/gazebo_msgs__rosidl_typesupport_cppExport-noconfig.cmake
[140.268s] -- Installing: /home/lorenzo/code/dynus_lite/dynus_lite_ws/install/gazebo_msgs/share/gazebo_msgs/cmake/export_gazebo_msgs__rosidl_generator_pyExport.cmake
[140.268s] -- Installing: /home/lorenzo/code/dynus_lite/dynus_lite_ws/install/gazebo_msgs/share/gazebo_msgs/cmake/export_gazebo_msgs__rosidl_generator_pyExport-noconfig.cmake
[140.269s] -- Installing: /home/lorenzo/code/dynus_lite/dynus_lite_ws/install/gazebo_msgs/share/gazebo_msgs/cmake/gazebo_msgs-extras.cmake
[140.269s] -- Installing: /home/lorenzo/code/dynus_lite/dynus_lite_ws/install/gazebo_msgs/share/gazebo_msgs/cmake/rosidl_cmake-extras.cmake
[140.269s] -- Installing: /home/lorenzo/code/dynus_lite/dynus_lite_ws/install/gazebo_msgs/share/gazebo_msgs/cmake/ament_cmake_export_dependencies-extras.cmake
[140.270s] -- Installing: /home/lorenzo/code/dynus_lite/dynus_lite_ws/install/gazebo_msgs/share/gazebo_msgs/cmake/ament_cmake_export_include_directories-extras.cmake
[140.270s] -- Installing: /home/lorenzo/code/dynus_lite/dynus_lite_ws/install/gazebo_msgs/share/gazebo_msgs/cmake/ament_cmake_export_libraries-extras.cmake
[140.270s] -- Installing: /home/lorenzo/code/dynus_lite/dynus_lite_ws/install/gazebo_msgs/share/gazebo_msgs/cmake/ament_cmake_export_targets-extras.cmake
[140.270s] -- Installing: /home/lorenzo/code/dynus_lite/dynus_lite_ws/install/gazebo_msgs/share/gazebo_msgs/cmake/rosidl_cmake_export_typesupport_targets-extras.cmake
[140.271s] -- Installing: /home/lorenzo/code/dynus_lite/dynus_lite_ws/install/gazebo_msgs/share/gazebo_msgs/cmake/rosidl_cmake_export_typesupport_libraries-extras.cmake
[140.271s] -- Installing: /home/lorenzo/code/dynus_lite/dynus_lite_ws/install/gazebo_msgs/share/gazebo_msgs/cmake/gazebo_msgsConfig.cmake
[140.271s] -- Installing: /home/lorenzo/code/dynus_lite/dynus_lite_ws/install/gazebo_msgs/share/gazebo_msgs/cmake/gazebo_msgsConfig-version.cmake
[140.271s] -- Installing: /home/lorenzo/code/dynus_lite/dynus_lite_ws/install/gazebo_msgs/share/gazebo_msgs/package.xml
[140.271s] -- Installing: /home/lorenzo/code/dynus_lite/dynus_lite_ws/install/gazebo_msgs/share/gazebo_msgs/gazebo_msgs_mapping_rules.yaml
[140.275s] Invoked command in '/home/lorenzo/code/dynus_lite/dynus_lite_ws/build/gazebo_msgs' returned '0': CMAKE_PREFIX_PATH=${CMAKE_PREFIX_PATH}:/opt/ros/humble /usr/bin/cmake --install /home/lorenzo/code/dynus_lite/dynus_lite_ws/build/gazebo_msgs
