[0.000000] (-) TimerEvent: {}
[0.000126] (-) JobUnselected: {'identifier': 'behavior_selector2'}
[0.000163] (-) JobUnselected: {'identifier': 'decomp_rviz_plugins'}
[0.000181] (-) JobUnselected: {'identifier': 'decomp_test_node'}
[0.000196] (-) JobUnselected: {'identifier': 'dynus'}
[0.000209] (-) JobUnselected: {'identifier': 'dynus_interfaces'}
[0.000223] (-) JobUnselected: {'identifier': 'gazebo_dev'}
[0.000236] (-) JobUnselected: {'identifier': 'gazebo_msgs'}
[0.000248] (-) JobUnselected: {'identifier': 'gazebo_plugins'}
[0.000261] (-) JobUnselected: {'identifier': 'gazebo_ros'}
[0.000274] (-) JobUnselected: {'identifier': 'gazebo_ros_pkgs'}
[0.000287] (-) JobUnselected: {'identifier': 'livox_ros_driver2'}
[0.000299] (-) JobUnselected: {'identifier': 'mission_mode'}
[0.000318] (-) JobUnselected: {'identifier': 'octomap_mapping'}
[0.000332] (-) JobUnselected: {'identifier': 'octomap_rviz_plugins'}
[0.000345] (-) JobUnselected: {'identifier': 'octomap_server'}
[0.000357] (-) JobUnselected: {'identifier': 'realsense_gazebo_plugin'}
[0.000370] (-) JobUnselected: {'identifier': 'ros2_livox_simulation'}
[0.000383] (-) JobUnselected: {'identifier': 'ros2_px4_stack'}
[0.000396] (-) JobUnselected: {'identifier': 'trajectory_generator_ros2'}
[0.000411] (decomp_ros_msgs) JobQueued: {'identifier': 'decomp_ros_msgs', 'dependencies': OrderedDict()}
[0.000428] (decomp_util) JobQueued: {'identifier': 'decomp_util', 'dependencies': OrderedDict()}
[0.000441] (snapstack_msgs2) JobQueued: {'identifier': 'snapstack_msgs2', 'dependencies': OrderedDict()}
[0.000455] (decomp_ros_msgs) JobStarted: {'identifier': 'decomp_ros_msgs'}
[0.004480] (decomp_util) JobStarted: {'identifier': 'decomp_util'}
[0.006980] (snapstack_msgs2) JobStarted: {'identifier': 'snapstack_msgs2'}
[0.010350] (decomp_ros_msgs) JobProgress: {'identifier': 'decomp_ros_msgs', 'progress': 'cmake'}
[0.010502] (decomp_ros_msgs) Command: {'cmd': ['/usr/bin/cmake', '/home/lorenzo/code/dynus_lite/dynus_lite_ws/src/DecompROS2/decomp_ros_msgs', '-DCMAKE_INSTALL_PREFIX=/home/lorenzo/code/dynus_lite/dynus_lite_ws/install/decomp_ros_msgs'], 'cwd': '/home/lorenzo/code/dynus_lite/dynus_lite_ws/build/decomp_ros_msgs', 'env': OrderedDict([('LESSOPEN', '| /usr/bin/lesspipe %s'), ('USER', 'lorenzo'), ('LC_TIME', 'it_IT.UTF-8'), ('ROS_PACKAGE_PATH', '/opt/openrobots/share'), ('XDG_SESSION_TYPE', 'x11'), ('SHLVL', '2'), ('LD_LIBRARY_PATH', '/opt/gurobi1103/linux64/lib:/usr/lib/x86_64-linux-gnu/gazebo-11/plugins:/opt/ros/humble/opt/rviz_ogre_vendor/lib:/opt/ros/humble/lib/x86_64-linux-gnu:/home/lorenzo/code/decomp_ws/install/decomp_ros_msgs/lib:/opt/ros/humble/lib:/home/lorenzo/code/livox_ws/install/livox_ros_driver2/lib:/opt/gurobi1103/linux64/lib'), ('HOME', '/home/lorenzo'), ('CYCLONEDDS_URI', '<CycloneDDS><Domain><General><NetworkInterfaceAddress>wlp2s0</NetworkInterfaceAddress></General></Domain></CycloneDDS>'), ('OLDPWD', '/home/lorenzo/code/dynus_lite/dynus_lite_ws'), ('DESKTOP_SESSION', 'ubuntu-xorg'), ('ROS_PYTHON_VERSION', '3'), ('GNOME_SHELL_SESSION_MODE', 'ubuntu'), ('GTK_MODULES', 'gail:atk-bridge'), ('LC_MONETARY', 'it_IT.UTF-8'), ('SYSTEMD_EXEC_PID', '1507'), ('DBUS_SESSION_BUS_ADDRESS', 'unix:path=/run/user/1000/bus'), ('COLORTERM', 'truecolor'), ('ROS_DISTRO', 'humble'), ('GTK_IM_MODULE', 'ibus'), ('LOGNAME', 'lorenzo'), ('_', '/usr/bin/colcon'), ('ROS_VERSION', '2'), ('PKG_CONFIG_PATH', '/opt/openrobots/lib/pkgconfig:'), ('XDG_SESSION_CLASS', 'user'), ('USERNAME', 'lorenzo'), ('TERM', 'xterm-256color'), ('GNOME_DESKTOP_SESSION_ID', 'this-is-deprecated'), ('ROS_LOCALHOST_ONLY', '0'), ('WINDOWPATH', '2'), ('PATH', '/opt/ros/humble/bin:/opt/openrobots/bin:/usr/lib/dotnet/dotnet:/home/lorenzo/.local/bin:/usr/local/sbin:/usr/local/bin:/usr/sbin:/usr/bin:/sbin:/bin:/usr/games:/usr/local/games:/snap/bin:/snap/bin:/home/lorenzo/.dotnet/tools:/opt/gurobi1103/linux64/bin:/opt/gurobi1103/linux64/bin'), ('SESSION_MANAGER', 'local/lorenzo-XPS-13-7390:@/tmp/.ICE-unix/1460,unix/lorenzo-XPS-13-7390:/tmp/.ICE-unix/1460'), ('XDG_MENU_PREFIX', 'gnome-'), ('LC_ADDRESS', 'it_IT.UTF-8'), ('GNOME_TERMINAL_SCREEN', '/org/gnome/Terminal/screen/5046f4a6_5859_448d_84c8_9d244332172a'), ('XDG_RUNTIME_DIR', '/run/user/1000'), ('DISPLAY', ':0'), ('LANG', 'en_US.UTF-8'), ('XDG_CURRENT_DESKTOP', 'ubuntu:GNOME'), ('DOTNET_BUNDLE_EXTRACT_BASE_DIR', '/home/lorenzo/.cache/dotnet_bundle_extract'), ('LC_TELEPHONE', 'it_IT.UTF-8'), ('RMW_IMPLEMENTATION', 'rmw_cyclonedds_cpp'), ('XMODIFIERS', '@im=ibus'), ('XDG_SESSION_DESKTOP', 'ubuntu-xorg'), ('XAUTHORITY', '/run/user/1000/gdm/Xauthority'), ('LS_COLORS', 'rs=0:di=01;34:ln=01;36:mh=00:pi=40;33:so=01;35:do=01;35:bd=40;33;01:cd=40;33;01:or=40;31;01:mi=00:su=37;41:sg=30;43:ca=30;41:tw=30;42:ow=34;42:st=37;44:ex=01;32:*.tar=01;31:*.tgz=01;31:*.arc=01;31:*.arj=01;31:*.taz=01;31:*.lha=01;31:*.lz4=01;31:*.lzh=01;31:*.lzma=01;31:*.tlz=01;31:*.txz=01;31:*.tzo=01;31:*.t7z=01;31:*.zip=01;31:*.z=01;31:*.dz=01;31:*.gz=01;31:*.lrz=01;31:*.lz=01;31:*.lzo=01;31:*.xz=01;31:*.zst=01;31:*.tzst=01;31:*.bz2=01;31:*.bz=01;31:*.tbz=01;31:*.tbz2=01;31:*.tz=01;31:*.deb=01;31:*.rpm=01;31:*.jar=01;31:*.war=01;31:*.ear=01;31:*.sar=01;31:*.rar=01;31:*.alz=01;31:*.ace=01;31:*.zoo=01;31:*.cpio=01;31:*.7z=01;31:*.rz=01;31:*.cab=01;31:*.wim=01;31:*.swm=01;31:*.dwm=01;31:*.esd=01;31:*.jpg=01;35:*.jpeg=01;35:*.mjpg=01;35:*.mjpeg=01;35:*.gif=01;35:*.bmp=01;35:*.pbm=01;35:*.pgm=01;35:*.ppm=01;35:*.tga=01;35:*.xbm=01;35:*.xpm=01;35:*.tif=01;35:*.tiff=01;35:*.png=01;35:*.svg=01;35:*.svgz=01;35:*.mng=01;35:*.pcx=01;35:*.mov=01;35:*.mpg=01;35:*.mpeg=01;35:*.m2v=01;35:*.mkv=01;35:*.webm=01;35:*.webp=01;35:*.ogm=01;35:*.mp4=01;35:*.m4v=01;35:*.mp4v=01;35:*.vob=01;35:*.qt=01;35:*.nuv=01;35:*.wmv=01;35:*.asf=01;35:*.rm=01;35:*.rmvb=01;35:*.flc=01;35:*.avi=01;35:*.fli=01;35:*.flv=01;35:*.gl=01;35:*.dl=01;35:*.xcf=01;35:*.xwd=01;35:*.yuv=01;35:*.cgm=01;35:*.emf=01;35:*.ogv=01;35:*.ogx=01;35:*.aac=00;36:*.au=00;36:*.flac=00;36:*.m4a=00;36:*.mid=00;36:*.midi=00;36:*.mka=00;36:*.mp3=00;36:*.mpc=00;36:*.ogg=00;36:*.ra=00;36:*.wav=00;36:*.oga=00;36:*.opus=00;36:*.spx=00;36:*.xspf=00;36:'), ('GNOME_TERMINAL_SERVICE', ':1.229'), ('SSH_AGENT_LAUNCHER', 'gnome-keyring'), ('SSH_AUTH_SOCK', '/run/user/1000/keyring/ssh'), ('ROS_DOMAIN_ID', '10'), ('AMENT_PREFIX_PATH', '/opt/ros/humble'), ('SHELL', '/bin/bash'), ('LC_NAME', 'it_IT.UTF-8'), ('QT_ACCESSIBILITY', '1'), ('GDMSESSION', 'ubuntu-xorg'), ('LESSCLOSE', '/usr/bin/lesspipe %s %s'), ('LC_MEASUREMENT', 'it_IT.UTF-8'), ('GPG_AGENT_INFO', '/run/user/1000/gnupg/S.gpg-agent:0:1'), ('LC_IDENTIFICATION', 'it_IT.UTF-8'), ('ROS_AUTOMATIC_DISCOVERY_RANGE', 'SUBNET'), ('QT_IM_MODULE', 'ibus'), ('PWD', '/home/lorenzo/code/dynus_lite/dynus_lite_ws/build/decomp_ros_msgs'), ('LC_ALL', 'en_US.UTF-8'), ('XDG_CONFIG_DIRS', '/etc/xdg/xdg-ubuntu-xorg:/etc/xdg'), ('GUROBI_HOME', '/opt/gurobi1103/linux64'), ('XDG_DATA_DIRS', '/usr/share/ubuntu-xorg:/usr/share/gnome:/usr/local/share/:/usr/share/:/var/lib/snapd/desktop'), ('PYTHONPATH', '/opt/ros/humble/lib/python3.10/site-packages:/opt/ros/humble/local/lib/python3.10/dist-packages:/opt/openrobots/lib/python3.10/site-packages::/opt/openrobots/lib/python3.10/site-packages:/home/lorenzo/Documents/OptimalControl/Lab'), ('LC_NUMERIC', 'it_IT.UTF-8'), ('LC_PAPER', 'it_IT.UTF-8'), ('COLCON', '1'), ('VTE_VERSION', '6800'), ('CMAKE_PREFIX_PATH', '/opt/openrobots::/opt/ros/humble')]), 'shell': False}
[0.012783] (decomp_util) JobProgress: {'identifier': 'decomp_util', 'progress': 'cmake'}
[0.013586] (decomp_util) Command: {'cmd': ['/usr/bin/cmake', '/home/lorenzo/code/dynus_lite/dynus_lite_ws/src/DecompROS2/DecompUtil', '-DCMAKE_INSTALL_PREFIX=/home/lorenzo/code/dynus_lite/dynus_lite_ws/install/decomp_util'], 'cwd': '/home/lorenzo/code/dynus_lite/dynus_lite_ws/build/decomp_util', 'env': OrderedDict([('LESSOPEN', '| /usr/bin/lesspipe %s'), ('USER', 'lorenzo'), ('LC_TIME', 'it_IT.UTF-8'), ('ROS_PACKAGE_PATH', '/opt/openrobots/share'), ('XDG_SESSION_TYPE', 'x11'), ('SHLVL', '2'), ('LD_LIBRARY_PATH', '/opt/gurobi1103/linux64/lib:/usr/lib/x86_64-linux-gnu/gazebo-11/plugins:/opt/ros/humble/opt/rviz_ogre_vendor/lib:/opt/ros/humble/lib/x86_64-linux-gnu:/home/lorenzo/code/decomp_ws/install/decomp_ros_msgs/lib:/opt/ros/humble/lib:/home/lorenzo/code/livox_ws/install/livox_ros_driver2/lib:/opt/gurobi1103/linux64/lib'), ('HOME', '/home/lorenzo'), ('CYCLONEDDS_URI', '<CycloneDDS><Domain><General><NetworkInterfaceAddress>wlp2s0</NetworkInterfaceAddress></General></Domain></CycloneDDS>'), ('OLDPWD', '/home/lorenzo/code/dynus_lite/dynus_lite_ws'), ('DESKTOP_SESSION', 'ubuntu-xorg'), ('ROS_PYTHON_VERSION', '3'), ('GNOME_SHELL_SESSION_MODE', 'ubuntu'), ('GTK_MODULES', 'gail:atk-bridge'), ('LC_MONETARY', 'it_IT.UTF-8'), ('SYSTEMD_EXEC_PID', '1507'), ('DBUS_SESSION_BUS_ADDRESS', 'unix:path=/run/user/1000/bus'), ('COLORTERM', 'truecolor'), ('ROS_DISTRO', 'humble'), ('GTK_IM_MODULE', 'ibus'), ('LOGNAME', 'lorenzo'), ('_', '/usr/bin/colcon'), ('ROS_VERSION', '2'), ('PKG_CONFIG_PATH', '/opt/openrobots/lib/pkgconfig:'), ('XDG_SESSION_CLASS', 'user'), ('USERNAME', 'lorenzo'), ('TERM', 'xterm-256color'), ('GNOME_DESKTOP_SESSION_ID', 'this-is-deprecated'), ('ROS_LOCALHOST_ONLY', '0'), ('WINDOWPATH', '2'), ('PATH', '/opt/ros/humble/bin:/opt/openrobots/bin:/usr/lib/dotnet/dotnet:/home/lorenzo/.local/bin:/usr/local/sbin:/usr/local/bin:/usr/sbin:/usr/bin:/sbin:/bin:/usr/games:/usr/local/games:/snap/bin:/snap/bin:/home/lorenzo/.dotnet/tools:/opt/gurobi1103/linux64/bin:/opt/gurobi1103/linux64/bin'), ('SESSION_MANAGER', 'local/lorenzo-XPS-13-7390:@/tmp/.ICE-unix/1460,unix/lorenzo-XPS-13-7390:/tmp/.ICE-unix/1460'), ('XDG_MENU_PREFIX', 'gnome-'), ('LC_ADDRESS', 'it_IT.UTF-8'), ('GNOME_TERMINAL_SCREEN', '/org/gnome/Terminal/screen/5046f4a6_5859_448d_84c8_9d244332172a'), ('XDG_RUNTIME_DIR', '/run/user/1000'), ('DISPLAY', ':0'), ('LANG', 'en_US.UTF-8'), ('XDG_CURRENT_DESKTOP', 'ubuntu:GNOME'), ('DOTNET_BUNDLE_EXTRACT_BASE_DIR', '/home/lorenzo/.cache/dotnet_bundle_extract'), ('LC_TELEPHONE', 'it_IT.UTF-8'), ('RMW_IMPLEMENTATION', 'rmw_cyclonedds_cpp'), ('XMODIFIERS', '@im=ibus'), ('XDG_SESSION_DESKTOP', 'ubuntu-xorg'), ('XAUTHORITY', '/run/user/1000/gdm/Xauthority'), ('LS_COLORS', 'rs=0:di=01;34:ln=01;36:mh=00:pi=40;33:so=01;35:do=01;35:bd=40;33;01:cd=40;33;01:or=40;31;01:mi=00:su=37;41:sg=30;43:ca=30;41:tw=30;42:ow=34;42:st=37;44:ex=01;32:*.tar=01;31:*.tgz=01;31:*.arc=01;31:*.arj=01;31:*.taz=01;31:*.lha=01;31:*.lz4=01;31:*.lzh=01;31:*.lzma=01;31:*.tlz=01;31:*.txz=01;31:*.tzo=01;31:*.t7z=01;31:*.zip=01;31:*.z=01;31:*.dz=01;31:*.gz=01;31:*.lrz=01;31:*.lz=01;31:*.lzo=01;31:*.xz=01;31:*.zst=01;31:*.tzst=01;31:*.bz2=01;31:*.bz=01;31:*.tbz=01;31:*.tbz2=01;31:*.tz=01;31:*.deb=01;31:*.rpm=01;31:*.jar=01;31:*.war=01;31:*.ear=01;31:*.sar=01;31:*.rar=01;31:*.alz=01;31:*.ace=01;31:*.zoo=01;31:*.cpio=01;31:*.7z=01;31:*.rz=01;31:*.cab=01;31:*.wim=01;31:*.swm=01;31:*.dwm=01;31:*.esd=01;31:*.jpg=01;35:*.jpeg=01;35:*.mjpg=01;35:*.mjpeg=01;35:*.gif=01;35:*.bmp=01;35:*.pbm=01;35:*.pgm=01;35:*.ppm=01;35:*.tga=01;35:*.xbm=01;35:*.xpm=01;35:*.tif=01;35:*.tiff=01;35:*.png=01;35:*.svg=01;35:*.svgz=01;35:*.mng=01;35:*.pcx=01;35:*.mov=01;35:*.mpg=01;35:*.mpeg=01;35:*.m2v=01;35:*.mkv=01;35:*.webm=01;35:*.webp=01;35:*.ogm=01;35:*.mp4=01;35:*.m4v=01;35:*.mp4v=01;35:*.vob=01;35:*.qt=01;35:*.nuv=01;35:*.wmv=01;35:*.asf=01;35:*.rm=01;35:*.rmvb=01;35:*.flc=01;35:*.avi=01;35:*.fli=01;35:*.flv=01;35:*.gl=01;35:*.dl=01;35:*.xcf=01;35:*.xwd=01;35:*.yuv=01;35:*.cgm=01;35:*.emf=01;35:*.ogv=01;35:*.ogx=01;35:*.aac=00;36:*.au=00;36:*.flac=00;36:*.m4a=00;36:*.mid=00;36:*.midi=00;36:*.mka=00;36:*.mp3=00;36:*.mpc=00;36:*.ogg=00;36:*.ra=00;36:*.wav=00;36:*.oga=00;36:*.opus=00;36:*.spx=00;36:*.xspf=00;36:'), ('GNOME_TERMINAL_SERVICE', ':1.229'), ('SSH_AGENT_LAUNCHER', 'gnome-keyring'), ('SSH_AUTH_SOCK', '/run/user/1000/keyring/ssh'), ('ROS_DOMAIN_ID', '10'), ('AMENT_PREFIX_PATH', '/opt/ros/humble'), ('SHELL', '/bin/bash'), ('LC_NAME', 'it_IT.UTF-8'), ('QT_ACCESSIBILITY', '1'), ('GDMSESSION', 'ubuntu-xorg'), ('LESSCLOSE', '/usr/bin/lesspipe %s %s'), ('LC_MEASUREMENT', 'it_IT.UTF-8'), ('GPG_AGENT_INFO', '/run/user/1000/gnupg/S.gpg-agent:0:1'), ('LC_IDENTIFICATION', 'it_IT.UTF-8'), ('ROS_AUTOMATIC_DISCOVERY_RANGE', 'SUBNET'), ('QT_IM_MODULE', 'ibus'), ('PWD', '/home/lorenzo/code/dynus_lite/dynus_lite_ws/build/decomp_util'), ('LC_ALL', 'en_US.UTF-8'), ('XDG_CONFIG_DIRS', '/etc/xdg/xdg-ubuntu-xorg:/etc/xdg'), ('GUROBI_HOME', '/opt/gurobi1103/linux64'), ('XDG_DATA_DIRS', '/usr/share/ubuntu-xorg:/usr/share/gnome:/usr/local/share/:/usr/share/:/var/lib/snapd/desktop'), ('PYTHONPATH', '/opt/ros/humble/lib/python3.10/site-packages:/opt/ros/humble/local/lib/python3.10/dist-packages:/opt/openrobots/lib/python3.10/site-packages::/opt/openrobots/lib/python3.10/site-packages:/home/lorenzo/Documents/OptimalControl/Lab'), ('LC_NUMERIC', 'it_IT.UTF-8'), ('LC_PAPER', 'it_IT.UTF-8'), ('COLCON', '1'), ('VTE_VERSION', '6800'), ('CMAKE_PREFIX_PATH', '/opt/openrobots::/opt/ros/humble')]), 'shell': False}
[0.016118] (snapstack_msgs2) JobProgress: {'identifier': 'snapstack_msgs2', 'progress': 'cmake'}
[0.016565] (snapstack_msgs2) Command: {'cmd': ['/usr/bin/cmake', '/home/lorenzo/code/dynus_lite/dynus_lite_ws/src/snapstack_msgs2', '-DCMAKE_INSTALL_PREFIX=/home/lorenzo/code/dynus_lite/dynus_lite_ws/install/snapstack_msgs2'], 'cwd': '/home/lorenzo/code/dynus_lite/dynus_lite_ws/build/snapstack_msgs2', 'env': OrderedDict([('LESSOPEN', '| /usr/bin/lesspipe %s'), ('USER', 'lorenzo'), ('LC_TIME', 'it_IT.UTF-8'), ('ROS_PACKAGE_PATH', '/opt/openrobots/share'), ('XDG_SESSION_TYPE', 'x11'), ('SHLVL', '2'), ('LD_LIBRARY_PATH', '/opt/gurobi1103/linux64/lib:/usr/lib/x86_64-linux-gnu/gazebo-11/plugins:/opt/ros/humble/opt/rviz_ogre_vendor/lib:/opt/ros/humble/lib/x86_64-linux-gnu:/home/lorenzo/code/decomp_ws/install/decomp_ros_msgs/lib:/opt/ros/humble/lib:/home/lorenzo/code/livox_ws/install/livox_ros_driver2/lib:/opt/gurobi1103/linux64/lib'), ('HOME', '/home/lorenzo'), ('CYCLONEDDS_URI', '<CycloneDDS><Domain><General><NetworkInterfaceAddress>wlp2s0</NetworkInterfaceAddress></General></Domain></CycloneDDS>'), ('OLDPWD', '/home/lorenzo/code/dynus_lite/dynus_lite_ws'), ('DESKTOP_SESSION', 'ubuntu-xorg'), ('ROS_PYTHON_VERSION', '3'), ('GNOME_SHELL_SESSION_MODE', 'ubuntu'), ('GTK_MODULES', 'gail:atk-bridge'), ('LC_MONETARY', 'it_IT.UTF-8'), ('SYSTEMD_EXEC_PID', '1507'), ('DBUS_SESSION_BUS_ADDRESS', 'unix:path=/run/user/1000/bus'), ('COLORTERM', 'truecolor'), ('ROS_DISTRO', 'humble'), ('GTK_IM_MODULE', 'ibus'), ('LOGNAME', 'lorenzo'), ('_', '/usr/bin/colcon'), ('ROS_VERSION', '2'), ('PKG_CONFIG_PATH', '/opt/openrobots/lib/pkgconfig:'), ('XDG_SESSION_CLASS', 'user'), ('USERNAME', 'lorenzo'), ('TERM', 'xterm-256color'), ('GNOME_DESKTOP_SESSION_ID', 'this-is-deprecated'), ('ROS_LOCALHOST_ONLY', '0'), ('WINDOWPATH', '2'), ('PATH', '/opt/ros/humble/bin:/opt/openrobots/bin:/usr/lib/dotnet/dotnet:/home/lorenzo/.local/bin:/usr/local/sbin:/usr/local/bin:/usr/sbin:/usr/bin:/sbin:/bin:/usr/games:/usr/local/games:/snap/bin:/snap/bin:/home/lorenzo/.dotnet/tools:/opt/gurobi1103/linux64/bin:/opt/gurobi1103/linux64/bin'), ('SESSION_MANAGER', 'local/lorenzo-XPS-13-7390:@/tmp/.ICE-unix/1460,unix/lorenzo-XPS-13-7390:/tmp/.ICE-unix/1460'), ('XDG_MENU_PREFIX', 'gnome-'), ('LC_ADDRESS', 'it_IT.UTF-8'), ('GNOME_TERMINAL_SCREEN', '/org/gnome/Terminal/screen/5046f4a6_5859_448d_84c8_9d244332172a'), ('XDG_RUNTIME_DIR', '/run/user/1000'), ('DISPLAY', ':0'), ('LANG', 'en_US.UTF-8'), ('XDG_CURRENT_DESKTOP', 'ubuntu:GNOME'), ('DOTNET_BUNDLE_EXTRACT_BASE_DIR', '/home/lorenzo/.cache/dotnet_bundle_extract'), ('LC_TELEPHONE', 'it_IT.UTF-8'), ('RMW_IMPLEMENTATION', 'rmw_cyclonedds_cpp'), ('XMODIFIERS', '@im=ibus'), ('XDG_SESSION_DESKTOP', 'ubuntu-xorg'), ('XAUTHORITY', '/run/user/1000/gdm/Xauthority'), ('LS_COLORS', 'rs=0:di=01;34:ln=01;36:mh=00:pi=40;33:so=01;35:do=01;35:bd=40;33;01:cd=40;33;01:or=40;31;01:mi=00:su=37;41:sg=30;43:ca=30;41:tw=30;42:ow=34;42:st=37;44:ex=01;32:*.tar=01;31:*.tgz=01;31:*.arc=01;31:*.arj=01;31:*.taz=01;31:*.lha=01;31:*.lz4=01;31:*.lzh=01;31:*.lzma=01;31:*.tlz=01;31:*.txz=01;31:*.tzo=01;31:*.t7z=01;31:*.zip=01;31:*.z=01;31:*.dz=01;31:*.gz=01;31:*.lrz=01;31:*.lz=01;31:*.lzo=01;31:*.xz=01;31:*.zst=01;31:*.tzst=01;31:*.bz2=01;31:*.bz=01;31:*.tbz=01;31:*.tbz2=01;31:*.tz=01;31:*.deb=01;31:*.rpm=01;31:*.jar=01;31:*.war=01;31:*.ear=01;31:*.sar=01;31:*.rar=01;31:*.alz=01;31:*.ace=01;31:*.zoo=01;31:*.cpio=01;31:*.7z=01;31:*.rz=01;31:*.cab=01;31:*.wim=01;31:*.swm=01;31:*.dwm=01;31:*.esd=01;31:*.jpg=01;35:*.jpeg=01;35:*.mjpg=01;35:*.mjpeg=01;35:*.gif=01;35:*.bmp=01;35:*.pbm=01;35:*.pgm=01;35:*.ppm=01;35:*.tga=01;35:*.xbm=01;35:*.xpm=01;35:*.tif=01;35:*.tiff=01;35:*.png=01;35:*.svg=01;35:*.svgz=01;35:*.mng=01;35:*.pcx=01;35:*.mov=01;35:*.mpg=01;35:*.mpeg=01;35:*.m2v=01;35:*.mkv=01;35:*.webm=01;35:*.webp=01;35:*.ogm=01;35:*.mp4=01;35:*.m4v=01;35:*.mp4v=01;35:*.vob=01;35:*.qt=01;35:*.nuv=01;35:*.wmv=01;35:*.asf=01;35:*.rm=01;35:*.rmvb=01;35:*.flc=01;35:*.avi=01;35:*.fli=01;35:*.flv=01;35:*.gl=01;35:*.dl=01;35:*.xcf=01;35:*.xwd=01;35:*.yuv=01;35:*.cgm=01;35:*.emf=01;35:*.ogv=01;35:*.ogx=01;35:*.aac=00;36:*.au=00;36:*.flac=00;36:*.m4a=00;36:*.mid=00;36:*.midi=00;36:*.mka=00;36:*.mp3=00;36:*.mpc=00;36:*.ogg=00;36:*.ra=00;36:*.wav=00;36:*.oga=00;36:*.opus=00;36:*.spx=00;36:*.xspf=00;36:'), ('GNOME_TERMINAL_SERVICE', ':1.229'), ('SSH_AGENT_LAUNCHER', 'gnome-keyring'), ('SSH_AUTH_SOCK', '/run/user/1000/keyring/ssh'), ('ROS_DOMAIN_ID', '10'), ('AMENT_PREFIX_PATH', '/opt/ros/humble'), ('SHELL', '/bin/bash'), ('LC_NAME', 'it_IT.UTF-8'), ('QT_ACCESSIBILITY', '1'), ('GDMSESSION', 'ubuntu-xorg'), ('LESSCLOSE', '/usr/bin/lesspipe %s %s'), ('LC_MEASUREMENT', 'it_IT.UTF-8'), ('GPG_AGENT_INFO', '/run/user/1000/gnupg/S.gpg-agent:0:1'), ('LC_IDENTIFICATION', 'it_IT.UTF-8'), ('ROS_AUTOMATIC_DISCOVERY_RANGE', 'SUBNET'), ('QT_IM_MODULE', 'ibus'), ('PWD', '/home/lorenzo/code/dynus_lite/dynus_lite_ws/build/snapstack_msgs2'), ('LC_ALL', 'en_US.UTF-8'), ('XDG_CONFIG_DIRS', '/etc/xdg/xdg-ubuntu-xorg:/etc/xdg'), ('GUROBI_HOME', '/opt/gurobi1103/linux64'), ('XDG_DATA_DIRS', '/usr/share/ubuntu-xorg:/usr/share/gnome:/usr/local/share/:/usr/share/:/var/lib/snapd/desktop'), ('PYTHONPATH', '/opt/ros/humble/lib/python3.10/site-packages:/opt/ros/humble/local/lib/python3.10/dist-packages:/opt/openrobots/lib/python3.10/site-packages::/opt/openrobots/lib/python3.10/site-packages:/home/lorenzo/Documents/OptimalControl/Lab'), ('LC_NUMERIC', 'it_IT.UTF-8'), ('LC_PAPER', 'it_IT.UTF-8'), ('COLCON', '1'), ('VTE_VERSION', '6800'), ('CMAKE_PREFIX_PATH', '/opt/openrobots::/opt/ros/humble')]), 'shell': False}
[0.020045] (decomp_util) StderrLine: {'line': b'\x1b[0mCMake Deprecation Warning at CMakeLists.txt:1 (cmake_minimum_required):\n'}
[0.020309] (decomp_util) StderrLine: {'line': b'  Compatibility with CMake < 2.8.12 will be removed from a future version of\n'}
[0.020400] (decomp_util) StderrLine: {'line': b'  CMake.\n'}
[0.020476] (decomp_util) StderrLine: {'line': b'\n'}
[0.020544] (decomp_util) StderrLine: {'line': b'  Update the VERSION argument <min> value or use a ...<max> suffix to tell\n'}
[0.020611] (decomp_util) StderrLine: {'line': b'  CMake that the project does not need compatibility with older versions.\n'}
[0.020677] (decomp_util) StderrLine: {'line': b'\n'}
[0.020743] (decomp_util) StderrLine: {'line': b'\x1b[0m\n'}
[0.056493] (decomp_ros_msgs) StdoutLine: {'line': b'-- The C compiler identification is GNU 11.4.0\n'}
[0.059858] (snapstack_msgs2) StdoutLine: {'line': b'-- The C compiler identification is GNU 11.4.0\n'}
[0.061051] (decomp_util) StdoutLine: {'line': b'-- The C compiler identification is GNU 11.4.0\n'}
[0.099282] (-) TimerEvent: {}
[0.104720] (decomp_ros_msgs) StdoutLine: {'line': b'-- The CXX compiler identification is GNU 12.3.0\n'}
[0.110498] (snapstack_msgs2) StdoutLine: {'line': b'-- The CXX compiler identification is GNU 12.3.0\n'}
[0.113277] (decomp_ros_msgs) StdoutLine: {'line': b'-- Detecting C compiler ABI info\n'}
[0.117045] (snapstack_msgs2) StdoutLine: {'line': b'-- Detecting C compiler ABI info\n'}
[0.121042] (decomp_util) StdoutLine: {'line': b'-- The CXX compiler identification is GNU 12.3.0\n'}
[0.128584] (decomp_util) StdoutLine: {'line': b'-- Detecting C compiler ABI info\n'}
[0.168624] (decomp_ros_msgs) StdoutLine: {'line': b'-- Detecting C compiler ABI info - done\n'}
[0.174533] (snapstack_msgs2) StdoutLine: {'line': b'-- Detecting C compiler ABI info - done\n'}
[0.175793] (decomp_ros_msgs) StdoutLine: {'line': b'-- Check for working C compiler: /usr/bin/cc - skipped\n'}
[0.176038] (decomp_ros_msgs) StdoutLine: {'line': b'-- Detecting C compile features\n'}
[0.176440] (decomp_ros_msgs) StdoutLine: {'line': b'-- Detecting C compile features - done\n'}
[0.179155] (decomp_ros_msgs) StdoutLine: {'line': b'-- Detecting CXX compiler ABI info\n'}
[0.186535] (snapstack_msgs2) StdoutLine: {'line': b'-- Check for working C compiler: /usr/bin/cc - skipped\n'}
[0.186757] (snapstack_msgs2) StdoutLine: {'line': b'-- Detecting C compile features\n'}
[0.187095] (snapstack_msgs2) StdoutLine: {'line': b'-- Detecting C compile features - done\n'}
[0.187621] (decomp_util) StdoutLine: {'line': b'-- Detecting C compiler ABI info - done\n'}
[0.189659] (snapstack_msgs2) StdoutLine: {'line': b'-- Detecting CXX compiler ABI info\n'}
[0.195667] (decomp_util) StdoutLine: {'line': b'-- Check for working C compiler: /usr/bin/cc - skipped\n'}
[0.195838] (decomp_util) StdoutLine: {'line': b'-- Detecting C compile features\n'}
[0.196255] (decomp_util) StdoutLine: {'line': b'-- Detecting C compile features - done\n'}
[0.199379] (decomp_util) StdoutLine: {'line': b'-- Detecting CXX compiler ABI info\n'}
[0.199511] (-) TimerEvent: {}
[0.247646] (decomp_ros_msgs) StdoutLine: {'line': b'-- Detecting CXX compiler ABI info - done\n'}
[0.255453] (decomp_ros_msgs) StdoutLine: {'line': b'-- Check for working CXX compiler: /usr/bin/c++ - skipped\n'}
[0.255747] (decomp_ros_msgs) StdoutLine: {'line': b'-- Detecting CXX compile features\n'}
[0.256280] (decomp_ros_msgs) StdoutLine: {'line': b'-- Detecting CXX compile features - done\n'}
[0.258664] (decomp_ros_msgs) StdoutLine: {'line': b'-- Found geometry_msgs: 4.9.1 (/opt/ros/humble/share/geometry_msgs/cmake)\n'}
[0.259899] (snapstack_msgs2) StdoutLine: {'line': b'-- Detecting CXX compiler ABI info - done\n'}
[0.271638] (decomp_util) StdoutLine: {'line': b'-- Detecting CXX compiler ABI info - done\n'}
[0.273719] (snapstack_msgs2) StdoutLine: {'line': b'-- Check for working CXX compiler: /usr/bin/c++ - skipped\n'}
[0.274004] (snapstack_msgs2) StdoutLine: {'line': b'-- Detecting CXX compile features\n'}
[0.274483] (snapstack_msgs2) StdoutLine: {'line': b'-- Detecting CXX compile features - done\n'}
[0.277197] (snapstack_msgs2) StdoutLine: {'line': b'-- Found ament_cmake: 1.3.13 (/opt/ros/humble/share/ament_cmake/cmake)\n'}
[0.281685] (decomp_util) StdoutLine: {'line': b'-- Check for working CXX compiler: /usr/bin/c++ - skipped\n'}
[0.282018] (decomp_util) StdoutLine: {'line': b'-- Detecting CXX compile features\n'}
[0.282621] (decomp_util) StdoutLine: {'line': b'-- Detecting CXX compile features - done\n'}
[0.293611] (decomp_util) StdoutLine: {'line': b'-- Configuring done\n'}
[0.299621] (-) TimerEvent: {}
[0.306341] (decomp_util) StdoutLine: {'line': b'-- Generating done\n'}
[0.312008] (decomp_util) StdoutLine: {'line': b'-- Build files have been written to: /home/lorenzo/code/dynus_lite/dynus_lite_ws/build/decomp_util\n'}
[0.314806] (decomp_util) CommandEnded: {'returncode': 0}
[0.315283] (decomp_util) JobProgress: {'identifier': 'decomp_util', 'progress': 'build'}
[0.315836] (decomp_util) Command: {'cmd': ['/usr/bin/cmake', '--build', '/home/lorenzo/code/dynus_lite/dynus_lite_ws/build/decomp_util', '--', '-j8', '-l8'], 'cwd': '/home/lorenzo/code/dynus_lite/dynus_lite_ws/build/decomp_util', 'env': OrderedDict([('LESSOPEN', '| /usr/bin/lesspipe %s'), ('USER', 'lorenzo'), ('LC_TIME', 'it_IT.UTF-8'), ('ROS_PACKAGE_PATH', '/opt/openrobots/share'), ('XDG_SESSION_TYPE', 'x11'), ('SHLVL', '2'), ('LD_LIBRARY_PATH', '/opt/gurobi1103/linux64/lib:/usr/lib/x86_64-linux-gnu/gazebo-11/plugins:/opt/ros/humble/opt/rviz_ogre_vendor/lib:/opt/ros/humble/lib/x86_64-linux-gnu:/home/lorenzo/code/decomp_ws/install/decomp_ros_msgs/lib:/opt/ros/humble/lib:/home/lorenzo/code/livox_ws/install/livox_ros_driver2/lib:/opt/gurobi1103/linux64/lib'), ('HOME', '/home/lorenzo'), ('CYCLONEDDS_URI', '<CycloneDDS><Domain><General><NetworkInterfaceAddress>wlp2s0</NetworkInterfaceAddress></General></Domain></CycloneDDS>'), ('OLDPWD', '/home/lorenzo/code/dynus_lite/dynus_lite_ws'), ('DESKTOP_SESSION', 'ubuntu-xorg'), ('ROS_PYTHON_VERSION', '3'), ('GNOME_SHELL_SESSION_MODE', 'ubuntu'), ('GTK_MODULES', 'gail:atk-bridge'), ('LC_MONETARY', 'it_IT.UTF-8'), ('SYSTEMD_EXEC_PID', '1507'), ('DBUS_SESSION_BUS_ADDRESS', 'unix:path=/run/user/1000/bus'), ('COLORTERM', 'truecolor'), ('ROS_DISTRO', 'humble'), ('GTK_IM_MODULE', 'ibus'), ('LOGNAME', 'lorenzo'), ('_', '/usr/bin/colcon'), ('ROS_VERSION', '2'), ('PKG_CONFIG_PATH', '/opt/openrobots/lib/pkgconfig:'), ('XDG_SESSION_CLASS', 'user'), ('USERNAME', 'lorenzo'), ('TERM', 'xterm-256color'), ('GNOME_DESKTOP_SESSION_ID', 'this-is-deprecated'), ('ROS_LOCALHOST_ONLY', '0'), ('WINDOWPATH', '2'), ('PATH', '/opt/ros/humble/bin:/opt/openrobots/bin:/usr/lib/dotnet/dotnet:/home/lorenzo/.local/bin:/usr/local/sbin:/usr/local/bin:/usr/sbin:/usr/bin:/sbin:/bin:/usr/games:/usr/local/games:/snap/bin:/snap/bin:/home/lorenzo/.dotnet/tools:/opt/gurobi1103/linux64/bin:/opt/gurobi1103/linux64/bin'), ('SESSION_MANAGER', 'local/lorenzo-XPS-13-7390:@/tmp/.ICE-unix/1460,unix/lorenzo-XPS-13-7390:/tmp/.ICE-unix/1460'), ('XDG_MENU_PREFIX', 'gnome-'), ('LC_ADDRESS', 'it_IT.UTF-8'), ('GNOME_TERMINAL_SCREEN', '/org/gnome/Terminal/screen/5046f4a6_5859_448d_84c8_9d244332172a'), ('XDG_RUNTIME_DIR', '/run/user/1000'), ('DISPLAY', ':0'), ('LANG', 'en_US.UTF-8'), ('XDG_CURRENT_DESKTOP', 'ubuntu:GNOME'), ('DOTNET_BUNDLE_EXTRACT_BASE_DIR', '/home/lorenzo/.cache/dotnet_bundle_extract'), ('LC_TELEPHONE', 'it_IT.UTF-8'), ('RMW_IMPLEMENTATION', 'rmw_cyclonedds_cpp'), ('XMODIFIERS', '@im=ibus'), ('XDG_SESSION_DESKTOP', 'ubuntu-xorg'), ('XAUTHORITY', '/run/user/1000/gdm/Xauthority'), ('LS_COLORS', 'rs=0:di=01;34:ln=01;36:mh=00:pi=40;33:so=01;35:do=01;35:bd=40;33;01:cd=40;33;01:or=40;31;01:mi=00:su=37;41:sg=30;43:ca=30;41:tw=30;42:ow=34;42:st=37;44:ex=01;32:*.tar=01;31:*.tgz=01;31:*.arc=01;31:*.arj=01;31:*.taz=01;31:*.lha=01;31:*.lz4=01;31:*.lzh=01;31:*.lzma=01;31:*.tlz=01;31:*.txz=01;31:*.tzo=01;31:*.t7z=01;31:*.zip=01;31:*.z=01;31:*.dz=01;31:*.gz=01;31:*.lrz=01;31:*.lz=01;31:*.lzo=01;31:*.xz=01;31:*.zst=01;31:*.tzst=01;31:*.bz2=01;31:*.bz=01;31:*.tbz=01;31:*.tbz2=01;31:*.tz=01;31:*.deb=01;31:*.rpm=01;31:*.jar=01;31:*.war=01;31:*.ear=01;31:*.sar=01;31:*.rar=01;31:*.alz=01;31:*.ace=01;31:*.zoo=01;31:*.cpio=01;31:*.7z=01;31:*.rz=01;31:*.cab=01;31:*.wim=01;31:*.swm=01;31:*.dwm=01;31:*.esd=01;31:*.jpg=01;35:*.jpeg=01;35:*.mjpg=01;35:*.mjpeg=01;35:*.gif=01;35:*.bmp=01;35:*.pbm=01;35:*.pgm=01;35:*.ppm=01;35:*.tga=01;35:*.xbm=01;35:*.xpm=01;35:*.tif=01;35:*.tiff=01;35:*.png=01;35:*.svg=01;35:*.svgz=01;35:*.mng=01;35:*.pcx=01;35:*.mov=01;35:*.mpg=01;35:*.mpeg=01;35:*.m2v=01;35:*.mkv=01;35:*.webm=01;35:*.webp=01;35:*.ogm=01;35:*.mp4=01;35:*.m4v=01;35:*.mp4v=01;35:*.vob=01;35:*.qt=01;35:*.nuv=01;35:*.wmv=01;35:*.asf=01;35:*.rm=01;35:*.rmvb=01;35:*.flc=01;35:*.avi=01;35:*.fli=01;35:*.flv=01;35:*.gl=01;35:*.dl=01;35:*.xcf=01;35:*.xwd=01;35:*.yuv=01;35:*.cgm=01;35:*.emf=01;35:*.ogv=01;35:*.ogx=01;35:*.aac=00;36:*.au=00;36:*.flac=00;36:*.m4a=00;36:*.mid=00;36:*.midi=00;36:*.mka=00;36:*.mp3=00;36:*.mpc=00;36:*.ogg=00;36:*.ra=00;36:*.wav=00;36:*.oga=00;36:*.opus=00;36:*.spx=00;36:*.xspf=00;36:'), ('GNOME_TERMINAL_SERVICE', ':1.229'), ('SSH_AGENT_LAUNCHER', 'gnome-keyring'), ('SSH_AUTH_SOCK', '/run/user/1000/keyring/ssh'), ('ROS_DOMAIN_ID', '10'), ('AMENT_PREFIX_PATH', '/opt/ros/humble'), ('SHELL', '/bin/bash'), ('LC_NAME', 'it_IT.UTF-8'), ('QT_ACCESSIBILITY', '1'), ('GDMSESSION', 'ubuntu-xorg'), ('LESSCLOSE', '/usr/bin/lesspipe %s %s'), ('LC_MEASUREMENT', 'it_IT.UTF-8'), ('GPG_AGENT_INFO', '/run/user/1000/gnupg/S.gpg-agent:0:1'), ('LC_IDENTIFICATION', 'it_IT.UTF-8'), ('ROS_AUTOMATIC_DISCOVERY_RANGE', 'SUBNET'), ('QT_IM_MODULE', 'ibus'), ('PWD', '/home/lorenzo/code/dynus_lite/dynus_lite_ws/build/decomp_util'), ('LC_ALL', 'en_US.UTF-8'), ('XDG_CONFIG_DIRS', '/etc/xdg/xdg-ubuntu-xorg:/etc/xdg'), ('GUROBI_HOME', '/opt/gurobi1103/linux64'), ('XDG_DATA_DIRS', '/usr/share/ubuntu-xorg:/usr/share/gnome:/usr/local/share/:/usr/share/:/var/lib/snapd/desktop'), ('PYTHONPATH', '/opt/ros/humble/lib/python3.10/site-packages:/opt/ros/humble/local/lib/python3.10/dist-packages:/opt/openrobots/lib/python3.10/site-packages::/opt/openrobots/lib/python3.10/site-packages:/home/lorenzo/Documents/OptimalControl/Lab'), ('LC_NUMERIC', 'it_IT.UTF-8'), ('LC_PAPER', 'it_IT.UTF-8'), ('COLCON', '1'), ('VTE_VERSION', '6800'), ('CMAKE_PREFIX_PATH', '/opt/openrobots::/opt/ros/humble')]), 'shell': False}
[0.354522] (decomp_util) StdoutLine: {'line': b'[ 12%] \x1b[32mBuilding CXX object CMakeFiles/test_seed_decomp.dir/test/test_seed_decomp.cpp.o\x1b[0m\n'}
[0.399734] (-) TimerEvent: {}
[0.449754] (decomp_ros_msgs) StdoutLine: {'line': b'-- Found Python3: /usr/bin/python3 (found version "3.10.12") found components: Interpreter \n'}
[0.464664] (snapstack_msgs2) StdoutLine: {'line': b'-- Found Python3: /usr/bin/python3 (found version "3.10.12") found components: Interpreter \n'}
[0.499836] (-) TimerEvent: {}
[0.559190] (snapstack_msgs2) StdoutLine: {'line': b'-- Found rosidl_default_generators: 1.2.0 (/opt/ros/humble/share/rosidl_default_generators/cmake)\n'}
[0.562046] (snapstack_msgs2) StdoutLine: {'line': b'-- Using all available rosidl_typesupport_c: rosidl_typesupport_fastrtps_c;rosidl_typesupport_introspection_c\n'}
[0.568956] (snapstack_msgs2) StdoutLine: {'line': b'-- Found rosidl_adapter: 3.1.8 (/opt/ros/humble/share/rosidl_adapter/cmake)\n'}
[0.599969] (-) TimerEvent: {}
[0.601892] (decomp_ros_msgs) StdoutLine: {'line': b'-- Found rosidl_generator_c: 3.1.8 (/opt/ros/humble/share/rosidl_generator_c/cmake)\n'}
[0.607121] (decomp_ros_msgs) StdoutLine: {'line': b'-- Found rosidl_adapter: 3.1.8 (/opt/ros/humble/share/rosidl_adapter/cmake)\n'}
[0.608732] (snapstack_msgs2) StdoutLine: {'line': b'-- Using all available rosidl_typesupport_cpp: rosidl_typesupport_fastrtps_cpp;rosidl_typesupport_introspection_cpp\n'}
[0.615876] (decomp_ros_msgs) StdoutLine: {'line': b'-- Found rosidl_generator_cpp: 3.1.8 (/opt/ros/humble/share/rosidl_generator_cpp/cmake)\n'}
[0.628535] (decomp_ros_msgs) StdoutLine: {'line': b'-- Using all available rosidl_typesupport_c: rosidl_typesupport_fastrtps_c;rosidl_typesupport_introspection_c\n'}
[0.644655] (snapstack_msgs2) StdoutLine: {'line': b'-- Found std_msgs: 4.9.1 (/opt/ros/humble/share/std_msgs/cmake)\n'}
[0.645737] (decomp_ros_msgs) StdoutLine: {'line': b'-- Using all available rosidl_typesupport_cpp: rosidl_typesupport_fastrtps_cpp;rosidl_typesupport_introspection_cpp\n'}
[0.673300] (snapstack_msgs2) StdoutLine: {'line': b'-- Found geometry_msgs: 4.9.1 (/opt/ros/humble/share/geometry_msgs/cmake)\n'}
[0.688327] (snapstack_msgs2) StdoutLine: {'line': b'-- Found nav_msgs: 4.9.1 (/opt/ros/humble/share/nav_msgs/cmake)\n'}
[0.689522] (decomp_ros_msgs) StdoutLine: {'line': b'-- Found rosidl_default_generators: 1.2.0 (/opt/ros/humble/share/rosidl_default_generators/cmake)\n'}
[0.700096] (-) TimerEvent: {}
[0.707288] (snapstack_msgs2) StdoutLine: {'line': b'-- Found std_srvs: 4.9.1 (/opt/ros/humble/share/std_srvs/cmake)\n'}
[0.800192] (-) TimerEvent: {}
[0.900513] (-) TimerEvent: {}
[1.000763] (-) TimerEvent: {}
[1.049819] (decomp_ros_msgs) StdoutLine: {'line': b'-- Found ament_cmake_ros: 0.10.0 (/opt/ros/humble/share/ament_cmake_ros/cmake)\n'}
[1.100885] (-) TimerEvent: {}
[1.122612] (snapstack_msgs2) StdoutLine: {'line': b'-- Found ament_cmake_ros: 0.10.0 (/opt/ros/humble/share/ament_cmake_ros/cmake)\n'}
[1.201004] (-) TimerEvent: {}
[1.301242] (-) TimerEvent: {}
[1.401473] (-) TimerEvent: {}
[1.447592] (snapstack_msgs2) StdoutLine: {'line': b'-- Using all available rosidl_typesupport_c: rosidl_typesupport_fastrtps_c;rosidl_typesupport_introspection_c\n'}
[1.501592] (-) TimerEvent: {}
[1.547118] (decomp_ros_msgs) StdoutLine: {'line': b'-- Using all available rosidl_typesupport_c: rosidl_typesupport_fastrtps_c;rosidl_typesupport_introspection_c\n'}
[1.601721] (-) TimerEvent: {}
[1.702001] (-) TimerEvent: {}
[1.799360] (decomp_ros_msgs) StdoutLine: {'line': b'-- Using all available rosidl_typesupport_cpp: rosidl_typesupport_fastrtps_cpp;rosidl_typesupport_introspection_cpp\n'}
[1.802115] (-) TimerEvent: {}
[1.842044] (decomp_ros_msgs) StdoutLine: {'line': b'-- Found PythonInterp: /usr/bin/python3 (found suitable version "3.10.12", minimum required is "3.6") \n'}
[1.844541] (decomp_ros_msgs) StdoutLine: {'line': b'-- Found python_cmake_module: 0.10.0 (/opt/ros/humble/share/python_cmake_module/cmake)\n'}
[1.894204] (decomp_ros_msgs) StdoutLine: {'line': b'-- Found PythonLibs: /usr/lib/x86_64-linux-gnu/libpython3.10.so (found suitable version "3.10.12", minimum required is "3.5") \n'}
[1.894480] (decomp_ros_msgs) StdoutLine: {'line': b'-- Using PYTHON_EXECUTABLE: /usr/bin/python3\n'}
[1.894555] (decomp_ros_msgs) StdoutLine: {'line': b'-- Using PYTHON_INCLUDE_DIRS: /usr/include/python3.10\n'}
[1.894611] (decomp_ros_msgs) StdoutLine: {'line': b'-- Using PYTHON_LIBRARIES: /usr/lib/x86_64-linux-gnu/libpython3.10.so\n'}
[1.902221] (-) TimerEvent: {}
[1.913156] (snapstack_msgs2) StdoutLine: {'line': b'-- Using all available rosidl_typesupport_cpp: rosidl_typesupport_fastrtps_cpp;rosidl_typesupport_introspection_cpp\n'}
[1.932747] (decomp_ros_msgs) StdoutLine: {'line': b'-- Found PythonExtra: .so  \n'}
[1.954729] (snapstack_msgs2) StdoutLine: {'line': b'-- Found PythonInterp: /usr/bin/python3 (found suitable version "3.10.12", minimum required is "3.6") \n'}
[1.955829] (snapstack_msgs2) StdoutLine: {'line': b'-- Found python_cmake_module: 0.10.0 (/opt/ros/humble/share/python_cmake_module/cmake)\n'}
[1.995722] (snapstack_msgs2) StdoutLine: {'line': b'-- Found PythonLibs: /usr/lib/x86_64-linux-gnu/libpython3.10.so (found suitable version "3.10.12", minimum required is "3.5") \n'}
[1.995988] (snapstack_msgs2) StdoutLine: {'line': b'-- Using PYTHON_EXECUTABLE: /usr/bin/python3\n'}
[1.996121] (snapstack_msgs2) StdoutLine: {'line': b'-- Using PYTHON_INCLUDE_DIRS: /usr/include/python3.10\n'}
[1.996233] (snapstack_msgs2) StdoutLine: {'line': b'-- Using PYTHON_LIBRARIES: /usr/lib/x86_64-linux-gnu/libpython3.10.so\n'}
[2.002322] (-) TimerEvent: {}
[2.012032] (decomp_ros_msgs) StdoutLine: {'line': b'-- Configuring done\n'}
[2.030008] (snapstack_msgs2) StdoutLine: {'line': b'-- Found PythonExtra: .so  \n'}
[2.051637] (decomp_ros_msgs) StdoutLine: {'line': b'-- Generating done\n'}
[2.064611] (decomp_ros_msgs) StdoutLine: {'line': b'-- Build files have been written to: /home/lorenzo/code/dynus_lite/dynus_lite_ws/build/decomp_ros_msgs\n'}
[2.076792] (decomp_ros_msgs) CommandEnded: {'returncode': 0}
[2.077913] (decomp_ros_msgs) JobProgress: {'identifier': 'decomp_ros_msgs', 'progress': 'build'}
[2.078371] (decomp_ros_msgs) Command: {'cmd': ['/usr/bin/cmake', '--build', '/home/lorenzo/code/dynus_lite/dynus_lite_ws/build/decomp_ros_msgs', '--', '-j8', '-l8'], 'cwd': '/home/lorenzo/code/dynus_lite/dynus_lite_ws/build/decomp_ros_msgs', 'env': OrderedDict([('LESSOPEN', '| /usr/bin/lesspipe %s'), ('USER', 'lorenzo'), ('LC_TIME', 'it_IT.UTF-8'), ('ROS_PACKAGE_PATH', '/opt/openrobots/share'), ('XDG_SESSION_TYPE', 'x11'), ('SHLVL', '2'), ('LD_LIBRARY_PATH', '/opt/gurobi1103/linux64/lib:/usr/lib/x86_64-linux-gnu/gazebo-11/plugins:/opt/ros/humble/opt/rviz_ogre_vendor/lib:/opt/ros/humble/lib/x86_64-linux-gnu:/home/lorenzo/code/decomp_ws/install/decomp_ros_msgs/lib:/opt/ros/humble/lib:/home/lorenzo/code/livox_ws/install/livox_ros_driver2/lib:/opt/gurobi1103/linux64/lib'), ('HOME', '/home/lorenzo'), ('CYCLONEDDS_URI', '<CycloneDDS><Domain><General><NetworkInterfaceAddress>wlp2s0</NetworkInterfaceAddress></General></Domain></CycloneDDS>'), ('OLDPWD', '/home/lorenzo/code/dynus_lite/dynus_lite_ws'), ('DESKTOP_SESSION', 'ubuntu-xorg'), ('ROS_PYTHON_VERSION', '3'), ('GNOME_SHELL_SESSION_MODE', 'ubuntu'), ('GTK_MODULES', 'gail:atk-bridge'), ('LC_MONETARY', 'it_IT.UTF-8'), ('SYSTEMD_EXEC_PID', '1507'), ('DBUS_SESSION_BUS_ADDRESS', 'unix:path=/run/user/1000/bus'), ('COLORTERM', 'truecolor'), ('ROS_DISTRO', 'humble'), ('GTK_IM_MODULE', 'ibus'), ('LOGNAME', 'lorenzo'), ('_', '/usr/bin/colcon'), ('ROS_VERSION', '2'), ('PKG_CONFIG_PATH', '/opt/openrobots/lib/pkgconfig:'), ('XDG_SESSION_CLASS', 'user'), ('USERNAME', 'lorenzo'), ('TERM', 'xterm-256color'), ('GNOME_DESKTOP_SESSION_ID', 'this-is-deprecated'), ('ROS_LOCALHOST_ONLY', '0'), ('WINDOWPATH', '2'), ('PATH', '/opt/ros/humble/bin:/opt/openrobots/bin:/usr/lib/dotnet/dotnet:/home/lorenzo/.local/bin:/usr/local/sbin:/usr/local/bin:/usr/sbin:/usr/bin:/sbin:/bin:/usr/games:/usr/local/games:/snap/bin:/snap/bin:/home/lorenzo/.dotnet/tools:/opt/gurobi1103/linux64/bin:/opt/gurobi1103/linux64/bin'), ('SESSION_MANAGER', 'local/lorenzo-XPS-13-7390:@/tmp/.ICE-unix/1460,unix/lorenzo-XPS-13-7390:/tmp/.ICE-unix/1460'), ('XDG_MENU_PREFIX', 'gnome-'), ('LC_ADDRESS', 'it_IT.UTF-8'), ('GNOME_TERMINAL_SCREEN', '/org/gnome/Terminal/screen/5046f4a6_5859_448d_84c8_9d244332172a'), ('XDG_RUNTIME_DIR', '/run/user/1000'), ('DISPLAY', ':0'), ('LANG', 'en_US.UTF-8'), ('XDG_CURRENT_DESKTOP', 'ubuntu:GNOME'), ('DOTNET_BUNDLE_EXTRACT_BASE_DIR', '/home/lorenzo/.cache/dotnet_bundle_extract'), ('LC_TELEPHONE', 'it_IT.UTF-8'), ('RMW_IMPLEMENTATION', 'rmw_cyclonedds_cpp'), ('XMODIFIERS', '@im=ibus'), ('XDG_SESSION_DESKTOP', 'ubuntu-xorg'), ('XAUTHORITY', '/run/user/1000/gdm/Xauthority'), ('LS_COLORS', 'rs=0:di=01;34:ln=01;36:mh=00:pi=40;33:so=01;35:do=01;35:bd=40;33;01:cd=40;33;01:or=40;31;01:mi=00:su=37;41:sg=30;43:ca=30;41:tw=30;42:ow=34;42:st=37;44:ex=01;32:*.tar=01;31:*.tgz=01;31:*.arc=01;31:*.arj=01;31:*.taz=01;31:*.lha=01;31:*.lz4=01;31:*.lzh=01;31:*.lzma=01;31:*.tlz=01;31:*.txz=01;31:*.tzo=01;31:*.t7z=01;31:*.zip=01;31:*.z=01;31:*.dz=01;31:*.gz=01;31:*.lrz=01;31:*.lz=01;31:*.lzo=01;31:*.xz=01;31:*.zst=01;31:*.tzst=01;31:*.bz2=01;31:*.bz=01;31:*.tbz=01;31:*.tbz2=01;31:*.tz=01;31:*.deb=01;31:*.rpm=01;31:*.jar=01;31:*.war=01;31:*.ear=01;31:*.sar=01;31:*.rar=01;31:*.alz=01;31:*.ace=01;31:*.zoo=01;31:*.cpio=01;31:*.7z=01;31:*.rz=01;31:*.cab=01;31:*.wim=01;31:*.swm=01;31:*.dwm=01;31:*.esd=01;31:*.jpg=01;35:*.jpeg=01;35:*.mjpg=01;35:*.mjpeg=01;35:*.gif=01;35:*.bmp=01;35:*.pbm=01;35:*.pgm=01;35:*.ppm=01;35:*.tga=01;35:*.xbm=01;35:*.xpm=01;35:*.tif=01;35:*.tiff=01;35:*.png=01;35:*.svg=01;35:*.svgz=01;35:*.mng=01;35:*.pcx=01;35:*.mov=01;35:*.mpg=01;35:*.mpeg=01;35:*.m2v=01;35:*.mkv=01;35:*.webm=01;35:*.webp=01;35:*.ogm=01;35:*.mp4=01;35:*.m4v=01;35:*.mp4v=01;35:*.vob=01;35:*.qt=01;35:*.nuv=01;35:*.wmv=01;35:*.asf=01;35:*.rm=01;35:*.rmvb=01;35:*.flc=01;35:*.avi=01;35:*.fli=01;35:*.flv=01;35:*.gl=01;35:*.dl=01;35:*.xcf=01;35:*.xwd=01;35:*.yuv=01;35:*.cgm=01;35:*.emf=01;35:*.ogv=01;35:*.ogx=01;35:*.aac=00;36:*.au=00;36:*.flac=00;36:*.m4a=00;36:*.mid=00;36:*.midi=00;36:*.mka=00;36:*.mp3=00;36:*.mpc=00;36:*.ogg=00;36:*.ra=00;36:*.wav=00;36:*.oga=00;36:*.opus=00;36:*.spx=00;36:*.xspf=00;36:'), ('GNOME_TERMINAL_SERVICE', ':1.229'), ('SSH_AGENT_LAUNCHER', 'gnome-keyring'), ('SSH_AUTH_SOCK', '/run/user/1000/keyring/ssh'), ('ROS_DOMAIN_ID', '10'), ('AMENT_PREFIX_PATH', '/opt/ros/humble'), ('SHELL', '/bin/bash'), ('LC_NAME', 'it_IT.UTF-8'), ('QT_ACCESSIBILITY', '1'), ('GDMSESSION', 'ubuntu-xorg'), ('LESSCLOSE', '/usr/bin/lesspipe %s %s'), ('LC_MEASUREMENT', 'it_IT.UTF-8'), ('GPG_AGENT_INFO', '/run/user/1000/gnupg/S.gpg-agent:0:1'), ('LC_IDENTIFICATION', 'it_IT.UTF-8'), ('ROS_AUTOMATIC_DISCOVERY_RANGE', 'SUBNET'), ('QT_IM_MODULE', 'ibus'), ('PWD', '/home/lorenzo/code/dynus_lite/dynus_lite_ws/build/decomp_ros_msgs'), ('LC_ALL', 'en_US.UTF-8'), ('XDG_CONFIG_DIRS', '/etc/xdg/xdg-ubuntu-xorg:/etc/xdg'), ('GUROBI_HOME', '/opt/gurobi1103/linux64'), ('XDG_DATA_DIRS', '/usr/share/ubuntu-xorg:/usr/share/gnome:/usr/local/share/:/usr/share/:/var/lib/snapd/desktop'), ('PYTHONPATH', '/opt/ros/humble/lib/python3.10/site-packages:/opt/ros/humble/local/lib/python3.10/dist-packages:/opt/openrobots/lib/python3.10/site-packages::/opt/openrobots/lib/python3.10/site-packages:/home/lorenzo/Documents/OptimalControl/Lab'), ('LC_NUMERIC', 'it_IT.UTF-8'), ('LC_PAPER', 'it_IT.UTF-8'), ('COLCON', '1'), ('VTE_VERSION', '6800'), ('CMAKE_PREFIX_PATH', '/opt/openrobots::/opt/ros/humble')]), 'shell': False}
[2.102447] (-) TimerEvent: {}
[2.113018] (snapstack_msgs2) StdoutLine: {'line': b'-- Configuring done\n'}
[2.122031] (decomp_ros_msgs) StdoutLine: {'line': b'[  1%] \x1b[34m\x1b[1mGenerating C++ code for ROS interfaces\x1b[0m\n'}
[2.164216] (snapstack_msgs2) StdoutLine: {'line': b'-- Generating done\n'}
[2.178620] (snapstack_msgs2) StdoutLine: {'line': b'-- Build files have been written to: /home/lorenzo/code/dynus_lite/dynus_lite_ws/build/snapstack_msgs2\n'}
[2.189562] (snapstack_msgs2) CommandEnded: {'returncode': 0}
[2.190267] (snapstack_msgs2) JobProgress: {'identifier': 'snapstack_msgs2', 'progress': 'build'}
[2.190632] (snapstack_msgs2) Command: {'cmd': ['/usr/bin/cmake', '--build', '/home/lorenzo/code/dynus_lite/dynus_lite_ws/build/snapstack_msgs2', '--', '-j8', '-l8'], 'cwd': '/home/lorenzo/code/dynus_lite/dynus_lite_ws/build/snapstack_msgs2', 'env': OrderedDict([('LESSOPEN', '| /usr/bin/lesspipe %s'), ('USER', 'lorenzo'), ('LC_TIME', 'it_IT.UTF-8'), ('ROS_PACKAGE_PATH', '/opt/openrobots/share'), ('XDG_SESSION_TYPE', 'x11'), ('SHLVL', '2'), ('LD_LIBRARY_PATH', '/opt/gurobi1103/linux64/lib:/usr/lib/x86_64-linux-gnu/gazebo-11/plugins:/opt/ros/humble/opt/rviz_ogre_vendor/lib:/opt/ros/humble/lib/x86_64-linux-gnu:/home/lorenzo/code/decomp_ws/install/decomp_ros_msgs/lib:/opt/ros/humble/lib:/home/lorenzo/code/livox_ws/install/livox_ros_driver2/lib:/opt/gurobi1103/linux64/lib'), ('HOME', '/home/lorenzo'), ('CYCLONEDDS_URI', '<CycloneDDS><Domain><General><NetworkInterfaceAddress>wlp2s0</NetworkInterfaceAddress></General></Domain></CycloneDDS>'), ('OLDPWD', '/home/lorenzo/code/dynus_lite/dynus_lite_ws'), ('DESKTOP_SESSION', 'ubuntu-xorg'), ('ROS_PYTHON_VERSION', '3'), ('GNOME_SHELL_SESSION_MODE', 'ubuntu'), ('GTK_MODULES', 'gail:atk-bridge'), ('LC_MONETARY', 'it_IT.UTF-8'), ('SYSTEMD_EXEC_PID', '1507'), ('DBUS_SESSION_BUS_ADDRESS', 'unix:path=/run/user/1000/bus'), ('COLORTERM', 'truecolor'), ('ROS_DISTRO', 'humble'), ('GTK_IM_MODULE', 'ibus'), ('LOGNAME', 'lorenzo'), ('_', '/usr/bin/colcon'), ('ROS_VERSION', '2'), ('PKG_CONFIG_PATH', '/opt/openrobots/lib/pkgconfig:'), ('XDG_SESSION_CLASS', 'user'), ('USERNAME', 'lorenzo'), ('TERM', 'xterm-256color'), ('GNOME_DESKTOP_SESSION_ID', 'this-is-deprecated'), ('ROS_LOCALHOST_ONLY', '0'), ('WINDOWPATH', '2'), ('PATH', '/opt/ros/humble/bin:/opt/openrobots/bin:/usr/lib/dotnet/dotnet:/home/lorenzo/.local/bin:/usr/local/sbin:/usr/local/bin:/usr/sbin:/usr/bin:/sbin:/bin:/usr/games:/usr/local/games:/snap/bin:/snap/bin:/home/lorenzo/.dotnet/tools:/opt/gurobi1103/linux64/bin:/opt/gurobi1103/linux64/bin'), ('SESSION_MANAGER', 'local/lorenzo-XPS-13-7390:@/tmp/.ICE-unix/1460,unix/lorenzo-XPS-13-7390:/tmp/.ICE-unix/1460'), ('XDG_MENU_PREFIX', 'gnome-'), ('LC_ADDRESS', 'it_IT.UTF-8'), ('GNOME_TERMINAL_SCREEN', '/org/gnome/Terminal/screen/5046f4a6_5859_448d_84c8_9d244332172a'), ('XDG_RUNTIME_DIR', '/run/user/1000'), ('DISPLAY', ':0'), ('LANG', 'en_US.UTF-8'), ('XDG_CURRENT_DESKTOP', 'ubuntu:GNOME'), ('DOTNET_BUNDLE_EXTRACT_BASE_DIR', '/home/lorenzo/.cache/dotnet_bundle_extract'), ('LC_TELEPHONE', 'it_IT.UTF-8'), ('RMW_IMPLEMENTATION', 'rmw_cyclonedds_cpp'), ('XMODIFIERS', '@im=ibus'), ('XDG_SESSION_DESKTOP', 'ubuntu-xorg'), ('XAUTHORITY', '/run/user/1000/gdm/Xauthority'), ('LS_COLORS', 'rs=0:di=01;34:ln=01;36:mh=00:pi=40;33:so=01;35:do=01;35:bd=40;33;01:cd=40;33;01:or=40;31;01:mi=00:su=37;41:sg=30;43:ca=30;41:tw=30;42:ow=34;42:st=37;44:ex=01;32:*.tar=01;31:*.tgz=01;31:*.arc=01;31:*.arj=01;31:*.taz=01;31:*.lha=01;31:*.lz4=01;31:*.lzh=01;31:*.lzma=01;31:*.tlz=01;31:*.txz=01;31:*.tzo=01;31:*.t7z=01;31:*.zip=01;31:*.z=01;31:*.dz=01;31:*.gz=01;31:*.lrz=01;31:*.lz=01;31:*.lzo=01;31:*.xz=01;31:*.zst=01;31:*.tzst=01;31:*.bz2=01;31:*.bz=01;31:*.tbz=01;31:*.tbz2=01;31:*.tz=01;31:*.deb=01;31:*.rpm=01;31:*.jar=01;31:*.war=01;31:*.ear=01;31:*.sar=01;31:*.rar=01;31:*.alz=01;31:*.ace=01;31:*.zoo=01;31:*.cpio=01;31:*.7z=01;31:*.rz=01;31:*.cab=01;31:*.wim=01;31:*.swm=01;31:*.dwm=01;31:*.esd=01;31:*.jpg=01;35:*.jpeg=01;35:*.mjpg=01;35:*.mjpeg=01;35:*.gif=01;35:*.bmp=01;35:*.pbm=01;35:*.pgm=01;35:*.ppm=01;35:*.tga=01;35:*.xbm=01;35:*.xpm=01;35:*.tif=01;35:*.tiff=01;35:*.png=01;35:*.svg=01;35:*.svgz=01;35:*.mng=01;35:*.pcx=01;35:*.mov=01;35:*.mpg=01;35:*.mpeg=01;35:*.m2v=01;35:*.mkv=01;35:*.webm=01;35:*.webp=01;35:*.ogm=01;35:*.mp4=01;35:*.m4v=01;35:*.mp4v=01;35:*.vob=01;35:*.qt=01;35:*.nuv=01;35:*.wmv=01;35:*.asf=01;35:*.rm=01;35:*.rmvb=01;35:*.flc=01;35:*.avi=01;35:*.fli=01;35:*.flv=01;35:*.gl=01;35:*.dl=01;35:*.xcf=01;35:*.xwd=01;35:*.yuv=01;35:*.cgm=01;35:*.emf=01;35:*.ogv=01;35:*.ogx=01;35:*.aac=00;36:*.au=00;36:*.flac=00;36:*.m4a=00;36:*.mid=00;36:*.midi=00;36:*.mka=00;36:*.mp3=00;36:*.mpc=00;36:*.ogg=00;36:*.ra=00;36:*.wav=00;36:*.oga=00;36:*.opus=00;36:*.spx=00;36:*.xspf=00;36:'), ('GNOME_TERMINAL_SERVICE', ':1.229'), ('SSH_AGENT_LAUNCHER', 'gnome-keyring'), ('SSH_AUTH_SOCK', '/run/user/1000/keyring/ssh'), ('ROS_DOMAIN_ID', '10'), ('AMENT_PREFIX_PATH', '/opt/ros/humble'), ('SHELL', '/bin/bash'), ('LC_NAME', 'it_IT.UTF-8'), ('QT_ACCESSIBILITY', '1'), ('GDMSESSION', 'ubuntu-xorg'), ('LESSCLOSE', '/usr/bin/lesspipe %s %s'), ('LC_MEASUREMENT', 'it_IT.UTF-8'), ('GPG_AGENT_INFO', '/run/user/1000/gnupg/S.gpg-agent:0:1'), ('LC_IDENTIFICATION', 'it_IT.UTF-8'), ('ROS_AUTOMATIC_DISCOVERY_RANGE', 'SUBNET'), ('QT_IM_MODULE', 'ibus'), ('PWD', '/home/lorenzo/code/dynus_lite/dynus_lite_ws/build/snapstack_msgs2'), ('LC_ALL', 'en_US.UTF-8'), ('XDG_CONFIG_DIRS', '/etc/xdg/xdg-ubuntu-xorg:/etc/xdg'), ('GUROBI_HOME', '/opt/gurobi1103/linux64'), ('XDG_DATA_DIRS', '/usr/share/ubuntu-xorg:/usr/share/gnome:/usr/local/share/:/usr/share/:/var/lib/snapd/desktop'), ('PYTHONPATH', '/opt/ros/humble/lib/python3.10/site-packages:/opt/ros/humble/local/lib/python3.10/dist-packages:/opt/openrobots/lib/python3.10/site-packages::/opt/openrobots/lib/python3.10/site-packages:/home/lorenzo/Documents/OptimalControl/Lab'), ('LC_NUMERIC', 'it_IT.UTF-8'), ('LC_PAPER', 'it_IT.UTF-8'), ('COLCON', '1'), ('VTE_VERSION', '6800'), ('CMAKE_PREFIX_PATH', '/opt/openrobots::/opt/ros/humble')]), 'shell': False}
[2.202534] (-) TimerEvent: {}
[2.241132] (snapstack_msgs2) StdoutLine: {'line': b'[  0%] \x1b[34m\x1b[1mGenerating C++ code for ROS interfaces\x1b[0m\n'}
[2.302635] (-) TimerEvent: {}
[2.402949] (-) TimerEvent: {}
[2.503268] (-) TimerEvent: {}
[2.603615] (-) TimerEvent: {}
[2.673742] (decomp_ros_msgs) StdoutLine: {'line': b'[  1%] Built target decomp_ros_msgs__cpp\n'}
[2.697599] (decomp_ros_msgs) StdoutLine: {'line': b'[  1%] Built target ament_cmake_python_copy_decomp_ros_msgs\n'}
[2.703712] (-) TimerEvent: {}
[2.706468] (decomp_ros_msgs) StdoutLine: {'line': b'[  3%] \x1b[34m\x1b[1mGenerating C++ introspection for ROS interfaces\x1b[0m\n'}
[2.803832] (-) TimerEvent: {}
[2.904122] (-) TimerEvent: {}
[3.004390] (-) TimerEvent: {}
[3.104686] (-) TimerEvent: {}
[3.108290] (decomp_ros_msgs) StdoutLine: {'line': b'[  5%] \x1b[32mBuilding CXX object CMakeFiles/decomp_ros_msgs__rosidl_typesupport_introspection_cpp.dir/rosidl_typesupport_introspection_cpp/decomp_ros_msgs/msg/detail/ellipsoid__type_support.cpp.o\x1b[0m\n'}
[3.204789] (-) TimerEvent: {}
[3.305103] (-) TimerEvent: {}
[3.405393] (-) TimerEvent: {}
[3.461505] (decomp_ros_msgs) StdoutLine: {'line': b'[  7%] \x1b[32mBuilding CXX object CMakeFiles/decomp_ros_msgs__rosidl_typesupport_introspection_cpp.dir/rosidl_typesupport_introspection_cpp/decomp_ros_msgs/msg/detail/polyhedron_array__type_support.cpp.o\x1b[0m\n'}
[3.505499] (-) TimerEvent: {}
[3.605820] (-) TimerEvent: {}
[3.706129] (-) TimerEvent: {}
[3.806437] (-) TimerEvent: {}
[3.813048] (snapstack_msgs2) StdoutLine: {'line': b'[  0%] Built target snapstack_msgs2__cpp\n'}
[3.836081] (snapstack_msgs2) StdoutLine: {'line': b'[  0%] Built target ament_cmake_python_copy_snapstack_msgs2\n'}
[3.844720] (snapstack_msgs2) StdoutLine: {'line': b'[  1%] \x1b[34m\x1b[1mGenerating C++ introspection for ROS interfaces\x1b[0m\n'}
[3.891079] (decomp_ros_msgs) StdoutLine: {'line': b'[  9%] \x1b[32mBuilding CXX object CMakeFiles/decomp_ros_msgs__rosidl_typesupport_introspection_cpp.dir/rosidl_typesupport_introspection_cpp/decomp_ros_msgs/msg/detail/polyhedron__type_support.cpp.o\x1b[0m\n'}
[3.906533] (-) TimerEvent: {}
[4.006838] (-) TimerEvent: {}
[4.107187] (-) TimerEvent: {}
[4.156165] (decomp_util) StderrLine: {'line': b'In file included from \x1b[01m\x1b[K/usr/include/boost/math/tools/cxx03_warn.hpp:9\x1b[m\x1b[K,\n'}
[4.156398] (decomp_util) StderrLine: {'line': b'                 from \x1b[01m\x1b[K/usr/include/boost/math/constants/constants.hpp:11\x1b[m\x1b[K,\n'}
[4.156517] (decomp_util) StderrLine: {'line': b'                 from \x1b[01m\x1b[K/usr/include/boost/geometry/util/math.hpp:29\x1b[m\x1b[K,\n'}
[4.156628] (decomp_util) StderrLine: {'line': b'                 from \x1b[01m\x1b[K/usr/include/boost/geometry/core/radian_access.hpp:33\x1b[m\x1b[K,\n'}
[4.156736] (decomp_util) StderrLine: {'line': b'                 from \x1b[01m\x1b[K/usr/include/boost/geometry/geometry.hpp:51\x1b[m\x1b[K,\n'}
[4.156846] (decomp_util) StderrLine: {'line': b'                 from \x1b[01m\x1b[K/usr/include/boost/geometry.hpp:17\x1b[m\x1b[K,\n'}
[4.156954] (decomp_util) StderrLine: {'line': b'                 from \x1b[01m\x1b[K/home/lorenzo/code/dynus_lite/dynus_lite_ws/src/DecompROS2/DecompUtil/test/test_seed_decomp.cpp:5\x1b[m\x1b[K:\n'}
[4.157057] (decomp_util) StderrLine: {'line': b'\x1b[01m\x1b[K/usr/include/boost/detail/no_exceptions_support.hpp:17:1:\x1b[m\x1b[K \x1b[01;36m\x1b[Knote: \x1b[m\x1b[K\xe2\x80\x98\x1b[01m\x1b[K#pragma message: This header is deprecated. Use <boost/core/no_exceptions_support.hpp> instead.\x1b[m\x1b[K\xe2\x80\x99\n'}
[4.157187] (decomp_util) StderrLine: {'line': b'   17 | \x1b[01;36m\x1b[KBOOST_HEADER_DEPRECATED\x1b[m\x1b[K("<boost/core/no_exceptions_support.hpp>")\n'}
[4.157295] (decomp_util) StderrLine: {'line': b'      | \x1b[01;36m\x1b[K^~~~~~~~~~~~~~~~~~~~~~~\x1b[m\x1b[K\n'}
[4.207289] (-) TimerEvent: {}
[4.290283] (decomp_ros_msgs) StdoutLine: {'line': b'[ 10%] \x1b[32mBuilding CXX object CMakeFiles/decomp_ros_msgs__rosidl_typesupport_introspection_cpp.dir/rosidl_typesupport_introspection_cpp/decomp_ros_msgs/msg/detail/ellipsoid_array__type_support.cpp.o\x1b[0m\n'}
[4.307390] (-) TimerEvent: {}
[4.407709] (-) TimerEvent: {}
[4.508033] (-) TimerEvent: {}
[4.608364] (-) TimerEvent: {}
[4.697421] (decomp_ros_msgs) StdoutLine: {'line': b'[ 12%] \x1b[32m\x1b[1mLinking CXX shared library libdecomp_ros_msgs__rosidl_typesupport_introspection_cpp.so\x1b[0m\n'}
[4.708476] (-) TimerEvent: {}
[4.776754] (decomp_ros_msgs) StdoutLine: {'line': b'[ 12%] Built target decomp_ros_msgs__rosidl_typesupport_introspection_cpp\n'}
[4.808562] (-) TimerEvent: {}
[4.908859] (-) TimerEvent: {}
[4.988392] (snapstack_msgs2) StdoutLine: {'line': b'[  2%] \x1b[32mBuilding CXX object CMakeFiles/snapstack_msgs2__rosidl_typesupport_introspection_cpp.dir/rosidl_typesupport_introspection_cpp/snapstack_msgs2/msg/detail/control_log__type_support.cpp.o\x1b[0m\n'}
[5.008958] (-) TimerEvent: {}
[5.069430] (decomp_ros_msgs) StdoutLine: {'line': b'running egg_info\n'}
[5.070060] (decomp_ros_msgs) StdoutLine: {'line': b'creating decomp_ros_msgs.egg-info\n'}
[5.070346] (decomp_ros_msgs) StdoutLine: {'line': b'writing decomp_ros_msgs.egg-info/PKG-INFO\n'}
[5.070528] (decomp_ros_msgs) StdoutLine: {'line': b'writing dependency_links to decomp_ros_msgs.egg-info/dependency_links.txt\n'}
[5.070712] (decomp_ros_msgs) StdoutLine: {'line': b'writing top-level names to decomp_ros_msgs.egg-info/top_level.txt\n'}
[5.072165] (decomp_ros_msgs) StdoutLine: {'line': b"writing manifest file 'decomp_ros_msgs.egg-info/SOURCES.txt'\n"}
[5.074147] (decomp_ros_msgs) StdoutLine: {'line': b"reading manifest file 'decomp_ros_msgs.egg-info/SOURCES.txt'\n"}
[5.074673] (decomp_ros_msgs) StdoutLine: {'line': b"writing manifest file 'decomp_ros_msgs.egg-info/SOURCES.txt'\n"}
[5.100546] (decomp_ros_msgs) StdoutLine: {'line': b'[ 12%] Built target ament_cmake_python_build_decomp_ros_msgs_egg\n'}
[5.108779] (decomp_ros_msgs) StdoutLine: {'line': b'[ 14%] \x1b[34m\x1b[1mGenerating C++ type support for eProsima Fast-RTPS\x1b[0m\n'}
[5.108960] (-) TimerEvent: {}
[5.209196] (-) TimerEvent: {}
[5.309523] (-) TimerEvent: {}
[5.324295] (snapstack_msgs2) StdoutLine: {'line': b'[  3%] \x1b[32mBuilding CXX object CMakeFiles/snapstack_msgs2__rosidl_typesupport_introspection_cpp.dir/rosidl_typesupport_introspection_cpp/snapstack_msgs2/msg/detail/quad_flight_mode__type_support.cpp.o\x1b[0m\n'}
[5.409648] (-) TimerEvent: {}
[5.509955] (-) TimerEvent: {}
[5.514063] (decomp_ros_msgs) StdoutLine: {'line': b'[ 16%] \x1b[32mBuilding CXX object CMakeFiles/decomp_ros_msgs__rosidl_typesupport_fastrtps_cpp.dir/rosidl_typesupport_fastrtps_cpp/decomp_ros_msgs/msg/detail/dds_fastrtps/ellipsoid__type_support.cpp.o\x1b[0m\n'}
[5.610090] (-) TimerEvent: {}
[5.662284] (snapstack_msgs2) StdoutLine: {'line': b'[  4%] \x1b[32mBuilding CXX object CMakeFiles/snapstack_msgs2__rosidl_typesupport_introspection_cpp.dir/rosidl_typesupport_introspection_cpp/snapstack_msgs2/msg/detail/state__type_support.cpp.o\x1b[0m\n'}
[5.710207] (-) TimerEvent: {}
[5.810542] (-) TimerEvent: {}
[5.910870] (-) TimerEvent: {}
[5.961425] (decomp_ros_msgs) StdoutLine: {'line': b'[ 18%] \x1b[32mBuilding CXX object CMakeFiles/decomp_ros_msgs__rosidl_typesupport_fastrtps_cpp.dir/rosidl_typesupport_fastrtps_cpp/decomp_ros_msgs/msg/detail/dds_fastrtps/polyhedron_array__type_support.cpp.o\x1b[0m\n'}
[6.009388] (snapstack_msgs2) StdoutLine: {'line': b'[  5%] \x1b[32mBuilding CXX object CMakeFiles/snapstack_msgs2__rosidl_typesupport_introspection_cpp.dir/rosidl_typesupport_introspection_cpp/snapstack_msgs2/msg/detail/comm_age__type_support.cpp.o\x1b[0m\n'}
[6.010948] (-) TimerEvent: {}
[6.111261] (-) TimerEvent: {}
[6.211522] (-) TimerEvent: {}
[6.311815] (-) TimerEvent: {}
[6.343318] (snapstack_msgs2) StdoutLine: {'line': b'[  6%] \x1b[32mBuilding CXX object CMakeFiles/snapstack_msgs2__rosidl_typesupport_introspection_cpp.dir/rosidl_typesupport_introspection_cpp/snapstack_msgs2/msg/detail/imu__type_support.cpp.o\x1b[0m\n'}
[6.411947] (-) TimerEvent: {}
[6.452714] (decomp_ros_msgs) StdoutLine: {'line': b'[ 20%] \x1b[32mBuilding CXX object CMakeFiles/decomp_ros_msgs__rosidl_typesupport_fastrtps_cpp.dir/rosidl_typesupport_fastrtps_cpp/decomp_ros_msgs/msg/detail/dds_fastrtps/polyhedron__type_support.cpp.o\x1b[0m\n'}
[6.512043] (-) TimerEvent: {}
[6.612316] (-) TimerEvent: {}
[6.680909] (snapstack_msgs2) StdoutLine: {'line': b'[  7%] \x1b[32mBuilding CXX object CMakeFiles/snapstack_msgs2__rosidl_typesupport_introspection_cpp.dir/rosidl_typesupport_introspection_cpp/snapstack_msgs2/msg/detail/smc_data__type_support.cpp.o\x1b[0m\n'}
[6.712475] (-) TimerEvent: {}
[6.812781] (-) TimerEvent: {}
[6.913082] (-) TimerEvent: {}
[6.923337] (decomp_ros_msgs) StdoutLine: {'line': b'[ 21%] \x1b[32mBuilding CXX object CMakeFiles/decomp_ros_msgs__rosidl_typesupport_fastrtps_cpp.dir/rosidl_typesupport_fastrtps_cpp/decomp_ros_msgs/msg/detail/dds_fastrtps/ellipsoid_array__type_support.cpp.o\x1b[0m\n'}
[7.013207] (-) TimerEvent: {}
[7.021142] (snapstack_msgs2) StdoutLine: {'line': b'[  8%] \x1b[32mBuilding CXX object CMakeFiles/snapstack_msgs2__rosidl_typesupport_introspection_cpp.dir/rosidl_typesupport_introspection_cpp/snapstack_msgs2/msg/detail/motors__type_support.cpp.o\x1b[0m\n'}
[7.113343] (-) TimerEvent: {}
[7.213652] (-) TimerEvent: {}
[7.313950] (-) TimerEvent: {}
[7.362435] (snapstack_msgs2) StdoutLine: {'line': b'[  9%] \x1b[32mBuilding CXX object CMakeFiles/snapstack_msgs2__rosidl_typesupport_introspection_cpp.dir/rosidl_typesupport_introspection_cpp/snapstack_msgs2/msg/detail/vio_filter_state__type_support.cpp.o\x1b[0m\n'}
[7.410758] (decomp_ros_msgs) StdoutLine: {'line': b'[ 23%] \x1b[32m\x1b[1mLinking CXX shared library libdecomp_ros_msgs__rosidl_typesupport_fastrtps_cpp.so\x1b[0m\n'}
[7.414048] (-) TimerEvent: {}
[7.488289] (decomp_ros_msgs) StdoutLine: {'line': b'[ 23%] Built target decomp_ros_msgs__rosidl_typesupport_fastrtps_cpp\n'}
[7.496979] (decomp_ros_msgs) StdoutLine: {'line': b'[ 25%] \x1b[34m\x1b[1mGenerating C++ type support dispatch for ROS interfaces\x1b[0m\n'}
[7.514153] (-) TimerEvent: {}
[7.614475] (-) TimerEvent: {}
[7.714794] (-) TimerEvent: {}
[7.752646] (snapstack_msgs2) StdoutLine: {'line': b'[ 10%] \x1b[32mBuilding CXX object CMakeFiles/snapstack_msgs2__rosidl_typesupport_introspection_cpp.dir/rosidl_typesupport_introspection_cpp/snapstack_msgs2/msg/detail/time_filter__type_support.cpp.o\x1b[0m\n'}
[7.807290] (decomp_ros_msgs) StdoutLine: {'line': b'[ 27%] \x1b[32mBuilding CXX object CMakeFiles/decomp_ros_msgs__rosidl_typesupport_cpp.dir/rosidl_typesupport_cpp/decomp_ros_msgs/msg/ellipsoid__type_support.cpp.o\x1b[0m\n'}
[7.814899] (-) TimerEvent: {}
[7.915244] (-) TimerEvent: {}
[8.015559] (-) TimerEvent: {}
[8.065345] (snapstack_msgs2) StdoutLine: {'line': b'[ 11%] \x1b[32mBuilding CXX object CMakeFiles/snapstack_msgs2__rosidl_typesupport_introspection_cpp.dir/rosidl_typesupport_introspection_cpp/snapstack_msgs2/msg/detail/goal__type_support.cpp.o\x1b[0m\n'}
[8.086994] (decomp_ros_msgs) StdoutLine: {'line': b'[ 29%] \x1b[32mBuilding CXX object CMakeFiles/decomp_ros_msgs__rosidl_typesupport_cpp.dir/rosidl_typesupport_cpp/decomp_ros_msgs/msg/polyhedron_array__type_support.cpp.o\x1b[0m\n'}
[8.115666] (-) TimerEvent: {}
[8.215994] (-) TimerEvent: {}
[8.316334] (-) TimerEvent: {}
[8.376950] (decomp_ros_msgs) StdoutLine: {'line': b'[ 30%] \x1b[32mBuilding CXX object CMakeFiles/decomp_ros_msgs__rosidl_typesupport_cpp.dir/rosidl_typesupport_cpp/decomp_ros_msgs/msg/polyhedron__type_support.cpp.o\x1b[0m\n'}
[8.403188] (snapstack_msgs2) StdoutLine: {'line': b'[ 11%] \x1b[32mBuilding CXX object CMakeFiles/snapstack_msgs2__rosidl_typesupport_introspection_cpp.dir/rosidl_typesupport_introspection_cpp/snapstack_msgs2/msg/detail/attitude_command__type_support.cpp.o\x1b[0m\n'}
[8.416455] (-) TimerEvent: {}
[8.516764] (-) TimerEvent: {}
[8.617052] (-) TimerEvent: {}
[8.673312] (decomp_ros_msgs) StdoutLine: {'line': b'[ 32%] \x1b[32mBuilding CXX object CMakeFiles/decomp_ros_msgs__rosidl_typesupport_cpp.dir/rosidl_typesupport_cpp/decomp_ros_msgs/msg/ellipsoid_array__type_support.cpp.o\x1b[0m\n'}
[8.717186] (-) TimerEvent: {}
[8.754295] (snapstack_msgs2) StdoutLine: {'line': b'[ 12%] \x1b[32m\x1b[1mLinking CXX shared library libsnapstack_msgs2__rosidl_typesupport_introspection_cpp.so\x1b[0m\n'}
[8.817286] (-) TimerEvent: {}
[8.831999] (snapstack_msgs2) StdoutLine: {'line': b'[ 12%] Built target snapstack_msgs2__rosidl_typesupport_introspection_cpp\n'}
[8.917403] (-) TimerEvent: {}
[8.966374] (decomp_ros_msgs) StdoutLine: {'line': b'[ 34%] \x1b[32m\x1b[1mLinking CXX shared library libdecomp_ros_msgs__rosidl_typesupport_cpp.so\x1b[0m\n'}
[9.000502] (decomp_ros_msgs) StdoutLine: {'line': b'[ 34%] Built target decomp_ros_msgs__rosidl_typesupport_cpp\n'}
[9.009081] (decomp_ros_msgs) StdoutLine: {'line': b'[ 36%] \x1b[34m\x1b[1mGenerating C code for ROS interfaces\x1b[0m\n'}
[9.017513] (-) TimerEvent: {}
[9.117790] (-) TimerEvent: {}
[9.130410] (snapstack_msgs2) StdoutLine: {'line': b'running egg_info\n'}
[9.130964] (snapstack_msgs2) StdoutLine: {'line': b'creating snapstack_msgs2.egg-info\n'}
[9.131190] (snapstack_msgs2) StdoutLine: {'line': b'writing snapstack_msgs2.egg-info/PKG-INFO\n'}
[9.131345] (snapstack_msgs2) StdoutLine: {'line': b'writing dependency_links to snapstack_msgs2.egg-info/dependency_links.txt\n'}
[9.131481] (snapstack_msgs2) StdoutLine: {'line': b'writing top-level names to snapstack_msgs2.egg-info/top_level.txt\n'}
[9.132994] (snapstack_msgs2) StdoutLine: {'line': b"writing manifest file 'snapstack_msgs2.egg-info/SOURCES.txt'\n"}
[9.135159] (snapstack_msgs2) StdoutLine: {'line': b"reading manifest file 'snapstack_msgs2.egg-info/SOURCES.txt'\n"}
[9.135676] (snapstack_msgs2) StdoutLine: {'line': b"writing manifest file 'snapstack_msgs2.egg-info/SOURCES.txt'\n"}
[9.164175] (snapstack_msgs2) StdoutLine: {'line': b'[ 12%] Built target ament_cmake_python_build_snapstack_msgs2_egg\n'}
[9.173667] (snapstack_msgs2) StdoutLine: {'line': b'[ 12%] \x1b[34m\x1b[1mGenerating C++ type support for eProsima Fast-RTPS\x1b[0m\n'}
[9.217884] (-) TimerEvent: {}
[9.318174] (-) TimerEvent: {}
[9.418483] (-) TimerEvent: {}
[9.518788] (-) TimerEvent: {}
[9.556844] (decomp_ros_msgs) StdoutLine: {'line': b'[ 38%] \x1b[32mBuilding C object CMakeFiles/decomp_ros_msgs__rosidl_generator_c.dir/rosidl_generator_c/decomp_ros_msgs/msg/detail/ellipsoid__functions.c.o\x1b[0m\n'}
[9.609685] (decomp_ros_msgs) StdoutLine: {'line': b'[ 40%] \x1b[32mBuilding C object CMakeFiles/decomp_ros_msgs__rosidl_generator_c.dir/rosidl_generator_c/decomp_ros_msgs/msg/detail/polyhedron_array__functions.c.o\x1b[0m\n'}
[9.618892] (-) TimerEvent: {}
[9.653724] (decomp_ros_msgs) StdoutLine: {'line': b'[ 41%] \x1b[32mBuilding C object CMakeFiles/decomp_ros_msgs__rosidl_generator_c.dir/rosidl_generator_c/decomp_ros_msgs/msg/detail/polyhedron__functions.c.o\x1b[0m\n'}
[9.696372] (decomp_ros_msgs) StdoutLine: {'line': b'[ 43%] \x1b[32mBuilding C object CMakeFiles/decomp_ros_msgs__rosidl_generator_c.dir/rosidl_generator_c/decomp_ros_msgs/msg/detail/ellipsoid_array__functions.c.o\x1b[0m\n'}
[9.719009] (-) TimerEvent: {}
[9.739832] (decomp_ros_msgs) StdoutLine: {'line': b'[ 45%] \x1b[32m\x1b[1mLinking C shared library libdecomp_ros_msgs__rosidl_generator_c.so\x1b[0m\n'}
[9.772844] (decomp_ros_msgs) StdoutLine: {'line': b'[ 45%] Built target decomp_ros_msgs__rosidl_generator_c\n'}
[9.781703] (decomp_ros_msgs) StdoutLine: {'line': b'[ 47%] \x1b[34m\x1b[1mGenerating C type support for eProsima Fast-RTPS\x1b[0m\n'}
[9.819129] (-) TimerEvent: {}
[9.919420] (-) TimerEvent: {}
[10.019722] (-) TimerEvent: {}
[10.120004] (-) TimerEvent: {}
[10.175938] (decomp_ros_msgs) StdoutLine: {'line': b'[ 49%] \x1b[32mBuilding CXX object CMakeFiles/decomp_ros_msgs__rosidl_typesupport_fastrtps_c.dir/rosidl_typesupport_fastrtps_c/decomp_ros_msgs/msg/detail/ellipsoid__type_support_c.cpp.o\x1b[0m\n'}
[10.220106] (-) TimerEvent: {}
[10.320415] (-) TimerEvent: {}
[10.405467] (snapstack_msgs2) StdoutLine: {'line': b'[ 13%] \x1b[32mBuilding CXX object CMakeFiles/snapstack_msgs2__rosidl_typesupport_fastrtps_cpp.dir/rosidl_typesupport_fastrtps_cpp/snapstack_msgs2/msg/detail/dds_fastrtps/control_log__type_support.cpp.o\x1b[0m\n'}
[10.420523] (-) TimerEvent: {}
[10.520836] (-) TimerEvent: {}
[10.543543] (decomp_ros_msgs) StdoutLine: {'line': b'[ 50%] \x1b[32mBuilding CXX object CMakeFiles/decomp_ros_msgs__rosidl_typesupport_fastrtps_c.dir/rosidl_typesupport_fastrtps_c/decomp_ros_msgs/msg/detail/polyhedron_array__type_support_c.cpp.o\x1b[0m\n'}
[10.620943] (-) TimerEvent: {}
[10.721271] (-) TimerEvent: {}
[10.821588] (-) TimerEvent: {}
[10.831481] (snapstack_msgs2) StdoutLine: {'line': b'[ 14%] \x1b[32mBuilding CXX object CMakeFiles/snapstack_msgs2__rosidl_typesupport_fastrtps_cpp.dir/rosidl_typesupport_fastrtps_cpp/snapstack_msgs2/msg/detail/dds_fastrtps/comm_age__type_support.cpp.o\x1b[0m\n'}
[10.898460] (decomp_ros_msgs) StdoutLine: {'line': b'[ 52%] \x1b[32mBuilding CXX object CMakeFiles/decomp_ros_msgs__rosidl_typesupport_fastrtps_c.dir/rosidl_typesupport_fastrtps_c/decomp_ros_msgs/msg/detail/polyhedron__type_support_c.cpp.o\x1b[0m\n'}
[10.921693] (-) TimerEvent: {}
[11.022024] (-) TimerEvent: {}
[11.122360] (-) TimerEvent: {}
[11.222688] (-) TimerEvent: {}
[11.283888] (decomp_ros_msgs) StdoutLine: {'line': b'[ 54%] \x1b[32mBuilding CXX object CMakeFiles/decomp_ros_msgs__rosidl_typesupport_fastrtps_c.dir/rosidl_typesupport_fastrtps_c/decomp_ros_msgs/msg/detail/ellipsoid_array__type_support_c.cpp.o\x1b[0m\n'}
[11.297404] (snapstack_msgs2) StdoutLine: {'line': b'[ 15%] \x1b[32mBuilding CXX object CMakeFiles/snapstack_msgs2__rosidl_typesupport_fastrtps_cpp.dir/rosidl_typesupport_fastrtps_cpp/snapstack_msgs2/msg/detail/dds_fastrtps/imu__type_support.cpp.o\x1b[0m\n'}
[11.322791] (-) TimerEvent: {}
[11.423127] (-) TimerEvent: {}
[11.523453] (-) TimerEvent: {}
[11.623799] (-) TimerEvent: {}
[11.659664] (decomp_ros_msgs) StdoutLine: {'line': b'[ 56%] \x1b[32m\x1b[1mLinking CXX shared library libdecomp_ros_msgs__rosidl_typesupport_fastrtps_c.so\x1b[0m\n'}
[11.723915] (-) TimerEvent: {}
[11.737885] (snapstack_msgs2) StdoutLine: {'line': b'[ 16%] \x1b[32mBuilding CXX object CMakeFiles/snapstack_msgs2__rosidl_typesupport_fastrtps_cpp.dir/rosidl_typesupport_fastrtps_cpp/snapstack_msgs2/msg/detail/dds_fastrtps/smc_data__type_support.cpp.o\x1b[0m\n'}
[11.738159] (decomp_ros_msgs) StdoutLine: {'line': b'[ 56%] Built target decomp_ros_msgs__rosidl_typesupport_fastrtps_c\n'}
[11.746092] (decomp_ros_msgs) StdoutLine: {'line': b'[ 58%] \x1b[34m\x1b[1mGenerating C type support dispatch for ROS interfaces\x1b[0m\n'}
[11.824023] (-) TimerEvent: {}
[11.924372] (-) TimerEvent: {}
[12.024709] (-) TimerEvent: {}
[12.070063] (decomp_ros_msgs) StdoutLine: {'line': b'[ 60%] \x1b[32mBuilding CXX object CMakeFiles/decomp_ros_msgs__rosidl_typesupport_c.dir/rosidl_typesupport_c/decomp_ros_msgs/msg/ellipsoid__type_support.cpp.o\x1b[0m\n'}
[12.104983] (decomp_ros_msgs) StdoutLine: {'line': b'[ 61%] \x1b[32mBuilding CXX object CMakeFiles/decomp_ros_msgs__rosidl_typesupport_c.dir/rosidl_typesupport_c/decomp_ros_msgs/msg/polyhedron_array__type_support.cpp.o\x1b[0m\n'}
[12.124817] (-) TimerEvent: {}
[12.132138] (decomp_ros_msgs) StdoutLine: {'line': b'[ 63%] \x1b[32mBuilding CXX object CMakeFiles/decomp_ros_msgs__rosidl_typesupport_c.dir/rosidl_typesupport_c/decomp_ros_msgs/msg/polyhedron__type_support.cpp.o\x1b[0m\n'}
[12.158824] (decomp_ros_msgs) StdoutLine: {'line': b'[ 65%] \x1b[32mBuilding CXX object CMakeFiles/decomp_ros_msgs__rosidl_typesupport_c.dir/rosidl_typesupport_c/decomp_ros_msgs/msg/ellipsoid_array__type_support.cpp.o\x1b[0m\n'}
[12.179413] (snapstack_msgs2) StdoutLine: {'line': b'[ 17%] \x1b[32mBuilding CXX object CMakeFiles/snapstack_msgs2__rosidl_typesupport_fastrtps_cpp.dir/rosidl_typesupport_fastrtps_cpp/snapstack_msgs2/msg/detail/dds_fastrtps/motors__type_support.cpp.o\x1b[0m\n'}
[12.187156] (decomp_ros_msgs) StdoutLine: {'line': b'[ 67%] \x1b[32m\x1b[1mLinking CXX shared library libdecomp_ros_msgs__rosidl_typesupport_c.so\x1b[0m\n'}
[12.221551] (decomp_ros_msgs) StdoutLine: {'line': b'[ 67%] Built target decomp_ros_msgs__rosidl_typesupport_c\n'}
[12.224913] (-) TimerEvent: {}
[12.230153] (decomp_ros_msgs) StdoutLine: {'line': b'[ 69%] \x1b[34m\x1b[1mGenerating C introspection for ROS interfaces\x1b[0m\n'}
[12.325019] (-) TimerEvent: {}
[12.425354] (-) TimerEvent: {}
[12.525683] (-) TimerEvent: {}
[12.624030] (snapstack_msgs2) StdoutLine: {'line': b'[ 17%] \x1b[32mBuilding CXX object CMakeFiles/snapstack_msgs2__rosidl_typesupport_fastrtps_cpp.dir/rosidl_typesupport_fastrtps_cpp/snapstack_msgs2/msg/detail/dds_fastrtps/vio_filter_state__type_support.cpp.o\x1b[0m\n'}
[12.624278] (decomp_ros_msgs) StdoutLine: {'line': b'[ 70%] \x1b[32mBuilding C object CMakeFiles/decomp_ros_msgs__rosidl_typesupport_introspection_c.dir/rosidl_typesupport_introspection_c/decomp_ros_msgs/msg/detail/ellipsoid__type_support.c.o\x1b[0m\n'}
[12.625757] (-) TimerEvent: {}
[12.653516] (decomp_ros_msgs) StdoutLine: {'line': b'[ 72%] \x1b[32mBuilding C object CMakeFiles/decomp_ros_msgs__rosidl_typesupport_introspection_c.dir/rosidl_typesupport_introspection_c/decomp_ros_msgs/msg/detail/polyhedron_array__type_support.c.o\x1b[0m\n'}
[12.686694] (decomp_ros_msgs) StdoutLine: {'line': b'[ 74%] \x1b[32mBuilding C object CMakeFiles/decomp_ros_msgs__rosidl_typesupport_introspection_c.dir/rosidl_typesupport_introspection_c/decomp_ros_msgs/msg/detail/polyhedron__type_support.c.o\x1b[0m\n'}
[12.718745] (decomp_ros_msgs) StdoutLine: {'line': b'[ 76%] \x1b[32mBuilding C object CMakeFiles/decomp_ros_msgs__rosidl_typesupport_introspection_c.dir/rosidl_typesupport_introspection_c/decomp_ros_msgs/msg/detail/ellipsoid_array__type_support.c.o\x1b[0m\n'}
[12.725868] (-) TimerEvent: {}
[12.750098] (decomp_ros_msgs) StdoutLine: {'line': b'[ 78%] \x1b[32m\x1b[1mLinking C shared library libdecomp_ros_msgs__rosidl_typesupport_introspection_c.so\x1b[0m\n'}
[12.765531] (decomp_util) StderrLine: {'line': b'In file included from \x1b[01m\x1b[K/usr/include/boost/geometry/strategies/cartesian/expand_box.hpp:24\x1b[m\x1b[K,\n'}
[12.765735] (decomp_util) StderrLine: {'line': b'                 from \x1b[01m\x1b[K/usr/include/boost/geometry/strategies/cartesian/envelope_box.hpp:35\x1b[m\x1b[K,\n'}
[12.765836] (decomp_util) StderrLine: {'line': b'                 from \x1b[01m\x1b[K/usr/include/boost/geometry/strategies/cartesian/envelope.hpp:29\x1b[m\x1b[K,\n'}
[12.766098] (decomp_util) StderrLine: {'line': b'                 from \x1b[01m\x1b[K/usr/include/boost/geometry/strategies/cartesian/intersection.hpp:40\x1b[m\x1b[K,\n'}
[12.766405] (decomp_util) StderrLine: {'line': b'                 from \x1b[01m\x1b[K/usr/include/boost/geometry/strategies/intersection_strategies.hpp:28\x1b[m\x1b[K,\n'}
[12.766511] (decomp_util) StderrLine: {'line': b'                 from \x1b[01m\x1b[K/usr/include/boost/geometry/strategies/strategies.hpp:39\x1b[m\x1b[K,\n'}
[12.766596] (decomp_util) StderrLine: {'line': b'                 from \x1b[01m\x1b[K/usr/include/boost/geometry/geometry.hpp:58\x1b[m\x1b[K:\n'}
[12.766675] (decomp_util) StderrLine: {'line': b'In static member function \xe2\x80\x98\x1b[01m\x1b[Kstatic void boost::geometry::detail::expand::indexed_loop<Index, Dimension, DimensionCount>::apply(Box&, const Geometry&) [with Box = boost::geometry::model::box<boost::geometry::model::d2::point_xy<double> >; Geometry = boost::geometry::model::box<boost::geometry::model::d2::point_xy<double> >; long unsigned int Index = 0; long unsigned int Dimension = 1; long unsigned int DimensionCount = 2]\x1b[m\x1b[K\xe2\x80\x99,\n'}
[12.766771] (decomp_util) StderrLine: {'line': b'    inlined from \xe2\x80\x98\x1b[01m\x1b[Kstatic void boost::geometry::detail::expand::indexed_loop<Index, Dimension, DimensionCount>::apply(Box&, const Geometry&) [with Box = boost::geometry::model::box<boost::geometry::model::d2::point_xy<double> >; Geometry = boost::geometry::model::box<boost::geometry::model::d2::point_xy<double> >; long unsigned int Index = 0; long unsigned int Dimension = 0; long unsigned int DimensionCount = 2]\x1b[m\x1b[K\xe2\x80\x99 at \x1b[01m\x1b[K/usr/include/boost/geometry/algorithms/detail/expand/indexed.hpp:78:21\x1b[m\x1b[K,\n'}
[12.766860] (decomp_util) StderrLine: {'line': b'    inlined from \xe2\x80\x98\x1b[01m\x1b[Kstatic void boost::geometry::detail::expand::expand_indexed<Dimension, DimensionCount>::apply(Box&, const Geometry&) [with Box = boost::geometry::model::box<boost::geometry::model::d2::point_xy<double> >; Geometry = boost::geometry::model::box<boost::geometry::model::d2::point_xy<double> >; long unsigned int Dimension = 0; long unsigned int DimensionCount = 2]\x1b[m\x1b[K\xe2\x80\x99 at \x1b[01m\x1b[K/usr/include/boost/geometry/algorithms/detail/expand/indexed.hpp:105:21\x1b[m\x1b[K,\n'}
[12.766950] (decomp_util) StderrLine: {'line': b'    inlined from \xe2\x80\x98\x1b[01m\x1b[Kstatic void boost::geometry::strategy::expand::cartesian_box::apply(BoxOut&, const BoxIn&) [with BoxOut = boost::geometry::model::box<boost::geometry::model::d2::point_xy<double> >; BoxIn = boost::geometry::model::box<boost::geometry::model::d2::point_xy<double> >]\x1b[m\x1b[K\xe2\x80\x99 at \x1b[01m\x1b[K/usr/include/boost/geometry/strategies/cartesian/expand_box.hpp:43:21\x1b[m\x1b[K,\n'}
[12.767033] (decomp_util) StderrLine: {'line': b'    inlined from \xe2\x80\x98\x1b[01m\x1b[Kvoid boost::geometry::strategy::envelope::cartesian<CalculationType>::multi_state<Box>::apply(const Box&) [with Box = boost::geometry::model::box<boost::geometry::model::d2::point_xy<double> >; CalculationType = double]\x1b[m\x1b[K\xe2\x80\x99 at \x1b[01m\x1b[K/usr/include/boost/geometry/strategies/cartesian/envelope.hpp:96:48\x1b[m\x1b[K,\n'}
[12.767131] (decomp_util) StderrLine: {'line': b'    inlined from \xe2\x80\x98\x1b[01m\x1b[Kstatic void boost::geometry::detail::envelope::envelope_multi_range<EnvelopePolicy>::apply(Iter, Iter, Box&, const Strategy&) [with Iter = __gnu_cxx::__normal_iterator<const boost::geometry::model::ring<boost::geometry::model::d2::point_xy<double>, true, true, std::vector, std::allocator>*, std::vector<boost::geometry::model::ring<boost::geometry::model::d2::point_xy<double>, true, true, std::vector, std::allocator>, std::allocator<boost::geometry::model::ring<boost::geometry::model::d2::point_xy<double>, true, true, std::vector, std::allocator> > > >; Box = boost::geometry::model::box<boost::geometry::model::d2::point_xy<double> >; Strategy = boost::geometry::strategy::envelope::cartesian<double>; EnvelopePolicy = boost::geometry::detail::envelope::envelope_range]\x1b[m\x1b[K\xe2\x80\x99 at \x1b[01m\x1b[K/usr/include/boost/geometry/algorithms/detail/envelope/range.hpp:113:28\x1b[m\x1b[K,\n'}
[12.767226] (decomp_util) StderrLine: {'line': b'    inlined from \xe2\x80\x98\x1b[01m\x1b[Kstatic void boost::geometry::detail::envelope::envelope_multi_range<EnvelopePolicy>::apply(const MultiRange&, Box&, const Strategy&) [with MultiRange = std::vector<boost::geometry::model::ring<boost::geometry::model::d2::point_xy<double>, true, true, std::vector, std::allocator>, std::allocator<boost::geometry::model::ring<boost::geometry::model::d2::point_xy<double>, true, true, std::vector, std::allocator> > >; Box = boost::geometry::model::box<boost::geometry::model::d2::point_xy<double> >; Strategy = boost::geometry::strategy::envelope::cartesian<double>; EnvelopePolicy = boost::geometry::detail::envelope::envelope_range]\x1b[m\x1b[K\xe2\x80\x99 at \x1b[01m\x1b[K/usr/include/boost/geometry/algorithms/detail/envelope/range.hpp:97:14\x1b[m\x1b[K,\n'}
[12.767315] (decomp_util) StderrLine: {'line': b'    inlined from \xe2\x80\x98\x1b[01m\x1b[Kstatic void boost::geometry::detail::envelope::envelope_polygon::apply(const Polygon&, Box&, const Strategy&) [with Polygon = boost::geometry::model::polygon<boost::geometry::model::d2::point_xy<double> >; Box = boost::geometry::model::box<boost::geometry::model::d2::point_xy<double> >; Strategy = boost::geometry::strategy::envelope::cartesian<double>]\x1b[m\x1b[K\xe2\x80\x99 at \x1b[01m\x1b[K/usr/include/boost/geometry/algorithms/detail/envelope/areal.hpp:46:25\x1b[m\x1b[K,\n'}
[12.767405] (decomp_util) StderrLine: {'line': b'    inlined from \xe2\x80\x98\x1b[01m\x1b[Kstatic void boost::geometry::resolve_strategy::envelope<Geometry>::apply(const Geometry&, Box&, boost::geometry::default_strategy) [with Box = boost::geometry::model::box<boost::geometry::model::d2::point_xy<double> >; Geometry = boost::geometry::model::polygon<boost::geometry::model::d2::point_xy<double> >]\x1b[m\x1b[K\xe2\x80\x99 at \x1b[01m\x1b[K/usr/include/boost/geometry/algorithms/detail/envelope/interface.hpp:76:44\x1b[m\x1b[K,\n'}
[12.767491] (decomp_util) StderrLine: {'line': b'    inlined from \xe2\x80\x98\x1b[01m\x1b[Kstatic void boost::geometry::resolve_variant::envelope<Geometry>::apply(const Geometry&, Box&, const Strategy&) [with Box = boost::geometry::model::box<boost::geometry::model::d2::point_xy<double> >; Strategy = boost::geometry::default_strategy; Geometry = boost::geometry::model::polygon<boost::geometry::model::d2::point_xy<double> >]\x1b[m\x1b[K\xe2\x80\x99 at \x1b[01m\x1b[K/usr/include/boost/geometry/algorithms/detail/envelope/interface.hpp:96:52\x1b[m\x1b[K,\n'}
[12.767575] (decomp_util) StderrLine: {'line': b'    inlined from \xe2\x80\x98\x1b[01m\x1b[KBox boost::geometry::return_envelope(const Geometry&) [with Box = model::box<model::d2::point_xy<double> >; Geometry = model::polygon<model::d2::point_xy<double> >]\x1b[m\x1b[K\xe2\x80\x99 at \x1b[01m\x1b[K/usr/include/boost/geometry/algorithms/detail/envelope/interface.hpp:225:47\x1b[m\x1b[K,\n'}
[12.767662] (decomp_util) StderrLine: {'line': b'    inlined from \xe2\x80\x98\x1b[01m\x1b[Kvoid boost::geometry::svg_mapper<Point, SameScale, SvgCoordinateType>::add(const Geometry&) [with Geometry = boost::geometry::model::polygon<boost::geometry::model::d2::point_xy<double> >; Point = boost::geometry::model::d2::point_xy<double>; bool SameScale = true; SvgCoordinateType = double]\x1b[m\x1b[K\xe2\x80\x99 at \x1b[01m\x1b[K/usr/include/boost/geometry/io/svg/svg_mapper.hpp:375:22\x1b[m\x1b[K:\n'}
[12.767750] (decomp_util) StderrLine: {'line': b'\x1b[01m\x1b[K/usr/include/boost/geometry/algorithms/detail/expand/indexed.hpp:70:9:\x1b[m\x1b[K \x1b[01;35m\x1b[Kwarning: \x1b[m\x1b[K\xe2\x80\x98\x1b[01m\x1b[K*(boost::geometry::model::point<double, 2, boost::geometry::cs::cartesian>*)((char*)&state + offsetof(boost::geometry::strategy::envelope::cartesian<double>::multi_state<boost::geometry::model::box<boost::geometry::model::d2::point_xy<double, boost::geometry::cs::cartesian> > >,boost::geometry::strategy::envelope::cartesian<double>::multi_state<boost::geometry::model::box<boost::geometry::model::d2::point_xy<double, boost::geometry::cs::cartesian> > >::m_box.boost::geometry::model::box<boost::geometry::model::d2::point_xy<double, boost::geometry::cs::cartesian> >::m_max_corner.boost::geometry::model::d2::point_xy<double, boost::geometry::cs::cartesian>::<unnamed>)).boost::geometry::model::point<double, 2, boost::geometry::cs::cartesian>::m_values[1]\x1b[m\x1b[K\xe2\x80\x99 may be used uninitialized [\x1b[01;35m\x1b[K\x1b]8;;https://gcc.gnu.org/onlinedocs/gcc/Warning-Options.html#index-Wmaybe-uninitialized\x07-Wmaybe-uninitialized\x1b]8;;\x07\x1b[m\x1b[K]\n'}
[12.767855] (decomp_util) StderrLine: {'line': b'   70 |         \x1b[01;35m\x1b[Kif\x1b[m\x1b[K (greater(coord, get<max_corner, Dimension>(box)))\n'}
[12.767940] (decomp_util) StderrLine: {'line': b'      |         \x1b[01;35m\x1b[K^~\x1b[m\x1b[K\n'}
[12.768021] (decomp_util) StderrLine: {'line': b'In file included from \x1b[01m\x1b[K/usr/include/boost/geometry/algorithms/detail/envelope/areal.hpp:20\x1b[m\x1b[K,\n'}
[12.768118] (decomp_util) StderrLine: {'line': b'                 from \x1b[01m\x1b[K/usr/include/boost/geometry/algorithms/detail/envelope/implementation.hpp:29\x1b[m\x1b[K,\n'}
[12.768205] (decomp_util) StderrLine: {'line': b'                 from \x1b[01m\x1b[K/usr/include/boost/geometry/algorithms/envelope.hpp:23\x1b[m\x1b[K,\n'}
[12.768286] (decomp_util) StderrLine: {'line': b'                 from \x1b[01m\x1b[K/usr/include/boost/geometry/algorithms/detail/disjoint/segment_box.hpp:36\x1b[m\x1b[K,\n'}
[12.768365] (decomp_util) StderrLine: {'line': b'                 from \x1b[01m\x1b[K/usr/include/boost/geometry/strategies/spherical/disjoint_segment_box.hpp:30\x1b[m\x1b[K,\n'}
[12.768444] (decomp_util) StderrLine: {'line': b'                 from \x1b[01m\x1b[K/usr/include/boost/geometry/strategies/spherical/intersection.hpp:45\x1b[m\x1b[K,\n'}
[12.768526] (decomp_util) StderrLine: {'line': b'                 from \x1b[01m\x1b[K/usr/include/boost/geometry/strategies/intersection_strategies.hpp:30\x1b[m\x1b[K:\n'}
[12.768605] (decomp_util) StderrLine: {'line': b'\x1b[01m\x1b[K/usr/include/boost/geometry/algorithms/detail/envelope/range.hpp:\x1b[m\x1b[K In member function \xe2\x80\x98\x1b[01m\x1b[Kvoid boost::geometry::svg_mapper<Point, SameScale, SvgCoordinateType>::add(const Geometry&) [with Geometry = boost::geometry::model::polygon<boost::geometry::model::d2::point_xy<double> >; Point = boost::geometry::model::d2::point_xy<double>; bool SameScale = true; SvgCoordinateType = double]\x1b[m\x1b[K\xe2\x80\x99:\n'}
[12.768693] (decomp_util) StderrLine: {'line': b'\x1b[01m\x1b[K/usr/include/boost/geometry/algorithms/detail/envelope/range.hpp:106:54:\x1b[m\x1b[K \x1b[01;36m\x1b[Knote: \x1b[m\x1b[K\xe2\x80\x98\x1b[01m\x1b[K*(boost::geometry::model::point<double, 2, boost::geometry::cs::cartesian>*)((char*)&state + offsetof(boost::geometry::strategy::envelope::cartesian<double>::multi_state<boost::geometry::model::box<boost::geometry::model::d2::point_xy<double, boost::geometry::cs::cartesian> > >,boost::geometry::strategy::envelope::cartesian<double>::multi_state<boost::geometry::model::box<boost::geometry::model::d2::point_xy<double, boost::geometry::cs::cartesian> > >::m_box.boost::geometry::model::box<boost::geometry::model::d2::point_xy<double, boost::geometry::cs::cartesian> >::m_max_corner.boost::geometry::model::d2::point_xy<double, boost::geometry::cs::cartesian>::<unnamed>)).boost::geometry::model::point<double, 2, boost::geometry::cs::cartesian>::m_values[1]\x1b[m\x1b[K\xe2\x80\x99 was declared here\n'}
[12.768790] (decomp_util) StderrLine: {'line': b'  106 |         typename Strategy::template multi_state<Box> \x1b[01;36m\x1b[Kstate\x1b[m\x1b[K;\n'}
[12.768870] (decomp_util) StderrLine: {'line': b'      |                                                      \x1b[01;36m\x1b[K^~~~~\x1b[m\x1b[K\n'}
[12.768952] (decomp_util) StderrLine: {'line': b'In static member function \xe2\x80\x98\x1b[01m\x1b[Kstatic void boost::geometry::detail::expand::indexed_loop<Index, Dimension, DimensionCount>::apply(Box&, const Geometry&) [with Box = boost::geometry::model::box<boost::geometry::model::d2::point_xy<double> >; Geometry = boost::geometry::model::box<boost::geometry::model::d2::point_xy<double> >; long unsigned int Index = 0; long unsigned int Dimension = 0; long unsigned int DimensionCount = 2]\x1b[m\x1b[K\xe2\x80\x99,\n'}
[12.769050] (decomp_util) StderrLine: {'line': b'    inlined from \xe2\x80\x98\x1b[01m\x1b[Kstatic void boost::geometry::detail::expand::expand_indexed<Dimension, DimensionCount>::apply(Box&, const Geometry&) [with Box = boost::geometry::model::box<boost::geometry::model::d2::point_xy<double> >; Geometry = boost::geometry::model::box<boost::geometry::model::d2::point_xy<double> >; long unsigned int Dimension = 0; long unsigned int DimensionCount = 2]\x1b[m\x1b[K\xe2\x80\x99 at \x1b[01m\x1b[K/usr/include/boost/geometry/algorithms/detail/expand/indexed.hpp:105:21\x1b[m\x1b[K,\n'}
[12.769156] (decomp_util) StderrLine: {'line': b'    inlined from \xe2\x80\x98\x1b[01m\x1b[Kstatic void boost::geometry::strategy::expand::cartesian_box::apply(BoxOut&, const BoxIn&) [with BoxOut = boost::geometry::model::box<boost::geometry::model::d2::point_xy<double> >; BoxIn = boost::geometry::model::box<boost::geometry::model::d2::point_xy<double> >]\x1b[m\x1b[K\xe2\x80\x99 at \x1b[01m\x1b[K/usr/include/boost/geometry/strategies/cartesian/expand_box.hpp:43:21\x1b[m\x1b[K,\n'}
[12.769243] (decomp_util) StderrLine: {'line': b'    inlined from \xe2\x80\x98\x1b[01m\x1b[Kvoid boost::geometry::strategy::envelope::cartesian<CalculationType>::multi_state<Box>::apply(const Box&) [with Box = boost::geometry::model::box<boost::geometry::model::d2::point_xy<double> >; CalculationType = double]\x1b[m\x1b[K\xe2\x80\x99 at \x1b[01m\x1b[K/usr/include/boost/geometry/strategies/cartesian/envelope.hpp:96:48\x1b[m\x1b[K,\n'}
[12.769324] (decomp_util) StderrLine: {'line': b'    inlined from \xe2\x80\x98\x1b[01m\x1b[Kstatic void boost::geometry::detail::envelope::envelope_multi_range<EnvelopePolicy>::apply(Iter, Iter, Box&, const Strategy&) [with Iter = __gnu_cxx::__normal_iterator<const boost::geometry::model::ring<boost::geometry::model::d2::point_xy<double>, true, true, std::vector, std::allocator>*, std::vector<boost::geometry::model::ring<boost::geometry::model::d2::point_xy<double>, true, true, std::vector, std::allocator>, std::allocator<boost::geometry::model::ring<boost::geometry::model::d2::point_xy<double>, true, true, std::vector, std::allocator> > > >; Box = boost::geometry::model::box<boost::geometry::model::d2::point_xy<double> >; Strategy = boost::geometry::strategy::envelope::cartesian<double>; EnvelopePolicy = boost::geometry::detail::envelope::envelope_range]\x1b[m\x1b[K\xe2\x80\x99 at \x1b[01m\x1b[K/usr/include/boost/geometry/algorithms/detail/envelope/range.hpp:113:28\x1b[m\x1b[K,\n'}
[12.769414] (decomp_util) StderrLine: {'line': b'    inlined from \xe2\x80\x98\x1b[01m\x1b[Kstatic void boost::geometry::detail::envelope::envelope_multi_range<EnvelopePolicy>::apply(const MultiRange&, Box&, const Strategy&) [with MultiRange = std::vector<boost::geometry::model::ring<boost::geometry::model::d2::point_xy<double>, true, true, std::vector, std::allocator>, std::allocator<boost::geometry::model::ring<boost::geometry::model::d2::point_xy<double>, true, true, std::vector, std::allocator> > >; Box = boost::geometry::model::box<boost::geometry::model::d2::point_xy<double> >; Strategy = boost::geometry::strategy::envelope::cartesian<double>; EnvelopePolicy = boost::geometry::detail::envelope::envelope_range]\x1b[m\x1b[K\xe2\x80\x99 at \x1b[01m\x1b[K/usr/include/boost/geometry/algorithms/detail/envelope/range.hpp:97:14\x1b[m\x1b[K,\n'}
[12.769515] (decomp_util) StderrLine: {'line': b'    inlined from \xe2\x80\x98\x1b[01m\x1b[Kstatic void boost::geometry::detail::envelope::envelope_polygon::apply(const Polygon&, Box&, const Strategy&) [with Polygon = boost::geometry::model::polygon<boost::geometry::model::d2::point_xy<double> >; Box = boost::geometry::model::box<boost::geometry::model::d2::point_xy<double> >; Strategy = boost::geometry::strategy::envelope::cartesian<double>]\x1b[m\x1b[K\xe2\x80\x99 at \x1b[01m\x1b[K/usr/include/boost/geometry/algorithms/detail/envelope/areal.hpp:46:25\x1b[m\x1b[K,\n'}
[12.769609] (decomp_util) StderrLine: {'line': b'    inlined from \xe2\x80\x98\x1b[01m\x1b[Kstatic void boost::geometry::resolve_strategy::envelope<Geometry>::apply(const Geometry&, Box&, boost::geometry::default_strategy) [with Box = boost::geometry::model::box<boost::geometry::model::d2::point_xy<double> >; Geometry = boost::geometry::model::polygon<boost::geometry::model::d2::point_xy<double> >]\x1b[m\x1b[K\xe2\x80\x99 at \x1b[01m\x1b[K/usr/include/boost/geometry/algorithms/detail/envelope/interface.hpp:76:44\x1b[m\x1b[K,\n'}
[12.769695] (decomp_util) StderrLine: {'line': b'    inlined from \xe2\x80\x98\x1b[01m\x1b[Kstatic void boost::geometry::resolve_variant::envelope<Geometry>::apply(const Geometry&, Box&, const Strategy&) [with Box = boost::geometry::model::box<boost::geometry::model::d2::point_xy<double> >; Strategy = boost::geometry::default_strategy; Geometry = boost::geometry::model::polygon<boost::geometry::model::d2::point_xy<double> >]\x1b[m\x1b[K\xe2\x80\x99 at \x1b[01m\x1b[K/usr/include/boost/geometry/algorithms/detail/envelope/interface.hpp:96:52\x1b[m\x1b[K,\n'}
[12.769790] (decomp_util) StderrLine: {'line': b'    inlined from \xe2\x80\x98\x1b[01m\x1b[KBox boost::geometry::return_envelope(const Geometry&) [with Box = model::box<model::d2::point_xy<double> >; Geometry = model::polygon<model::d2::point_xy<double> >]\x1b[m\x1b[K\xe2\x80\x99 at \x1b[01m\x1b[K/usr/include/boost/geometry/algorithms/detail/envelope/interface.hpp:225:47\x1b[m\x1b[K,\n'}
[12.769878] (decomp_util) StderrLine: {'line': b'    inlined from \xe2\x80\x98\x1b[01m\x1b[Kvoid boost::geometry::svg_mapper<Point, SameScale, SvgCoordinateType>::add(const Geometry&) [with Geometry = boost::geometry::model::polygon<boost::geometry::model::d2::point_xy<double> >; Point = boost::geometry::model::d2::point_xy<double>; bool SameScale = true; SvgCoordinateType = double]\x1b[m\x1b[K\xe2\x80\x99 at \x1b[01m\x1b[K/usr/include/boost/geometry/io/svg/svg_mapper.hpp:375:22\x1b[m\x1b[K:\n'}
[12.769975] (decomp_util) StderrLine: {'line': b'\x1b[01m\x1b[K/usr/include/boost/geometry/algorithms/detail/expand/indexed.hpp:70:9:\x1b[m\x1b[K \x1b[01;35m\x1b[Kwarning: \x1b[m\x1b[K\xe2\x80\x98\x1b[01m\x1b[K*(boost::geometry::model::point<double, 2, boost::geometry::cs::cartesian>*)((char*)&state + offsetof(boost::geometry::strategy::envelope::cartesian<double>::multi_state<boost::geometry::model::box<boost::geometry::model::d2::point_xy<double, boost::geometry::cs::cartesian> > >,boost::geometry::strategy::envelope::cartesian<double>::multi_state<boost::geometry::model::box<boost::geometry::model::d2::point_xy<double, boost::geometry::cs::cartesian> > >::m_box.boost::geometry::model::box<boost::geometry::model::d2::point_xy<double, boost::geometry::cs::cartesian> >::m_max_corner.boost::geometry::model::d2::point_xy<double, boost::geometry::cs::cartesian>::<unnamed>)).boost::geometry::model::point<double, 2, boost::geometry::cs::cartesian>::m_values[0]\x1b[m\x1b[K\xe2\x80\x99 may be used uninitialized [\x1b[01;35m\x1b[K\x1b]8;;https://gcc.gnu.org/onlinedocs/gcc/Warning-Options.html#index-Wmaybe-uninitialized\x07-Wmaybe-uninitialized\x1b]8;;\x07\x1b[m\x1b[K]\n'}
[12.770082] (decomp_util) StderrLine: {'line': b'   70 |         \x1b[01;35m\x1b[Kif\x1b[m\x1b[K (greater(coord, get<max_corner, Dimension>(box)))\n'}
[12.770178] (decomp_util) StderrLine: {'line': b'      |         \x1b[01;35m\x1b[K^~\x1b[m\x1b[K\n'}
[12.770266] (decomp_util) StderrLine: {'line': b'\x1b[01m\x1b[K/usr/include/boost/geometry/algorithms/detail/envelope/range.hpp:\x1b[m\x1b[K In member function \xe2\x80\x98\x1b[01m\x1b[Kvoid boost::geometry::svg_mapper<Point, SameScale, SvgCoordinateType>::add(const Geometry&) [with Geometry = boost::geometry::model::polygon<boost::geometry::model::d2::point_xy<double> >; Point = boost::geometry::model::d2::point_xy<double>; bool SameScale = true; SvgCoordinateType = double]\x1b[m\x1b[K\xe2\x80\x99:\n'}
[12.770359] (decomp_util) StderrLine: {'line': b'\x1b[01m\x1b[K/usr/include/boost/geometry/algorithms/detail/envelope/range.hpp:106:54:\x1b[m\x1b[K \x1b[01;36m\x1b[Knote: \x1b[m\x1b[K\xe2\x80\x98\x1b[01m\x1b[K*(boost::geometry::model::point<double, 2, boost::geometry::cs::cartesian>*)((char*)&state + offsetof(boost::geometry::strategy::envelope::cartesian<double>::multi_state<boost::geometry::model::box<boost::geometry::model::d2::point_xy<double, boost::geometry::cs::cartesian> > >,boost::geometry::strategy::envelope::cartesian<double>::multi_state<boost::geometry::model::box<boost::geometry::model::d2::point_xy<double, boost::geometry::cs::cartesian> > >::m_box.boost::geometry::model::box<boost::geometry::model::d2::point_xy<double, boost::geometry::cs::cartesian> >::m_max_corner.boost::geometry::model::d2::point_xy<double, boost::geometry::cs::cartesian>::<unnamed>)).boost::geometry::model::point<double, 2, boost::geometry::cs::cartesian>::m_values[0]\x1b[m\x1b[K\xe2\x80\x99 was declared here\n'}
[12.770469] (decomp_util) StderrLine: {'line': b'  106 |         typename Strategy::template multi_state<Box> \x1b[01;36m\x1b[Kstate\x1b[m\x1b[K;\n'}
[12.770556] (decomp_util) StderrLine: {'line': b'      |                                                      \x1b[01;36m\x1b[K^~~~~\x1b[m\x1b[K\n'}
[12.770637] (decomp_util) StderrLine: {'line': b'In static member function \xe2\x80\x98\x1b[01m\x1b[Kstatic void boost::geometry::detail::expand::indexed_loop<Index, Dimension, DimensionCount>::apply(Box&, const Geometry&) [with Box = boost::geometry::model::box<boost::geometry::model::d2::point_xy<double> >; Geometry = boost::geometry::model::box<boost::geometry::model::d2::point_xy<double> >; long unsigned int Index = 0; long unsigned int Dimension = 1; long unsigned int DimensionCount = 2]\x1b[m\x1b[K\xe2\x80\x99,\n'}
[12.770732] (decomp_util) StderrLine: {'line': b'    inlined from \xe2\x80\x98\x1b[01m\x1b[Kstatic void boost::geometry::detail::expand::indexed_loop<Index, Dimension, DimensionCount>::apply(Box&, const Geometry&) [with Box = boost::geometry::model::box<boost::geometry::model::d2::point_xy<double> >; Geometry = boost::geometry::model::box<boost::geometry::model::d2::point_xy<double> >; long unsigned int Index = 0; long unsigned int Dimension = 0; long unsigned int DimensionCount = 2]\x1b[m\x1b[K\xe2\x80\x99 at \x1b[01m\x1b[K/usr/include/boost/geometry/algorithms/detail/expand/indexed.hpp:78:21\x1b[m\x1b[K,\n'}
[12.770823] (decomp_util) StderrLine: {'line': b'    inlined from \xe2\x80\x98\x1b[01m\x1b[Kstatic void boost::geometry::detail::expand::expand_indexed<Dimension, DimensionCount>::apply(Box&, const Geometry&) [with Box = boost::geometry::model::box<boost::geometry::model::d2::point_xy<double> >; Geometry = boost::geometry::model::box<boost::geometry::model::d2::point_xy<double> >; long unsigned int Dimension = 0; long unsigned int DimensionCount = 2]\x1b[m\x1b[K\xe2\x80\x99 at \x1b[01m\x1b[K/usr/include/boost/geometry/algorithms/detail/expand/indexed.hpp:105:21\x1b[m\x1b[K,\n'}
[12.770924] (decomp_util) StderrLine: {'line': b'    inlined from \xe2\x80\x98\x1b[01m\x1b[Kstatic void boost::geometry::strategy::expand::cartesian_box::apply(BoxOut&, const BoxIn&) [with BoxOut = boost::geometry::model::box<boost::geometry::model::d2::point_xy<double> >; BoxIn = boost::geometry::model::box<boost::geometry::model::d2::point_xy<double> >]\x1b[m\x1b[K\xe2\x80\x99 at \x1b[01m\x1b[K/usr/include/boost/geometry/strategies/cartesian/expand_box.hpp:43:21\x1b[m\x1b[K,\n'}
[12.771013] (decomp_util) StderrLine: {'line': b'    inlined from \xe2\x80\x98\x1b[01m\x1b[Kvoid boost::geometry::strategy::envelope::cartesian<CalculationType>::multi_state<Box>::apply(const Box&) [with Box = boost::geometry::model::box<boost::geometry::model::d2::point_xy<double> >; CalculationType = double]\x1b[m\x1b[K\xe2\x80\x99 at \x1b[01m\x1b[K/usr/include/boost/geometry/strategies/cartesian/envelope.hpp:96:48\x1b[m\x1b[K,\n'}
[12.771110] (decomp_util) StderrLine: {'line': b'    inlined from \xe2\x80\x98\x1b[01m\x1b[Kstatic void boost::geometry::detail::envelope::envelope_multi_range<EnvelopePolicy>::apply(Iter, Iter, Box&, const Strategy&) [with Iter = __gnu_cxx::__normal_iterator<const boost::geometry::model::ring<boost::geometry::model::d2::point_xy<double>, true, true, std::vector, std::allocator>*, std::vector<boost::geometry::model::ring<boost::geometry::model::d2::point_xy<double>, true, true, std::vector, std::allocator>, std::allocator<boost::geometry::model::ring<boost::geometry::model::d2::point_xy<double>, true, true, std::vector, std::allocator> > > >; Box = boost::geometry::model::box<boost::geometry::model::d2::point_xy<double> >; Strategy = boost::geometry::strategy::envelope::cartesian<double>; EnvelopePolicy = boost::geometry::detail::envelope::envelope_range]\x1b[m\x1b[K\xe2\x80\x99 at \x1b[01m\x1b[K/usr/include/boost/geometry/algorithms/detail/envelope/range.hpp:113:28\x1b[m\x1b[K,\n'}
[12.771222] (decomp_util) StderrLine: {'line': b'    inlined from \xe2\x80\x98\x1b[01m\x1b[Kstatic void boost::geometry::detail::envelope::envelope_multi_range<EnvelopePolicy>::apply(const MultiRange&, Box&, const Strategy&) [with MultiRange = std::vector<boost::geometry::model::ring<boost::geometry::model::d2::point_xy<double>, true, true, std::vector, std::allocator>, std::allocator<boost::geometry::model::ring<boost::geometry::model::d2::point_xy<double>, true, true, std::vector, std::allocator> > >; Box = boost::geometry::model::box<boost::geometry::model::d2::point_xy<double> >; Strategy = boost::geometry::strategy::envelope::cartesian<double>; EnvelopePolicy = boost::geometry::detail::envelope::envelope_range]\x1b[m\x1b[K\xe2\x80\x99 at \x1b[01m\x1b[K/usr/include/boost/geometry/algorithms/detail/envelope/range.hpp:97:14\x1b[m\x1b[K,\n'}
[12.771318] (decomp_util) StderrLine: {'line': b'    inlined from \xe2\x80\x98\x1b[01m\x1b[Kstatic void boost::geometry::detail::envelope::envelope_polygon::apply(const Polygon&, Box&, const Strategy&) [with Polygon = boost::geometry::model::polygon<boost::geometry::model::d2::point_xy<double> >; Box = boost::geometry::model::box<boost::geometry::model::d2::point_xy<double> >; Strategy = boost::geometry::strategy::envelope::cartesian<double>]\x1b[m\x1b[K\xe2\x80\x99 at \x1b[01m\x1b[K/usr/include/boost/geometry/algorithms/detail/envelope/areal.hpp:46:25\x1b[m\x1b[K,\n'}
[12.771407] (decomp_util) StderrLine: {'line': b'    inlined from \xe2\x80\x98\x1b[01m\x1b[Kstatic void boost::geometry::resolve_strategy::envelope<Geometry>::apply(const Geometry&, Box&, boost::geometry::default_strategy) [with Box = boost::geometry::model::box<boost::geometry::model::d2::point_xy<double> >; Geometry = boost::geometry::model::polygon<boost::geometry::model::d2::point_xy<double> >]\x1b[m\x1b[K\xe2\x80\x99 at \x1b[01m\x1b[K/usr/include/boost/geometry/algorithms/detail/envelope/interface.hpp:76:44\x1b[m\x1b[K,\n'}
[12.771501] (decomp_util) StderrLine: {'line': b'    inlined from \xe2\x80\x98\x1b[01m\x1b[Kstatic void boost::geometry::resolve_variant::envelope<Geometry>::apply(const Geometry&, Box&, const Strategy&) [with Box = boost::geometry::model::box<boost::geometry::model::d2::point_xy<double> >; Strategy = boost::geometry::default_strategy; Geometry = boost::geometry::model::polygon<boost::geometry::model::d2::point_xy<double> >]\x1b[m\x1b[K\xe2\x80\x99 at \x1b[01m\x1b[K/usr/include/boost/geometry/algorithms/detail/envelope/interface.hpp:96:52\x1b[m\x1b[K,\n'}
[12.771598] (decomp_util) StderrLine: {'line': b'    inlined from \xe2\x80\x98\x1b[01m\x1b[KBox boost::geometry::return_envelope(const Geometry&) [with Box = model::box<model::d2::point_xy<double> >; Geometry = model::polygon<model::d2::point_xy<double> >]\x1b[m\x1b[K\xe2\x80\x99 at \x1b[01m\x1b[K/usr/include/boost/geometry/algorithms/detail/envelope/interface.hpp:225:47\x1b[m\x1b[K,\n'}
[12.771686] (decomp_util) StderrLine: {'line': b'    inlined from \xe2\x80\x98\x1b[01m\x1b[Kvoid boost::geometry::svg_mapper<Point, SameScale, SvgCoordinateType>::add(const Geometry&) [with Geometry = boost::geometry::model::polygon<boost::geometry::model::d2::point_xy<double> >; Point = boost::geometry::model::d2::point_xy<double>; bool SameScale = true; SvgCoordinateType = double]\x1b[m\x1b[K\xe2\x80\x99 at \x1b[01m\x1b[K/usr/include/boost/geometry/io/svg/svg_mapper.hpp:375:22\x1b[m\x1b[K:\n'}
[12.771779] (decomp_util) StderrLine: {'line': b'\x1b[01m\x1b[K/usr/include/boost/geometry/algorithms/detail/expand/indexed.hpp:65:9:\x1b[m\x1b[K \x1b[01;35m\x1b[Kwarning: \x1b[m\x1b[K\xe2\x80\x98\x1b[01m\x1b[K*(boost::geometry::model::point<double, 2, boost::geometry::cs::cartesian>*)((char*)&state + offsetof(boost::geometry::strategy::envelope::cartesian<double>::multi_state<boost::geometry::model::box<boost::geometry::model::d2::point_xy<double, boost::geometry::cs::cartesian> > >,boost::geometry::strategy::envelope::cartesian<double>::multi_state<boost::geometry::model::box<boost::geometry::model::d2::point_xy<double, boost::geometry::cs::cartesian> > >::m_box.boost::geometry::model::box<boost::geometry::model::d2::point_xy<double, boost::geometry::cs::cartesian> >::m_min_corner.boost::geometry::model::d2::point_xy<double, boost::geometry::cs::cartesian>::<unnamed>)).boost::geometry::model::point<double, 2, boost::geometry::cs::cartesian>::m_values[1]\x1b[m\x1b[K\xe2\x80\x99 may be used uninitialized [\x1b[01;35m\x1b[K\x1b]8;;https://gcc.gnu.org/onlinedocs/gcc/Warning-Options.html#index-Wmaybe-uninitialized\x07-Wmaybe-uninitialized\x1b]8;;\x07\x1b[m\x1b[K]\n'}
[12.771890] (decomp_util) StderrLine: {'line': b'   65 |         \x1b[01;35m\x1b[Kif\x1b[m\x1b[K (less(coord, get<min_corner, Dimension>(box)))\n'}
[12.771976] (decomp_util) StderrLine: {'line': b'      |         \x1b[01;35m\x1b[K^~\x1b[m\x1b[K\n'}
[12.772056] (decomp_util) StderrLine: {'line': b'\x1b[01m\x1b[K/usr/include/boost/geometry/algorithms/detail/envelope/range.hpp:\x1b[m\x1b[K In member function \xe2\x80\x98\x1b[01m\x1b[Kvoid boost::geometry::svg_mapper<Point, SameScale, SvgCoordinateType>::add(const Geometry&) [with Geometry = boost::geometry::model::polygon<boost::geometry::model::d2::point_xy<double> >; Point = boost::geometry::model::d2::point_xy<double>; bool SameScale = true; SvgCoordinateType = double]\x1b[m\x1b[K\xe2\x80\x99:\n'}
[12.772158] (decomp_util) StderrLine: {'line': b'\x1b[01m\x1b[K/usr/include/boost/geometry/algorithms/detail/envelope/range.hpp:106:54:\x1b[m\x1b[K \x1b[01;36m\x1b[Knote: \x1b[m\x1b[K\xe2\x80\x98\x1b[01m\x1b[K*(boost::geometry::model::point<double, 2, boost::geometry::cs::cartesian>*)((char*)&state + offsetof(boost::geometry::strategy::envelope::cartesian<double>::multi_state<boost::geometry::model::box<boost::geometry::model::d2::point_xy<double, boost::geometry::cs::cartesian> > >,boost::geometry::strategy::envelope::cartesian<double>::multi_state<boost::geometry::model::box<boost::geometry::model::d2::point_xy<double, boost::geometry::cs::cartesian> > >::m_box.boost::geometry::model::box<boost::geometry::model::d2::point_xy<double, boost::geometry::cs::cartesian> >::m_min_corner.boost::geometry::model::d2::point_xy<double, boost::geometry::cs::cartesian>::<unnamed>)).boost::geometry::model::point<double, 2, boost::geometry::cs::cartesian>::m_values[1]\x1b[m\x1b[K\xe2\x80\x99 was declared here\n'}
[12.772263] (decomp_util) StderrLine: {'line': b'  106 |         typename Strategy::template multi_state<Box> \x1b[01;36m\x1b[Kstate\x1b[m\x1b[K;\n'}
[12.772352] (decomp_util) StderrLine: {'line': b'      |                                                      \x1b[01;36m\x1b[K^~~~~\x1b[m\x1b[K\n'}
[12.772436] (decomp_util) StderrLine: {'line': b'In static member function \xe2\x80\x98\x1b[01m\x1b[Kstatic void boost::geometry::detail::expand::indexed_loop<Index, Dimension, DimensionCount>::apply(Box&, const Geometry&) [with Box = boost::geometry::model::box<boost::geometry::model::d2::point_xy<double> >; Geometry = boost::geometry::model::box<boost::geometry::model::d2::point_xy<double> >; long unsigned int Index = 0; long unsigned int Dimension = 0; long unsigned int DimensionCount = 2]\x1b[m\x1b[K\xe2\x80\x99,\n'}
[12.772528] (decomp_util) StderrLine: {'line': b'    inlined from \xe2\x80\x98\x1b[01m\x1b[Kstatic void boost::geometry::detail::expand::expand_indexed<Dimension, DimensionCount>::apply(Box&, const Geometry&) [with Box = boost::geometry::model::box<boost::geometry::model::d2::point_xy<double> >; Geometry = boost::geometry::model::box<boost::geometry::model::d2::point_xy<double> >; long unsigned int Dimension = 0; long unsigned int DimensionCount = 2]\x1b[m\x1b[K\xe2\x80\x99 at \x1b[01m\x1b[K/usr/include/boost/geometry/algorithms/detail/expand/indexed.hpp:105:21\x1b[m\x1b[K,\n'}
[12.772630] (decomp_util) StderrLine: {'line': b'    inlined from \xe2\x80\x98\x1b[01m\x1b[Kstatic void boost::geometry::strategy::expand::cartesian_box::apply(BoxOut&, const BoxIn&) [with BoxOut = boost::geometry::model::box<boost::geometry::model::d2::point_xy<double> >; BoxIn = boost::geometry::model::box<boost::geometry::model::d2::point_xy<double> >]\x1b[m\x1b[K\xe2\x80\x99 at \x1b[01m\x1b[K/usr/include/boost/geometry/strategies/cartesian/expand_box.hpp:43:21\x1b[m\x1b[K,\n'}
[12.772721] (decomp_util) StderrLine: {'line': b'    inlined from \xe2\x80\x98\x1b[01m\x1b[Kvoid boost::geometry::strategy::envelope::cartesian<CalculationType>::multi_state<Box>::apply(const Box&) [with Box = boost::geometry::model::box<boost::geometry::model::d2::point_xy<double> >; CalculationType = double]\x1b[m\x1b[K\xe2\x80\x99 at \x1b[01m\x1b[K/usr/include/boost/geometry/strategies/cartesian/envelope.hpp:96:48\x1b[m\x1b[K,\n'}
[12.772810] (decomp_util) StderrLine: {'line': b'    inlined from \xe2\x80\x98\x1b[01m\x1b[Kstatic void boost::geometry::detail::envelope::envelope_multi_range<EnvelopePolicy>::apply(Iter, Iter, Box&, const Strategy&) [with Iter = __gnu_cxx::__normal_iterator<const boost::geometry::model::ring<boost::geometry::model::d2::point_xy<double>, true, true, std::vector, std::allocator>*, std::vector<boost::geometry::model::ring<boost::geometry::model::d2::point_xy<double>, true, true, std::vector, std::allocator>, std::allocator<boost::geometry::model::ring<boost::geometry::model::d2::point_xy<double>, true, true, std::vector, std::allocator> > > >; Box = boost::geometry::model::box<boost::geometry::model::d2::point_xy<double> >; Strategy = boost::geometry::strategy::envelope::cartesian<double>; EnvelopePolicy = boost::geometry::detail::envelope::envelope_range]\x1b[m\x1b[K\xe2\x80\x99 at \x1b[01m\x1b[K/usr/include/boost/geometry/algorithms/detail/envelope/range.hpp:113:28\x1b[m\x1b[K,\n'}
[12.772921] (decomp_util) StderrLine: {'line': b'    inlined from \xe2\x80\x98\x1b[01m\x1b[Kstatic void boost::geometry::detail::envelope::envelope_multi_range<EnvelopePolicy>::apply(const MultiRange&, Box&, const Strategy&) [with MultiRange = std::vector<boost::geometry::model::ring<boost::geometry::model::d2::point_xy<double>, true, true, std::vector, std::allocator>, std::allocator<boost::geometry::model::ring<boost::geometry::model::d2::point_xy<double>, true, true, std::vector, std::allocator> > >; Box = boost::geometry::model::box<boost::geometry::model::d2::point_xy<double> >; Strategy = boost::geometry::strategy::envelope::cartesian<double>; EnvelopePolicy = boost::geometry::detail::envelope::envelope_range]\x1b[m\x1b[K\xe2\x80\x99 at \x1b[01m\x1b[K/usr/include/boost/geometry/algorithms/detail/envelope/range.hpp:97:14\x1b[m\x1b[K,\n'}
[12.773014] (decomp_util) StderrLine: {'line': b'    inlined from \xe2\x80\x98\x1b[01m\x1b[Kstatic void boost::geometry::detail::envelope::envelope_polygon::apply(const Polygon&, Box&, const Strategy&) [with Polygon = boost::geometry::model::polygon<boost::geometry::model::d2::point_xy<double> >; Box = boost::geometry::model::box<boost::geometry::model::d2::point_xy<double> >; Strategy = boost::geometry::strategy::envelope::cartesian<double>]\x1b[m\x1b[K\xe2\x80\x99 at \x1b[01m\x1b[K/usr/include/boost/geometry/algorithms/detail/envelope/areal.hpp:46:25\x1b[m\x1b[K,\n'}
[12.773113] (decomp_util) StderrLine: {'line': b'    inlined from \xe2\x80\x98\x1b[01m\x1b[Kstatic void boost::geometry::resolve_strategy::envelope<Geometry>::apply(const Geometry&, Box&, boost::geometry::default_strategy) [with Box = boost::geometry::model::box<boost::geometry::model::d2::point_xy<double> >; Geometry = boost::geometry::model::polygon<boost::geometry::model::d2::point_xy<double> >]\x1b[m\x1b[K\xe2\x80\x99 at \x1b[01m\x1b[K/usr/include/boost/geometry/algorithms/detail/envelope/interface.hpp:76:44\x1b[m\x1b[K,\n'}
[12.773234] (decomp_util) StderrLine: {'line': b'    inlined from \xe2\x80\x98\x1b[01m\x1b[Kstatic void boost::geometry::resolve_variant::envelope<Geometry>::apply(const Geometry&, Box&, const Strategy&) [with Box = boost::geometry::model::box<boost::geometry::model::d2::point_xy<double> >; Strategy = boost::geometry::default_strategy; Geometry = boost::geometry::model::polygon<boost::geometry::model::d2::point_xy<double> >]\x1b[m\x1b[K\xe2\x80\x99 at \x1b[01m\x1b[K/usr/include/boost/geometry/algorithms/detail/envelope/interface.hpp:96:52\x1b[m\x1b[K,\n'}
[12.773334] (decomp_util) StderrLine: {'line': b'    inlined from \xe2\x80\x98\x1b[01m\x1b[KBox boost::geometry::return_envelope(const Geometry&) [with Box = model::box<model::d2::point_xy<double> >; Geometry = model::polygon<model::d2::point_xy<double> >]\x1b[m\x1b[K\xe2\x80\x99 at \x1b[01m\x1b[K/usr/include/boost/geometry/algorithms/detail/envelope/interface.hpp:225:47\x1b[m\x1b[K,\n'}
[12.773426] (decomp_util) StderrLine: {'line': b'    inlined from \xe2\x80\x98\x1b[01m\x1b[Kvoid boost::geometry::svg_mapper<Point, SameScale, SvgCoordinateType>::add(const Geometry&) [with Geometry = boost::geometry::model::polygon<boost::geometry::model::d2::point_xy<double> >; Point = boost::geometry::model::d2::point_xy<double>; bool SameScale = true; SvgCoordinateType = double]\x1b[m\x1b[K\xe2\x80\x99 at \x1b[01m\x1b[K/usr/include/boost/geometry/io/svg/svg_mapper.hpp:375:22\x1b[m\x1b[K:\n'}
[12.773518] (decomp_util) StderrLine: {'line': b'\x1b[01m\x1b[K/usr/include/boost/geometry/algorithms/detail/expand/indexed.hpp:65:9:\x1b[m\x1b[K \x1b[01;35m\x1b[Kwarning: \x1b[m\x1b[K\xe2\x80\x98\x1b[01m\x1b[K*(boost::geometry::model::point<double, 2, boost::geometry::cs::cartesian>*)((char*)&state + offsetof(boost::geometry::strategy::envelope::cartesian<double>::multi_state<boost::geometry::model::box<boost::geometry::model::d2::point_xy<double, boost::geometry::cs::cartesian> > >,boost::geometry::strategy::envelope::cartesian<double>::multi_state<boost::geometry::model::box<boost::geometry::model::d2::point_xy<double, boost::geometry::cs::cartesian> > >::m_box.boost::geometry::model::box<boost::geometry::model::d2::point_xy<double, boost::geometry::cs::cartesian> >::m_min_corner.boost::geometry::model::d2::point_xy<double, boost::geometry::cs::cartesian>::<unnamed>)).boost::geometry::model::point<double, 2, boost::geometry::cs::cartesian>::m_values[0]\x1b[m\x1b[K\xe2\x80\x99 may be used uninitialized [\x1b[01;35m\x1b[K\x1b]8;;https://gcc.gnu.org/onlinedocs/gcc/Warning-Options.html#index-Wmaybe-uninitialized\x07-Wmaybe-uninitialized\x1b]8;;\x07\x1b[m\x1b[K]\n'}
[12.773627] (decomp_util) StderrLine: {'line': b'   65 |         \x1b[01;35m\x1b[Kif\x1b[m\x1b[K (less(coord, get<min_corner, Dimension>(box)))\n'}
[12.773715] (decomp_util) StderrLine: {'line': b'      |         \x1b[01;35m\x1b[K^~\x1b[m\x1b[K\n'}
[12.773804] (decomp_util) StderrLine: {'line': b'\x1b[01m\x1b[K/usr/include/boost/geometry/algorithms/detail/envelope/range.hpp:\x1b[m\x1b[K In member function \xe2\x80\x98\x1b[01m\x1b[Kvoid boost::geometry::svg_mapper<Point, SameScale, SvgCoordinateType>::add(const Geometry&) [with Geometry = boost::geometry::model::polygon<boost::geometry::model::d2::point_xy<double> >; Point = boost::geometry::model::d2::point_xy<double>; bool SameScale = true; SvgCoordinateType = double]\x1b[m\x1b[K\xe2\x80\x99:\n'}
[12.773898] (decomp_util) StderrLine: {'line': b'\x1b[01m\x1b[K/usr/include/boost/geometry/algorithms/detail/envelope/range.hpp:106:54:\x1b[m\x1b[K \x1b[01;36m\x1b[Knote: \x1b[m\x1b[K\xe2\x80\x98\x1b[01m\x1b[K*(boost::geometry::model::point<double, 2, boost::geometry::cs::cartesian>*)((char*)&state + offsetof(boost::geometry::strategy::envelope::cartesian<double>::multi_state<boost::geometry::model::box<boost::geometry::model::d2::point_xy<double, boost::geometry::cs::cartesian> > >,boost::geometry::strategy::envelope::cartesian<double>::multi_state<boost::geometry::model::box<boost::geometry::model::d2::point_xy<double, boost::geometry::cs::cartesian> > >::m_box.boost::geometry::model::box<boost::geometry::model::d2::point_xy<double, boost::geometry::cs::cartesian> >::m_min_corner.boost::geometry::model::d2::point_xy<double, boost::geometry::cs::cartesian>::<unnamed>)).boost::geometry::model::point<double, 2, boost::geometry::cs::cartesian>::m_values[0]\x1b[m\x1b[K\xe2\x80\x99 was declared here\n'}
[12.774001] (decomp_util) StderrLine: {'line': b'  106 |         typename Strategy::template multi_state<Box> \x1b[01;36m\x1b[Kstate\x1b[m\x1b[K;\n'}
[12.774091] (decomp_util) StderrLine: {'line': b'      |                                                      \x1b[01;36m\x1b[K^~~~~\x1b[m\x1b[K\n'}
[12.776988] (decomp_ros_msgs) StdoutLine: {'line': b'[ 78%] Built target decomp_ros_msgs__rosidl_typesupport_introspection_c\n'}
[12.793593] (decomp_ros_msgs) StdoutLine: {'line': b'[ 78%] Built target decomp_ros_msgs\n'}
[12.810384] (decomp_ros_msgs) StdoutLine: {'line': b'[ 80%] \x1b[34m\x1b[1mGenerating Python code for ROS interfaces\x1b[0m\n'}
[12.825964] (-) TimerEvent: {}
[12.926257] (-) TimerEvent: {}
[13.026537] (-) TimerEvent: {}
[13.098836] (snapstack_msgs2) StdoutLine: {'line': b'[ 18%] \x1b[32mBuilding CXX object CMakeFiles/snapstack_msgs2__rosidl_typesupport_fastrtps_cpp.dir/rosidl_typesupport_fastrtps_cpp/snapstack_msgs2/msg/detail/dds_fastrtps/time_filter__type_support.cpp.o\x1b[0m\n'}
[13.126661] (-) TimerEvent: {}
[13.226940] (-) TimerEvent: {}
[13.327207] (-) TimerEvent: {}
[13.427485] (-) TimerEvent: {}
[13.445111] (decomp_ros_msgs) StdoutLine: {'line': b'[ 80%] Built target decomp_ros_msgs__py\n'}
[13.461802] (decomp_ros_msgs) StdoutLine: {'line': b'[ 81%] \x1b[32mBuilding C object CMakeFiles/decomp_ros_msgs__rosidl_generator_py.dir/rosidl_generator_py/decomp_ros_msgs/msg/_ellipsoid_s.c.o\x1b[0m\n'}
[13.518134] (snapstack_msgs2) StdoutLine: {'line': b'[ 19%] \x1b[32mBuilding CXX object CMakeFiles/snapstack_msgs2__rosidl_typesupport_fastrtps_cpp.dir/rosidl_typesupport_fastrtps_cpp/snapstack_msgs2/msg/detail/dds_fastrtps/state__type_support.cpp.o\x1b[0m\n'}
[13.527613] (-) TimerEvent: {}
[13.569879] (decomp_ros_msgs) StdoutLine: {'line': b'[ 83%] \x1b[32mBuilding C object CMakeFiles/decomp_ros_msgs__rosidl_generator_py.dir/rosidl_generator_py/decomp_ros_msgs/msg/_polyhedron_array_s.c.o\x1b[0m\n'}
[13.627751] (-) TimerEvent: {}
[13.659296] (decomp_ros_msgs) StdoutLine: {'line': b'[ 85%] \x1b[32mBuilding C object CMakeFiles/decomp_ros_msgs__rosidl_generator_py.dir/rosidl_generator_py/decomp_ros_msgs/msg/_polyhedron_s.c.o\x1b[0m\n'}
[13.727879] (-) TimerEvent: {}
[13.750504] (decomp_ros_msgs) StdoutLine: {'line': b'[ 87%] \x1b[32mBuilding C object CMakeFiles/decomp_ros_msgs__rosidl_generator_py.dir/rosidl_generator_py/decomp_ros_msgs/msg/_ellipsoid_array_s.c.o\x1b[0m\n'}
[13.827997] (-) TimerEvent: {}
[13.844050] (decomp_ros_msgs) StdoutLine: {'line': b'[ 89%] \x1b[32m\x1b[1mLinking C shared library rosidl_generator_py/decomp_ros_msgs/libdecomp_ros_msgs__rosidl_generator_py.so\x1b[0m\n'}
[13.880531] (decomp_ros_msgs) StdoutLine: {'line': b'[ 89%] Built target decomp_ros_msgs__rosidl_generator_py\n'}
[13.896820] (decomp_ros_msgs) StdoutLine: {'line': b'[ 90%] \x1b[32mBuilding C object CMakeFiles/decomp_ros_msgs__rosidl_typesupport_fastrtps_c__pyext.dir/rosidl_generator_py/decomp_ros_msgs/_decomp_ros_msgs_s.ep.rosidl_typesupport_fastrtps_c.c.o\x1b[0m\n'}
[13.928114] (-) TimerEvent: {}
[13.945805] (snapstack_msgs2) StdoutLine: {'line': b'[ 20%] \x1b[32mBuilding CXX object CMakeFiles/snapstack_msgs2__rosidl_typesupport_fastrtps_cpp.dir/rosidl_typesupport_fastrtps_cpp/snapstack_msgs2/msg/detail/dds_fastrtps/quad_flight_mode__type_support.cpp.o\x1b[0m\n'}
[13.993941] (decomp_ros_msgs) StdoutLine: {'line': b'[ 92%] \x1b[32m\x1b[1mLinking C shared library rosidl_generator_py/decomp_ros_msgs/decomp_ros_msgs_s__rosidl_typesupport_fastrtps_c.cpython-310-x86_64-linux-gnu.so\x1b[0m\n'}
[14.028219] (-) TimerEvent: {}
[14.028441] (decomp_ros_msgs) StdoutLine: {'line': b'[ 92%] Built target decomp_ros_msgs__rosidl_typesupport_fastrtps_c__pyext\n'}
[14.044764] (decomp_ros_msgs) StdoutLine: {'line': b'[ 94%] \x1b[32mBuilding C object CMakeFiles/decomp_ros_msgs__rosidl_typesupport_c__pyext.dir/rosidl_generator_py/decomp_ros_msgs/_decomp_ros_msgs_s.ep.rosidl_typesupport_c.c.o\x1b[0m\n'}
[14.128314] (-) TimerEvent: {}
[14.142227] (decomp_ros_msgs) StdoutLine: {'line': b'[ 96%] \x1b[32m\x1b[1mLinking C shared library rosidl_generator_py/decomp_ros_msgs/decomp_ros_msgs_s__rosidl_typesupport_c.cpython-310-x86_64-linux-gnu.so\x1b[0m\n'}
[14.176172] (decomp_ros_msgs) StdoutLine: {'line': b'[ 96%] Built target decomp_ros_msgs__rosidl_typesupport_c__pyext\n'}
[14.192506] (decomp_ros_msgs) StdoutLine: {'line': b'[ 98%] \x1b[32mBuilding C object CMakeFiles/decomp_ros_msgs__rosidl_typesupport_introspection_c__pyext.dir/rosidl_generator_py/decomp_ros_msgs/_decomp_ros_msgs_s.ep.rosidl_typesupport_introspection_c.c.o\x1b[0m\n'}
[14.228439] (-) TimerEvent: {}
[14.289605] (decomp_ros_msgs) StdoutLine: {'line': b'[100%] \x1b[32m\x1b[1mLinking C shared library rosidl_generator_py/decomp_ros_msgs/decomp_ros_msgs_s__rosidl_typesupport_introspection_c.cpython-310-x86_64-linux-gnu.so\x1b[0m\n'}
[14.323299] (decomp_ros_msgs) StdoutLine: {'line': b'[100%] Built target decomp_ros_msgs__rosidl_typesupport_introspection_c__pyext\n'}
[14.328542] (-) TimerEvent: {}
[14.333433] (decomp_ros_msgs) CommandEnded: {'returncode': 0}
[14.334413] (decomp_ros_msgs) JobProgress: {'identifier': 'decomp_ros_msgs', 'progress': 'install'}
[14.341977] (decomp_ros_msgs) Command: {'cmd': ['/usr/bin/cmake', '--install', '/home/lorenzo/code/dynus_lite/dynus_lite_ws/build/decomp_ros_msgs'], 'cwd': '/home/lorenzo/code/dynus_lite/dynus_lite_ws/build/decomp_ros_msgs', 'env': OrderedDict([('LESSOPEN', '| /usr/bin/lesspipe %s'), ('USER', 'lorenzo'), ('LC_TIME', 'it_IT.UTF-8'), ('ROS_PACKAGE_PATH', '/opt/openrobots/share'), ('XDG_SESSION_TYPE', 'x11'), ('SHLVL', '2'), ('LD_LIBRARY_PATH', '/opt/gurobi1103/linux64/lib:/usr/lib/x86_64-linux-gnu/gazebo-11/plugins:/opt/ros/humble/opt/rviz_ogre_vendor/lib:/opt/ros/humble/lib/x86_64-linux-gnu:/home/lorenzo/code/decomp_ws/install/decomp_ros_msgs/lib:/opt/ros/humble/lib:/home/lorenzo/code/livox_ws/install/livox_ros_driver2/lib:/opt/gurobi1103/linux64/lib'), ('HOME', '/home/lorenzo'), ('CYCLONEDDS_URI', '<CycloneDDS><Domain><General><NetworkInterfaceAddress>wlp2s0</NetworkInterfaceAddress></General></Domain></CycloneDDS>'), ('OLDPWD', '/home/lorenzo/code/dynus_lite/dynus_lite_ws'), ('DESKTOP_SESSION', 'ubuntu-xorg'), ('ROS_PYTHON_VERSION', '3'), ('GNOME_SHELL_SESSION_MODE', 'ubuntu'), ('GTK_MODULES', 'gail:atk-bridge'), ('LC_MONETARY', 'it_IT.UTF-8'), ('SYSTEMD_EXEC_PID', '1507'), ('DBUS_SESSION_BUS_ADDRESS', 'unix:path=/run/user/1000/bus'), ('COLORTERM', 'truecolor'), ('ROS_DISTRO', 'humble'), ('GTK_IM_MODULE', 'ibus'), ('LOGNAME', 'lorenzo'), ('_', '/usr/bin/colcon'), ('ROS_VERSION', '2'), ('PKG_CONFIG_PATH', '/opt/openrobots/lib/pkgconfig:'), ('XDG_SESSION_CLASS', 'user'), ('USERNAME', 'lorenzo'), ('TERM', 'xterm-256color'), ('GNOME_DESKTOP_SESSION_ID', 'this-is-deprecated'), ('ROS_LOCALHOST_ONLY', '0'), ('WINDOWPATH', '2'), ('PATH', '/opt/ros/humble/bin:/opt/openrobots/bin:/usr/lib/dotnet/dotnet:/home/lorenzo/.local/bin:/usr/local/sbin:/usr/local/bin:/usr/sbin:/usr/bin:/sbin:/bin:/usr/games:/usr/local/games:/snap/bin:/snap/bin:/home/lorenzo/.dotnet/tools:/opt/gurobi1103/linux64/bin:/opt/gurobi1103/linux64/bin'), ('SESSION_MANAGER', 'local/lorenzo-XPS-13-7390:@/tmp/.ICE-unix/1460,unix/lorenzo-XPS-13-7390:/tmp/.ICE-unix/1460'), ('XDG_MENU_PREFIX', 'gnome-'), ('LC_ADDRESS', 'it_IT.UTF-8'), ('GNOME_TERMINAL_SCREEN', '/org/gnome/Terminal/screen/5046f4a6_5859_448d_84c8_9d244332172a'), ('XDG_RUNTIME_DIR', '/run/user/1000'), ('DISPLAY', ':0'), ('LANG', 'en_US.UTF-8'), ('XDG_CURRENT_DESKTOP', 'ubuntu:GNOME'), ('DOTNET_BUNDLE_EXTRACT_BASE_DIR', '/home/lorenzo/.cache/dotnet_bundle_extract'), ('LC_TELEPHONE', 'it_IT.UTF-8'), ('RMW_IMPLEMENTATION', 'rmw_cyclonedds_cpp'), ('XMODIFIERS', '@im=ibus'), ('XDG_SESSION_DESKTOP', 'ubuntu-xorg'), ('XAUTHORITY', '/run/user/1000/gdm/Xauthority'), ('LS_COLORS', 'rs=0:di=01;34:ln=01;36:mh=00:pi=40;33:so=01;35:do=01;35:bd=40;33;01:cd=40;33;01:or=40;31;01:mi=00:su=37;41:sg=30;43:ca=30;41:tw=30;42:ow=34;42:st=37;44:ex=01;32:*.tar=01;31:*.tgz=01;31:*.arc=01;31:*.arj=01;31:*.taz=01;31:*.lha=01;31:*.lz4=01;31:*.lzh=01;31:*.lzma=01;31:*.tlz=01;31:*.txz=01;31:*.tzo=01;31:*.t7z=01;31:*.zip=01;31:*.z=01;31:*.dz=01;31:*.gz=01;31:*.lrz=01;31:*.lz=01;31:*.lzo=01;31:*.xz=01;31:*.zst=01;31:*.tzst=01;31:*.bz2=01;31:*.bz=01;31:*.tbz=01;31:*.tbz2=01;31:*.tz=01;31:*.deb=01;31:*.rpm=01;31:*.jar=01;31:*.war=01;31:*.ear=01;31:*.sar=01;31:*.rar=01;31:*.alz=01;31:*.ace=01;31:*.zoo=01;31:*.cpio=01;31:*.7z=01;31:*.rz=01;31:*.cab=01;31:*.wim=01;31:*.swm=01;31:*.dwm=01;31:*.esd=01;31:*.jpg=01;35:*.jpeg=01;35:*.mjpg=01;35:*.mjpeg=01;35:*.gif=01;35:*.bmp=01;35:*.pbm=01;35:*.pgm=01;35:*.ppm=01;35:*.tga=01;35:*.xbm=01;35:*.xpm=01;35:*.tif=01;35:*.tiff=01;35:*.png=01;35:*.svg=01;35:*.svgz=01;35:*.mng=01;35:*.pcx=01;35:*.mov=01;35:*.mpg=01;35:*.mpeg=01;35:*.m2v=01;35:*.mkv=01;35:*.webm=01;35:*.webp=01;35:*.ogm=01;35:*.mp4=01;35:*.m4v=01;35:*.mp4v=01;35:*.vob=01;35:*.qt=01;35:*.nuv=01;35:*.wmv=01;35:*.asf=01;35:*.rm=01;35:*.rmvb=01;35:*.flc=01;35:*.avi=01;35:*.fli=01;35:*.flv=01;35:*.gl=01;35:*.dl=01;35:*.xcf=01;35:*.xwd=01;35:*.yuv=01;35:*.cgm=01;35:*.emf=01;35:*.ogv=01;35:*.ogx=01;35:*.aac=00;36:*.au=00;36:*.flac=00;36:*.m4a=00;36:*.mid=00;36:*.midi=00;36:*.mka=00;36:*.mp3=00;36:*.mpc=00;36:*.ogg=00;36:*.ra=00;36:*.wav=00;36:*.oga=00;36:*.opus=00;36:*.spx=00;36:*.xspf=00;36:'), ('GNOME_TERMINAL_SERVICE', ':1.229'), ('SSH_AGENT_LAUNCHER', 'gnome-keyring'), ('SSH_AUTH_SOCK', '/run/user/1000/keyring/ssh'), ('ROS_DOMAIN_ID', '10'), ('AMENT_PREFIX_PATH', '/opt/ros/humble'), ('SHELL', '/bin/bash'), ('LC_NAME', 'it_IT.UTF-8'), ('QT_ACCESSIBILITY', '1'), ('GDMSESSION', 'ubuntu-xorg'), ('LESSCLOSE', '/usr/bin/lesspipe %s %s'), ('LC_MEASUREMENT', 'it_IT.UTF-8'), ('GPG_AGENT_INFO', '/run/user/1000/gnupg/S.gpg-agent:0:1'), ('LC_IDENTIFICATION', 'it_IT.UTF-8'), ('ROS_AUTOMATIC_DISCOVERY_RANGE', 'SUBNET'), ('QT_IM_MODULE', 'ibus'), ('PWD', '/home/lorenzo/code/dynus_lite/dynus_lite_ws/build/decomp_ros_msgs'), ('LC_ALL', 'en_US.UTF-8'), ('XDG_CONFIG_DIRS', '/etc/xdg/xdg-ubuntu-xorg:/etc/xdg'), ('GUROBI_HOME', '/opt/gurobi1103/linux64'), ('XDG_DATA_DIRS', '/usr/share/ubuntu-xorg:/usr/share/gnome:/usr/local/share/:/usr/share/:/var/lib/snapd/desktop'), ('PYTHONPATH', '/opt/ros/humble/lib/python3.10/site-packages:/opt/ros/humble/local/lib/python3.10/dist-packages:/opt/openrobots/lib/python3.10/site-packages::/opt/openrobots/lib/python3.10/site-packages:/home/lorenzo/Documents/OptimalControl/Lab'), ('LC_NUMERIC', 'it_IT.UTF-8'), ('LC_PAPER', 'it_IT.UTF-8'), ('COLCON', '1'), ('VTE_VERSION', '6800'), ('CMAKE_PREFIX_PATH', '/opt/openrobots::/opt/ros/humble')]), 'shell': False}
[14.348286] (decomp_ros_msgs) StdoutLine: {'line': b'-- Install configuration: ""\n'}
[14.348468] (decomp_ros_msgs) StdoutLine: {'line': b'-- Installing: /home/lorenzo/code/dynus_lite/dynus_lite_ws/install/decomp_ros_msgs/share/ament_index/resource_index/rosidl_interfaces/decomp_ros_msgs\n'}
[14.348557] (decomp_ros_msgs) StdoutLine: {'line': b'-- Installing: /home/lorenzo/code/dynus_lite/dynus_lite_ws/install/decomp_ros_msgs/include/decomp_ros_msgs/decomp_ros_msgs\n'}
[14.348657] (decomp_ros_msgs) StdoutLine: {'line': b'-- Installing: /home/lorenzo/code/dynus_lite/dynus_lite_ws/install/decomp_ros_msgs/include/decomp_ros_msgs/decomp_ros_msgs/msg\n'}
[14.348754] (decomp_ros_msgs) StdoutLine: {'line': b'-- Installing: /home/lorenzo/code/dynus_lite/dynus_lite_ws/install/decomp_ros_msgs/include/decomp_ros_msgs/decomp_ros_msgs/msg/ellipsoid_array.h\n'}
[14.348857] (decomp_ros_msgs) StdoutLine: {'line': b'-- Installing: /home/lorenzo/code/dynus_lite/dynus_lite_ws/install/decomp_ros_msgs/include/decomp_ros_msgs/decomp_ros_msgs/msg/detail\n'}
[14.348925] (decomp_ros_msgs) StdoutLine: {'line': b'-- Installing: /home/lorenzo/code/dynus_lite/dynus_lite_ws/install/decomp_ros_msgs/include/decomp_ros_msgs/decomp_ros_msgs/msg/detail/polyhedron_array__functions.h\n'}
[14.349026] (decomp_ros_msgs) StdoutLine: {'line': b'-- Installing: /home/lorenzo/code/dynus_lite/dynus_lite_ws/install/decomp_ros_msgs/include/decomp_ros_msgs/decomp_ros_msgs/msg/detail/ellipsoid_array__struct.h\n'}
[14.349115] (decomp_ros_msgs) StdoutLine: {'line': b'-- Installing: /home/lorenzo/code/dynus_lite/dynus_lite_ws/install/decomp_ros_msgs/include/decomp_ros_msgs/decomp_ros_msgs/msg/detail/ellipsoid_array__functions.c\n'}
[14.349190] (decomp_ros_msgs) StdoutLine: {'line': b'-- Installing: /home/lorenzo/code/dynus_lite/dynus_lite_ws/install/decomp_ros_msgs/include/decomp_ros_msgs/decomp_ros_msgs/msg/detail/polyhedron__type_support.h\n'}
[14.349255] (decomp_ros_msgs) StdoutLine: {'line': b'-- Installing: /home/lorenzo/code/dynus_lite/dynus_lite_ws/install/decomp_ros_msgs/include/decomp_ros_msgs/decomp_ros_msgs/msg/detail/ellipsoid_array__type_support.h\n'}
[14.349318] (decomp_ros_msgs) StdoutLine: {'line': b'-- Installing: /home/lorenzo/code/dynus_lite/dynus_lite_ws/install/decomp_ros_msgs/include/decomp_ros_msgs/decomp_ros_msgs/msg/detail/ellipsoid_array__functions.h\n'}
[14.349404] (decomp_ros_msgs) StdoutLine: {'line': b'-- Installing: /home/lorenzo/code/dynus_lite/dynus_lite_ws/install/decomp_ros_msgs/include/decomp_ros_msgs/decomp_ros_msgs/msg/detail/ellipsoid__functions.c\n'}
[14.349510] (decomp_ros_msgs) StdoutLine: {'line': b'-- Installing: /home/lorenzo/code/dynus_lite/dynus_lite_ws/install/decomp_ros_msgs/include/decomp_ros_msgs/decomp_ros_msgs/msg/detail/polyhedron_array__functions.c\n'}
[14.349587] (decomp_ros_msgs) StdoutLine: {'line': b'-- Installing: /home/lorenzo/code/dynus_lite/dynus_lite_ws/install/decomp_ros_msgs/include/decomp_ros_msgs/decomp_ros_msgs/msg/detail/polyhedron__functions.c\n'}
[14.349652] (decomp_ros_msgs) StdoutLine: {'line': b'-- Installing: /home/lorenzo/code/dynus_lite/dynus_lite_ws/install/decomp_ros_msgs/include/decomp_ros_msgs/decomp_ros_msgs/msg/detail/ellipsoid__functions.h\n'}
[14.349716] (decomp_ros_msgs) StdoutLine: {'line': b'-- Installing: /home/lorenzo/code/dynus_lite/dynus_lite_ws/install/decomp_ros_msgs/include/decomp_ros_msgs/decomp_ros_msgs/msg/detail/polyhedron_array__struct.h\n'}
[14.349780] (decomp_ros_msgs) StdoutLine: {'line': b'-- Installing: /home/lorenzo/code/dynus_lite/dynus_lite_ws/install/decomp_ros_msgs/include/decomp_ros_msgs/decomp_ros_msgs/msg/detail/ellipsoid__struct.h\n'}
[14.349864] (decomp_ros_msgs) StdoutLine: {'line': b'-- Installing: /home/lorenzo/code/dynus_lite/dynus_lite_ws/install/decomp_ros_msgs/include/decomp_ros_msgs/decomp_ros_msgs/msg/detail/polyhedron_array__type_support.h\n'}
[14.349972] (decomp_ros_msgs) StdoutLine: {'line': b'-- Installing: /home/lorenzo/code/dynus_lite/dynus_lite_ws/install/decomp_ros_msgs/include/decomp_ros_msgs/decomp_ros_msgs/msg/detail/polyhedron__functions.h\n'}
[14.350029] (decomp_ros_msgs) StdoutLine: {'line': b'-- Installing: /home/lorenzo/code/dynus_lite/dynus_lite_ws/install/decomp_ros_msgs/include/decomp_ros_msgs/decomp_ros_msgs/msg/detail/polyhedron__struct.h\n'}
[14.350100] (decomp_ros_msgs) StdoutLine: {'line': b'-- Installing: /home/lorenzo/code/dynus_lite/dynus_lite_ws/install/decomp_ros_msgs/include/decomp_ros_msgs/decomp_ros_msgs/msg/detail/ellipsoid__type_support.h\n'}
[14.350166] (decomp_ros_msgs) StdoutLine: {'line': b'-- Installing: /home/lorenzo/code/dynus_lite/dynus_lite_ws/install/decomp_ros_msgs/include/decomp_ros_msgs/decomp_ros_msgs/msg/rosidl_generator_c__visibility_control.h\n'}
[14.350229] (decomp_ros_msgs) StdoutLine: {'line': b'-- Installing: /home/lorenzo/code/dynus_lite/dynus_lite_ws/install/decomp_ros_msgs/include/decomp_ros_msgs/decomp_ros_msgs/msg/polyhedron_array.h\n'}
[14.350320] (decomp_ros_msgs) StdoutLine: {'line': b'-- Installing: /home/lorenzo/code/dynus_lite/dynus_lite_ws/install/decomp_ros_msgs/include/decomp_ros_msgs/decomp_ros_msgs/msg/ellipsoid.h\n'}
[14.350427] (decomp_ros_msgs) StdoutLine: {'line': b'-- Installing: /home/lorenzo/code/dynus_lite/dynus_lite_ws/install/decomp_ros_msgs/include/decomp_ros_msgs/decomp_ros_msgs/msg/polyhedron.h\n'}
[14.350490] (decomp_ros_msgs) StdoutLine: {'line': b'-- Installing: /home/lorenzo/code/dynus_lite/dynus_lite_ws/install/decomp_ros_msgs/share/decomp_ros_msgs/environment/library_path.sh\n'}
[14.350554] (decomp_ros_msgs) StdoutLine: {'line': b'-- Installing: /home/lorenzo/code/dynus_lite/dynus_lite_ws/install/decomp_ros_msgs/share/decomp_ros_msgs/environment/library_path.dsv\n'}
[14.350638] (decomp_ros_msgs) StdoutLine: {'line': b'-- Installing: /home/lorenzo/code/dynus_lite/dynus_lite_ws/install/decomp_ros_msgs/lib/libdecomp_ros_msgs__rosidl_generator_c.so\n'}
[14.350724] (decomp_ros_msgs) StdoutLine: {'line': b'-- Set runtime path of "/home/lorenzo/code/dynus_lite/dynus_lite_ws/install/decomp_ros_msgs/lib/libdecomp_ros_msgs__rosidl_generator_c.so" to ""\n'}
[14.350805] (decomp_ros_msgs) StdoutLine: {'line': b'-- Up-to-date: /home/lorenzo/code/dynus_lite/dynus_lite_ws/install/decomp_ros_msgs/include/decomp_ros_msgs/decomp_ros_msgs\n'}
[14.350891] (decomp_ros_msgs) StdoutLine: {'line': b'-- Up-to-date: /home/lorenzo/code/dynus_lite/dynus_lite_ws/install/decomp_ros_msgs/include/decomp_ros_msgs/decomp_ros_msgs/msg\n'}
[14.350989] (decomp_ros_msgs) StdoutLine: {'line': b'-- Installing: /home/lorenzo/code/dynus_lite/dynus_lite_ws/install/decomp_ros_msgs/include/decomp_ros_msgs/decomp_ros_msgs/msg/rosidl_typesupport_fastrtps_c__visibility_control.h\n'}
[14.351055] (decomp_ros_msgs) StdoutLine: {'line': b'-- Up-to-date: /home/lorenzo/code/dynus_lite/dynus_lite_ws/install/decomp_ros_msgs/include/decomp_ros_msgs/decomp_ros_msgs/msg/detail\n'}
[14.351157] (decomp_ros_msgs) StdoutLine: {'line': b'-- Installing: /home/lorenzo/code/dynus_lite/dynus_lite_ws/install/decomp_ros_msgs/include/decomp_ros_msgs/decomp_ros_msgs/msg/detail/ellipsoid_array__rosidl_typesupport_fastrtps_c.h\n'}
[14.351224] (decomp_ros_msgs) StdoutLine: {'line': b'-- Installing: /home/lorenzo/code/dynus_lite/dynus_lite_ws/install/decomp_ros_msgs/include/decomp_ros_msgs/decomp_ros_msgs/msg/detail/ellipsoid__rosidl_typesupport_fastrtps_c.h\n'}
[14.351292] (decomp_ros_msgs) StdoutLine: {'line': b'-- Installing: /home/lorenzo/code/dynus_lite/dynus_lite_ws/install/decomp_ros_msgs/include/decomp_ros_msgs/decomp_ros_msgs/msg/detail/polyhedron__rosidl_typesupport_fastrtps_c.h\n'}
[14.351377] (decomp_ros_msgs) StdoutLine: {'line': b'-- Installing: /home/lorenzo/code/dynus_lite/dynus_lite_ws/install/decomp_ros_msgs/include/decomp_ros_msgs/decomp_ros_msgs/msg/detail/polyhedron_array__rosidl_typesupport_fastrtps_c.h\n'}
[14.351478] (decomp_ros_msgs) StdoutLine: {'line': b'-- Installing: /home/lorenzo/code/dynus_lite/dynus_lite_ws/install/decomp_ros_msgs/lib/libdecomp_ros_msgs__rosidl_typesupport_fastrtps_c.so\n'}
[14.351576] (decomp_ros_msgs) StdoutLine: {'line': b'-- Set runtime path of "/home/lorenzo/code/dynus_lite/dynus_lite_ws/install/decomp_ros_msgs/lib/libdecomp_ros_msgs__rosidl_typesupport_fastrtps_c.so" to ""\n'}
[14.351645] (decomp_ros_msgs) StdoutLine: {'line': b'-- Up-to-date: /home/lorenzo/code/dynus_lite/dynus_lite_ws/install/decomp_ros_msgs/include/decomp_ros_msgs/decomp_ros_msgs\n'}
[14.351709] (decomp_ros_msgs) StdoutLine: {'line': b'-- Up-to-date: /home/lorenzo/code/dynus_lite/dynus_lite_ws/install/decomp_ros_msgs/include/decomp_ros_msgs/decomp_ros_msgs/msg\n'}
[14.351796] (decomp_ros_msgs) StdoutLine: {'line': b'-- Up-to-date: /home/lorenzo/code/dynus_lite/dynus_lite_ws/install/decomp_ros_msgs/include/decomp_ros_msgs/decomp_ros_msgs/msg/detail\n'}
[14.351910] (decomp_ros_msgs) StdoutLine: {'line': b'-- Installing: /home/lorenzo/code/dynus_lite/dynus_lite_ws/install/decomp_ros_msgs/include/decomp_ros_msgs/decomp_ros_msgs/msg/detail/polyhedron_array__type_support.hpp\n'}
[14.351970] (decomp_ros_msgs) StdoutLine: {'line': b'-- Installing: /home/lorenzo/code/dynus_lite/dynus_lite_ws/install/decomp_ros_msgs/include/decomp_ros_msgs/decomp_ros_msgs/msg/detail/ellipsoid_array__builder.hpp\n'}
[14.352036] (decomp_ros_msgs) StdoutLine: {'line': b'-- Installing: /home/lorenzo/code/dynus_lite/dynus_lite_ws/install/decomp_ros_msgs/include/decomp_ros_msgs/decomp_ros_msgs/msg/detail/polyhedron_array__traits.hpp\n'}
[14.352134] (decomp_ros_msgs) StdoutLine: {'line': b'-- Installing: /home/lorenzo/code/dynus_lite/dynus_lite_ws/install/decomp_ros_msgs/include/decomp_ros_msgs/decomp_ros_msgs/msg/detail/polyhedron_array__struct.hpp\n'}
[14.352200] (decomp_ros_msgs) StdoutLine: {'line': b'-- Installing: /home/lorenzo/code/dynus_lite/dynus_lite_ws/install/decomp_ros_msgs/include/decomp_ros_msgs/decomp_ros_msgs/msg/detail/ellipsoid__builder.hpp\n'}
[14.352264] (decomp_ros_msgs) StdoutLine: {'line': b'-- Installing: /home/lorenzo/code/dynus_lite/dynus_lite_ws/install/decomp_ros_msgs/include/decomp_ros_msgs/decomp_ros_msgs/msg/detail/ellipsoid__traits.hpp\n'}
[14.352327] (decomp_ros_msgs) StdoutLine: {'line': b'-- Installing: /home/lorenzo/code/dynus_lite/dynus_lite_ws/install/decomp_ros_msgs/include/decomp_ros_msgs/decomp_ros_msgs/msg/detail/polyhedron__type_support.hpp\n'}
[14.352414] (decomp_ros_msgs) StdoutLine: {'line': b'-- Installing: /home/lorenzo/code/dynus_lite/dynus_lite_ws/install/decomp_ros_msgs/include/decomp_ros_msgs/decomp_ros_msgs/msg/detail/ellipsoid__struct.hpp\n'}
[14.352526] (decomp_ros_msgs) StdoutLine: {'line': b'-- Installing: /home/lorenzo/code/dynus_lite/dynus_lite_ws/install/decomp_ros_msgs/include/decomp_ros_msgs/decomp_ros_msgs/msg/detail/ellipsoid_array__struct.hpp\n'}
[14.352597] (decomp_ros_msgs) StdoutLine: {'line': b'-- Installing: /home/lorenzo/code/dynus_lite/dynus_lite_ws/install/decomp_ros_msgs/include/decomp_ros_msgs/decomp_ros_msgs/msg/detail/polyhedron__builder.hpp\n'}
[14.352662] (decomp_ros_msgs) StdoutLine: {'line': b'-- Installing: /home/lorenzo/code/dynus_lite/dynus_lite_ws/install/decomp_ros_msgs/include/decomp_ros_msgs/decomp_ros_msgs/msg/detail/polyhedron__struct.hpp\n'}
[14.352726] (decomp_ros_msgs) StdoutLine: {'line': b'-- Installing: /home/lorenzo/code/dynus_lite/dynus_lite_ws/install/decomp_ros_msgs/include/decomp_ros_msgs/decomp_ros_msgs/msg/detail/polyhedron_array__builder.hpp\n'}
[14.352789] (decomp_ros_msgs) StdoutLine: {'line': b'-- Installing: /home/lorenzo/code/dynus_lite/dynus_lite_ws/install/decomp_ros_msgs/include/decomp_ros_msgs/decomp_ros_msgs/msg/detail/ellipsoid_array__type_support.hpp\n'}
[14.352875] (decomp_ros_msgs) StdoutLine: {'line': b'-- Installing: /home/lorenzo/code/dynus_lite/dynus_lite_ws/install/decomp_ros_msgs/include/decomp_ros_msgs/decomp_ros_msgs/msg/detail/polyhedron__traits.hpp\n'}
[14.352985] (decomp_ros_msgs) StdoutLine: {'line': b'-- Installing: /home/lorenzo/code/dynus_lite/dynus_lite_ws/install/decomp_ros_msgs/include/decomp_ros_msgs/decomp_ros_msgs/msg/detail/ellipsoid_array__traits.hpp\n'}
[14.353050] (decomp_ros_msgs) StdoutLine: {'line': b'-- Installing: /home/lorenzo/code/dynus_lite/dynus_lite_ws/install/decomp_ros_msgs/include/decomp_ros_msgs/decomp_ros_msgs/msg/detail/ellipsoid__type_support.hpp\n'}
[14.353138] (decomp_ros_msgs) StdoutLine: {'line': b'-- Installing: /home/lorenzo/code/dynus_lite/dynus_lite_ws/install/decomp_ros_msgs/include/decomp_ros_msgs/decomp_ros_msgs/msg/ellipsoid_array.hpp\n'}
[14.353206] (decomp_ros_msgs) StdoutLine: {'line': b'-- Installing: /home/lorenzo/code/dynus_lite/dynus_lite_ws/install/decomp_ros_msgs/include/decomp_ros_msgs/decomp_ros_msgs/msg/polyhedron_array.hpp\n'}
[14.353271] (decomp_ros_msgs) StdoutLine: {'line': b'-- Installing: /home/lorenzo/code/dynus_lite/dynus_lite_ws/install/decomp_ros_msgs/include/decomp_ros_msgs/decomp_ros_msgs/msg/rosidl_generator_cpp__visibility_control.hpp\n'}
[14.353335] (decomp_ros_msgs) StdoutLine: {'line': b'-- Installing: /home/lorenzo/code/dynus_lite/dynus_lite_ws/install/decomp_ros_msgs/include/decomp_ros_msgs/decomp_ros_msgs/msg/polyhedron.hpp\n'}
[14.353399] (decomp_ros_msgs) StdoutLine: {'line': b'-- Installing: /home/lorenzo/code/dynus_lite/dynus_lite_ws/install/decomp_ros_msgs/include/decomp_ros_msgs/decomp_ros_msgs/msg/ellipsoid.hpp\n'}
[14.353501] (decomp_ros_msgs) StdoutLine: {'line': b'-- Up-to-date: /home/lorenzo/code/dynus_lite/dynus_lite_ws/install/decomp_ros_msgs/include/decomp_ros_msgs/decomp_ros_msgs\n'}
[14.353565] (decomp_ros_msgs) StdoutLine: {'line': b'-- Up-to-date: /home/lorenzo/code/dynus_lite/dynus_lite_ws/install/decomp_ros_msgs/include/decomp_ros_msgs/decomp_ros_msgs/msg\n'}
[14.353629] (decomp_ros_msgs) StdoutLine: {'line': b'-- Up-to-date: /home/lorenzo/code/dynus_lite/dynus_lite_ws/install/decomp_ros_msgs/include/decomp_ros_msgs/decomp_ros_msgs/msg/detail\n'}
[14.353693] (decomp_ros_msgs) StdoutLine: {'line': b'-- Installing: /home/lorenzo/code/dynus_lite/dynus_lite_ws/install/decomp_ros_msgs/include/decomp_ros_msgs/decomp_ros_msgs/msg/detail/polyhedron_array__rosidl_typesupport_fastrtps_cpp.hpp\n'}
[14.353756] (decomp_ros_msgs) StdoutLine: {'line': b'-- Installing: /home/lorenzo/code/dynus_lite/dynus_lite_ws/install/decomp_ros_msgs/include/decomp_ros_msgs/decomp_ros_msgs/msg/detail/dds_fastrtps\n'}
[14.353820] (decomp_ros_msgs) StdoutLine: {'line': b'-- Installing: /home/lorenzo/code/dynus_lite/dynus_lite_ws/install/decomp_ros_msgs/include/decomp_ros_msgs/decomp_ros_msgs/msg/detail/ellipsoid_array__rosidl_typesupport_fastrtps_cpp.hpp\n'}
[14.353883] (decomp_ros_msgs) StdoutLine: {'line': b'-- Installing: /home/lorenzo/code/dynus_lite/dynus_lite_ws/install/decomp_ros_msgs/include/decomp_ros_msgs/decomp_ros_msgs/msg/detail/ellipsoid__rosidl_typesupport_fastrtps_cpp.hpp\n'}
[14.353970] (decomp_ros_msgs) StdoutLine: {'line': b'-- Installing: /home/lorenzo/code/dynus_lite/dynus_lite_ws/install/decomp_ros_msgs/include/decomp_ros_msgs/decomp_ros_msgs/msg/detail/polyhedron__rosidl_typesupport_fastrtps_cpp.hpp\n'}
[14.354090] (decomp_ros_msgs) StdoutLine: {'line': b'-- Installing: /home/lorenzo/code/dynus_lite/dynus_lite_ws/install/decomp_ros_msgs/include/decomp_ros_msgs/decomp_ros_msgs/msg/rosidl_typesupport_fastrtps_cpp__visibility_control.h\n'}
[14.354204] (decomp_ros_msgs) StdoutLine: {'line': b'-- Installing: /home/lorenzo/code/dynus_lite/dynus_lite_ws/install/decomp_ros_msgs/lib/libdecomp_ros_msgs__rosidl_typesupport_fastrtps_cpp.so\n'}
[14.354260] (decomp_ros_msgs) StdoutLine: {'line': b'-- Set runtime path of "/home/lorenzo/code/dynus_lite/dynus_lite_ws/install/decomp_ros_msgs/lib/libdecomp_ros_msgs__rosidl_typesupport_fastrtps_cpp.so" to ""\n'}
[14.354329] (decomp_ros_msgs) StdoutLine: {'line': b'-- Up-to-date: /home/lorenzo/code/dynus_lite/dynus_lite_ws/install/decomp_ros_msgs/include/decomp_ros_msgs/decomp_ros_msgs\n'}
[14.354393] (decomp_ros_msgs) StdoutLine: {'line': b'-- Up-to-date: /home/lorenzo/code/dynus_lite/dynus_lite_ws/install/decomp_ros_msgs/include/decomp_ros_msgs/decomp_ros_msgs/msg\n'}
[14.354457] (decomp_ros_msgs) StdoutLine: {'line': b'-- Up-to-date: /home/lorenzo/code/dynus_lite/dynus_lite_ws/install/decomp_ros_msgs/include/decomp_ros_msgs/decomp_ros_msgs/msg/detail\n'}
[14.354520] (decomp_ros_msgs) StdoutLine: {'line': b'-- Installing: /home/lorenzo/code/dynus_lite/dynus_lite_ws/install/decomp_ros_msgs/include/decomp_ros_msgs/decomp_ros_msgs/msg/detail/ellipsoid_array__type_support.c\n'}
[14.354607] (decomp_ros_msgs) StdoutLine: {'line': b'-- Installing: /home/lorenzo/code/dynus_lite/dynus_lite_ws/install/decomp_ros_msgs/include/decomp_ros_msgs/decomp_ros_msgs/msg/detail/ellipsoid_array__rosidl_typesupport_introspection_c.h\n'}
[14.354722] (decomp_ros_msgs) StdoutLine: {'line': b'-- Installing: /home/lorenzo/code/dynus_lite/dynus_lite_ws/install/decomp_ros_msgs/include/decomp_ros_msgs/decomp_ros_msgs/msg/detail/polyhedron_array__rosidl_typesupport_introspection_c.h\n'}
[14.354793] (decomp_ros_msgs) StdoutLine: {'line': b'-- Installing: /home/lorenzo/code/dynus_lite/dynus_lite_ws/install/decomp_ros_msgs/include/decomp_ros_msgs/decomp_ros_msgs/msg/detail/polyhedron__type_support.c\n'}
[14.354858] (decomp_ros_msgs) StdoutLine: {'line': b'-- Installing: /home/lorenzo/code/dynus_lite/dynus_lite_ws/install/decomp_ros_msgs/include/decomp_ros_msgs/decomp_ros_msgs/msg/detail/ellipsoid__type_support.c\n'}
[14.354932] (decomp_ros_msgs) StdoutLine: {'line': b'-- Installing: /home/lorenzo/code/dynus_lite/dynus_lite_ws/install/decomp_ros_msgs/include/decomp_ros_msgs/decomp_ros_msgs/msg/detail/polyhedron_array__type_support.c\n'}
[14.355074] (decomp_ros_msgs) StdoutLine: {'line': b'-- Installing: /home/lorenzo/code/dynus_lite/dynus_lite_ws/install/decomp_ros_msgs/include/decomp_ros_msgs/decomp_ros_msgs/msg/detail/polyhedron__rosidl_typesupport_introspection_c.h\n'}
[14.355168] (decomp_ros_msgs) StdoutLine: {'line': b'-- Installing: /home/lorenzo/code/dynus_lite/dynus_lite_ws/install/decomp_ros_msgs/include/decomp_ros_msgs/decomp_ros_msgs/msg/detail/ellipsoid__rosidl_typesupport_introspection_c.h\n'}
[14.355250] (decomp_ros_msgs) StdoutLine: {'line': b'-- Installing: /home/lorenzo/code/dynus_lite/dynus_lite_ws/install/decomp_ros_msgs/include/decomp_ros_msgs/decomp_ros_msgs/msg/rosidl_typesupport_introspection_c__visibility_control.h\n'}
[14.355328] (decomp_ros_msgs) StdoutLine: {'line': b'-- Installing: /home/lorenzo/code/dynus_lite/dynus_lite_ws/install/decomp_ros_msgs/lib/libdecomp_ros_msgs__rosidl_typesupport_introspection_c.so\n'}
[14.355439] (decomp_ros_msgs) StdoutLine: {'line': b'-- Set runtime path of "/home/lorenzo/code/dynus_lite/dynus_lite_ws/install/decomp_ros_msgs/lib/libdecomp_ros_msgs__rosidl_typesupport_introspection_c.so" to ""\n'}
[14.355491] (decomp_ros_msgs) StdoutLine: {'line': b'-- Installing: /home/lorenzo/code/dynus_lite/dynus_lite_ws/install/decomp_ros_msgs/lib/libdecomp_ros_msgs__rosidl_typesupport_c.so\n'}
[14.355615] (decomp_ros_msgs) StdoutLine: {'line': b'-- Set runtime path of "/home/lorenzo/code/dynus_lite/dynus_lite_ws/install/decomp_ros_msgs/lib/libdecomp_ros_msgs__rosidl_typesupport_c.so" to ""\n'}
[14.355683] (decomp_ros_msgs) StdoutLine: {'line': b'-- Up-to-date: /home/lorenzo/code/dynus_lite/dynus_lite_ws/install/decomp_ros_msgs/include/decomp_ros_msgs/decomp_ros_msgs\n'}
[14.355773] (decomp_ros_msgs) StdoutLine: {'line': b'-- Up-to-date: /home/lorenzo/code/dynus_lite/dynus_lite_ws/install/decomp_ros_msgs/include/decomp_ros_msgs/decomp_ros_msgs/msg\n'}
[14.355823] (decomp_ros_msgs) StdoutLine: {'line': b'-- Up-to-date: /home/lorenzo/code/dynus_lite/dynus_lite_ws/install/decomp_ros_msgs/include/decomp_ros_msgs/decomp_ros_msgs/msg/detail\n'}
[14.355872] (decomp_ros_msgs) StdoutLine: {'line': b'-- Installing: /home/lorenzo/code/dynus_lite/dynus_lite_ws/install/decomp_ros_msgs/include/decomp_ros_msgs/decomp_ros_msgs/msg/detail/polyhedron__type_support.cpp\n'}
[14.355948] (decomp_ros_msgs) StdoutLine: {'line': b'-- Installing: /home/lorenzo/code/dynus_lite/dynus_lite_ws/install/decomp_ros_msgs/include/decomp_ros_msgs/decomp_ros_msgs/msg/detail/polyhedron_array__rosidl_typesupport_introspection_cpp.hpp\n'}
[14.356025] (decomp_ros_msgs) StdoutLine: {'line': b'-- Installing: /home/lorenzo/code/dynus_lite/dynus_lite_ws/install/decomp_ros_msgs/include/decomp_ros_msgs/decomp_ros_msgs/msg/detail/polyhedron_array__type_support.cpp\n'}
[14.356105] (decomp_ros_msgs) StdoutLine: {'line': b'-- Installing: /home/lorenzo/code/dynus_lite/dynus_lite_ws/install/decomp_ros_msgs/include/decomp_ros_msgs/decomp_ros_msgs/msg/detail/ellipsoid_array__rosidl_typesupport_introspection_cpp.hpp\n'}
[14.356187] (decomp_ros_msgs) StdoutLine: {'line': b'-- Installing: /home/lorenzo/code/dynus_lite/dynus_lite_ws/install/decomp_ros_msgs/include/decomp_ros_msgs/decomp_ros_msgs/msg/detail/ellipsoid__rosidl_typesupport_introspection_cpp.hpp\n'}
[14.356271] (decomp_ros_msgs) StdoutLine: {'line': b'-- Installing: /home/lorenzo/code/dynus_lite/dynus_lite_ws/install/decomp_ros_msgs/include/decomp_ros_msgs/decomp_ros_msgs/msg/detail/polyhedron__rosidl_typesupport_introspection_cpp.hpp\n'}
[14.356357] (decomp_ros_msgs) StdoutLine: {'line': b'-- Installing: /home/lorenzo/code/dynus_lite/dynus_lite_ws/install/decomp_ros_msgs/include/decomp_ros_msgs/decomp_ros_msgs/msg/detail/ellipsoid_array__type_support.cpp\n'}
[14.356447] (decomp_ros_msgs) StdoutLine: {'line': b'-- Installing: /home/lorenzo/code/dynus_lite/dynus_lite_ws/install/decomp_ros_msgs/include/decomp_ros_msgs/decomp_ros_msgs/msg/detail/ellipsoid__type_support.cpp\n'}
[14.356611] (decomp_ros_msgs) StdoutLine: {'line': b'-- Installing: /home/lorenzo/code/dynus_lite/dynus_lite_ws/install/decomp_ros_msgs/lib/libdecomp_ros_msgs__rosidl_typesupport_introspection_cpp.so\n'}
[14.356924] (decomp_ros_msgs) StdoutLine: {'line': b'-- Set runtime path of "/home/lorenzo/code/dynus_lite/dynus_lite_ws/install/decomp_ros_msgs/lib/libdecomp_ros_msgs__rosidl_typesupport_introspection_cpp.so" to ""\n'}
[14.357003] (decomp_ros_msgs) StdoutLine: {'line': b'-- Installing: /home/lorenzo/code/dynus_lite/dynus_lite_ws/install/decomp_ros_msgs/lib/libdecomp_ros_msgs__rosidl_typesupport_cpp.so\n'}
[14.357231] (decomp_ros_msgs) StdoutLine: {'line': b'-- Set runtime path of "/home/lorenzo/code/dynus_lite/dynus_lite_ws/install/decomp_ros_msgs/lib/libdecomp_ros_msgs__rosidl_typesupport_cpp.so" to ""\n'}
[14.357372] (decomp_ros_msgs) StdoutLine: {'line': b'-- Installing: /home/lorenzo/code/dynus_lite/dynus_lite_ws/install/decomp_ros_msgs/share/decomp_ros_msgs/environment/pythonpath.sh\n'}
[14.357529] (decomp_ros_msgs) StdoutLine: {'line': b'-- Installing: /home/lorenzo/code/dynus_lite/dynus_lite_ws/install/decomp_ros_msgs/share/decomp_ros_msgs/environment/pythonpath.dsv\n'}
[14.357609] (decomp_ros_msgs) StdoutLine: {'line': b'-- Installing: /home/lorenzo/code/dynus_lite/dynus_lite_ws/install/decomp_ros_msgs/local/lib/python3.10/dist-packages/decomp_ros_msgs-0.0.0-py3.10.egg-info\n'}
[14.357741] (decomp_ros_msgs) StdoutLine: {'line': b'-- Installing: /home/lorenzo/code/dynus_lite/dynus_lite_ws/install/decomp_ros_msgs/local/lib/python3.10/dist-packages/decomp_ros_msgs-0.0.0-py3.10.egg-info/top_level.txt\n'}
[14.357884] (decomp_ros_msgs) StdoutLine: {'line': b'-- Installing: /home/lorenzo/code/dynus_lite/dynus_lite_ws/install/decomp_ros_msgs/local/lib/python3.10/dist-packages/decomp_ros_msgs-0.0.0-py3.10.egg-info/SOURCES.txt\n'}
[14.357947] (decomp_ros_msgs) StdoutLine: {'line': b'-- Installing: /home/lorenzo/code/dynus_lite/dynus_lite_ws/install/decomp_ros_msgs/local/lib/python3.10/dist-packages/decomp_ros_msgs-0.0.0-py3.10.egg-info/dependency_links.txt\n'}
[14.358042] (decomp_ros_msgs) StdoutLine: {'line': b'-- Installing: /home/lorenzo/code/dynus_lite/dynus_lite_ws/install/decomp_ros_msgs/local/lib/python3.10/dist-packages/decomp_ros_msgs-0.0.0-py3.10.egg-info/PKG-INFO\n'}
[14.358133] (decomp_ros_msgs) StdoutLine: {'line': b'-- Installing: /home/lorenzo/code/dynus_lite/dynus_lite_ws/install/decomp_ros_msgs/local/lib/python3.10/dist-packages/decomp_ros_msgs\n'}
[14.358188] (decomp_ros_msgs) StdoutLine: {'line': b'-- Installing: /home/lorenzo/code/dynus_lite/dynus_lite_ws/install/decomp_ros_msgs/local/lib/python3.10/dist-packages/decomp_ros_msgs/decomp_ros_msgs_s__rosidl_typesupport_fastrtps_c.cpython-310-x86_64-linux-gnu.so\n'}
[14.358273] (decomp_ros_msgs) StdoutLine: {'line': b'-- Installing: /home/lorenzo/code/dynus_lite/dynus_lite_ws/install/decomp_ros_msgs/local/lib/python3.10/dist-packages/decomp_ros_msgs/__init__.py\n'}
[14.358358] (decomp_ros_msgs) StdoutLine: {'line': b'-- Installing: /home/lorenzo/code/dynus_lite/dynus_lite_ws/install/decomp_ros_msgs/local/lib/python3.10/dist-packages/decomp_ros_msgs/_decomp_ros_msgs_s.ep.rosidl_typesupport_introspection_c.c\n'}
[14.358435] (decomp_ros_msgs) StdoutLine: {'line': b'-- Installing: /home/lorenzo/code/dynus_lite/dynus_lite_ws/install/decomp_ros_msgs/local/lib/python3.10/dist-packages/decomp_ros_msgs/_decomp_ros_msgs_s.ep.rosidl_typesupport_c.c\n'}
[14.358520] (decomp_ros_msgs) StdoutLine: {'line': b'-- Installing: /home/lorenzo/code/dynus_lite/dynus_lite_ws/install/decomp_ros_msgs/local/lib/python3.10/dist-packages/decomp_ros_msgs/libdecomp_ros_msgs__rosidl_generator_py.so\n'}
[14.358628] (decomp_ros_msgs) StdoutLine: {'line': b'-- Installing: /home/lorenzo/code/dynus_lite/dynus_lite_ws/install/decomp_ros_msgs/local/lib/python3.10/dist-packages/decomp_ros_msgs/decomp_ros_msgs_s__rosidl_typesupport_c.cpython-310-x86_64-linux-gnu.so\n'}
[14.358721] (decomp_ros_msgs) StdoutLine: {'line': b'-- Installing: /home/lorenzo/code/dynus_lite/dynus_lite_ws/install/decomp_ros_msgs/local/lib/python3.10/dist-packages/decomp_ros_msgs/msg\n'}
[14.358804] (decomp_ros_msgs) StdoutLine: {'line': b'-- Installing: /home/lorenzo/code/dynus_lite/dynus_lite_ws/install/decomp_ros_msgs/local/lib/python3.10/dist-packages/decomp_ros_msgs/msg/__init__.py\n'}
[14.358890] (decomp_ros_msgs) StdoutLine: {'line': b'-- Installing: /home/lorenzo/code/dynus_lite/dynus_lite_ws/install/decomp_ros_msgs/local/lib/python3.10/dist-packages/decomp_ros_msgs/msg/_ellipsoid.py\n'}
[14.358982] (decomp_ros_msgs) StdoutLine: {'line': b'-- Installing: /home/lorenzo/code/dynus_lite/dynus_lite_ws/install/decomp_ros_msgs/local/lib/python3.10/dist-packages/decomp_ros_msgs/msg/_polyhedron.py\n'}
[14.359076] (decomp_ros_msgs) StdoutLine: {'line': b'-- Installing: /home/lorenzo/code/dynus_lite/dynus_lite_ws/install/decomp_ros_msgs/local/lib/python3.10/dist-packages/decomp_ros_msgs/msg/_ellipsoid_array_s.c\n'}
[14.359173] (decomp_ros_msgs) StdoutLine: {'line': b'-- Installing: /home/lorenzo/code/dynus_lite/dynus_lite_ws/install/decomp_ros_msgs/local/lib/python3.10/dist-packages/decomp_ros_msgs/msg/_polyhedron_array_s.c\n'}
[14.359294] (decomp_ros_msgs) StdoutLine: {'line': b'-- Installing: /home/lorenzo/code/dynus_lite/dynus_lite_ws/install/decomp_ros_msgs/local/lib/python3.10/dist-packages/decomp_ros_msgs/msg/_ellipsoid_array.py\n'}
[14.359369] (decomp_ros_msgs) StdoutLine: {'line': b'-- Installing: /home/lorenzo/code/dynus_lite/dynus_lite_ws/install/decomp_ros_msgs/local/lib/python3.10/dist-packages/decomp_ros_msgs/msg/_ellipsoid_s.c\n'}
[14.359442] (decomp_ros_msgs) StdoutLine: {'line': b'-- Installing: /home/lorenzo/code/dynus_lite/dynus_lite_ws/install/decomp_ros_msgs/local/lib/python3.10/dist-packages/decomp_ros_msgs/msg/_polyhedron_array.py\n'}
[14.359531] (decomp_ros_msgs) StdoutLine: {'line': b'-- Installing: /home/lorenzo/code/dynus_lite/dynus_lite_ws/install/decomp_ros_msgs/local/lib/python3.10/dist-packages/decomp_ros_msgs/msg/_polyhedron_s.c\n'}
[14.359623] (decomp_ros_msgs) StdoutLine: {'line': b'-- Installing: /home/lorenzo/code/dynus_lite/dynus_lite_ws/install/decomp_ros_msgs/local/lib/python3.10/dist-packages/decomp_ros_msgs/_decomp_ros_msgs_s.ep.rosidl_typesupport_fastrtps_c.c\n'}
[14.359717] (decomp_ros_msgs) StdoutLine: {'line': b'-- Installing: /home/lorenzo/code/dynus_lite/dynus_lite_ws/install/decomp_ros_msgs/local/lib/python3.10/dist-packages/decomp_ros_msgs/decomp_ros_msgs_s__rosidl_typesupport_introspection_c.cpython-310-x86_64-linux-gnu.so\n'}
[14.373457] (snapstack_msgs2) StdoutLine: {'line': b'[ 21%] \x1b[32mBuilding CXX object CMakeFiles/snapstack_msgs2__rosidl_typesupport_fastrtps_cpp.dir/rosidl_typesupport_fastrtps_cpp/snapstack_msgs2/msg/detail/dds_fastrtps/goal__type_support.cpp.o\x1b[0m\n'}
[14.394597] (decomp_ros_msgs) StdoutLine: {'line': b"Listing '/home/lorenzo/code/dynus_lite/dynus_lite_ws/install/decomp_ros_msgs/local/lib/python3.10/dist-packages/decomp_ros_msgs'...\n"}
[14.394809] (decomp_ros_msgs) StdoutLine: {'line': b"Compiling '/home/lorenzo/code/dynus_lite/dynus_lite_ws/install/decomp_ros_msgs/local/lib/python3.10/dist-packages/decomp_ros_msgs/__init__.py'...\n"}
[14.394927] (decomp_ros_msgs) StdoutLine: {'line': b"Listing '/home/lorenzo/code/dynus_lite/dynus_lite_ws/install/decomp_ros_msgs/local/lib/python3.10/dist-packages/decomp_ros_msgs/msg'...\n"}
[14.395034] (decomp_ros_msgs) StdoutLine: {'line': b"Compiling '/home/lorenzo/code/dynus_lite/dynus_lite_ws/install/decomp_ros_msgs/local/lib/python3.10/dist-packages/decomp_ros_msgs/msg/__init__.py'...\n"}
[14.395145] (decomp_ros_msgs) StdoutLine: {'line': b"Compiling '/home/lorenzo/code/dynus_lite/dynus_lite_ws/install/decomp_ros_msgs/local/lib/python3.10/dist-packages/decomp_ros_msgs/msg/_ellipsoid.py'...\n"}
[14.395237] (decomp_ros_msgs) StdoutLine: {'line': b"Compiling '/home/lorenzo/code/dynus_lite/dynus_lite_ws/install/decomp_ros_msgs/local/lib/python3.10/dist-packages/decomp_ros_msgs/msg/_ellipsoid_array.py'...\n"}
[14.395325] (decomp_ros_msgs) StdoutLine: {'line': b"Compiling '/home/lorenzo/code/dynus_lite/dynus_lite_ws/install/decomp_ros_msgs/local/lib/python3.10/dist-packages/decomp_ros_msgs/msg/_polyhedron.py'...\n"}
[14.395421] (decomp_ros_msgs) StdoutLine: {'line': b"Compiling '/home/lorenzo/code/dynus_lite/dynus_lite_ws/install/decomp_ros_msgs/local/lib/python3.10/dist-packages/decomp_ros_msgs/msg/_polyhedron_array.py'...\n"}
[14.399794] (decomp_ros_msgs) StdoutLine: {'line': b'-- Installing: /home/lorenzo/code/dynus_lite/dynus_lite_ws/install/decomp_ros_msgs/local/lib/python3.10/dist-packages/decomp_ros_msgs/decomp_ros_msgs_s__rosidl_typesupport_fastrtps_c.cpython-310-x86_64-linux-gnu.so\n'}
[14.400195] (decomp_ros_msgs) StdoutLine: {'line': b'-- Set runtime path of "/home/lorenzo/code/dynus_lite/dynus_lite_ws/install/decomp_ros_msgs/local/lib/python3.10/dist-packages/decomp_ros_msgs/decomp_ros_msgs_s__rosidl_typesupport_fastrtps_c.cpython-310-x86_64-linux-gnu.so" to ""\n'}
[14.400448] (decomp_ros_msgs) StdoutLine: {'line': b'-- Installing: /home/lorenzo/code/dynus_lite/dynus_lite_ws/install/decomp_ros_msgs/local/lib/python3.10/dist-packages/decomp_ros_msgs/decomp_ros_msgs_s__rosidl_typesupport_introspection_c.cpython-310-x86_64-linux-gnu.so\n'}
[14.400807] (decomp_ros_msgs) StdoutLine: {'line': b'-- Set runtime path of "/home/lorenzo/code/dynus_lite/dynus_lite_ws/install/decomp_ros_msgs/local/lib/python3.10/dist-packages/decomp_ros_msgs/decomp_ros_msgs_s__rosidl_typesupport_introspection_c.cpython-310-x86_64-linux-gnu.so" to ""\n'}
[14.401028] (decomp_ros_msgs) StdoutLine: {'line': b'-- Installing: /home/lorenzo/code/dynus_lite/dynus_lite_ws/install/decomp_ros_msgs/local/lib/python3.10/dist-packages/decomp_ros_msgs/decomp_ros_msgs_s__rosidl_typesupport_c.cpython-310-x86_64-linux-gnu.so\n'}
[14.401439] (decomp_ros_msgs) StdoutLine: {'line': b'-- Set runtime path of "/home/lorenzo/code/dynus_lite/dynus_lite_ws/install/decomp_ros_msgs/local/lib/python3.10/dist-packages/decomp_ros_msgs/decomp_ros_msgs_s__rosidl_typesupport_c.cpython-310-x86_64-linux-gnu.so" to ""\n'}
[14.401624] (decomp_ros_msgs) StdoutLine: {'line': b'-- Installing: /home/lorenzo/code/dynus_lite/dynus_lite_ws/install/decomp_ros_msgs/lib/libdecomp_ros_msgs__rosidl_generator_py.so\n'}
[14.401971] (decomp_ros_msgs) StdoutLine: {'line': b'-- Set runtime path of "/home/lorenzo/code/dynus_lite/dynus_lite_ws/install/decomp_ros_msgs/lib/libdecomp_ros_msgs__rosidl_generator_py.so" to ""\n'}
[14.402076] (decomp_ros_msgs) StdoutLine: {'line': b'-- Installing: /home/lorenzo/code/dynus_lite/dynus_lite_ws/install/decomp_ros_msgs/share/decomp_ros_msgs/msg/Ellipsoid.idl\n'}
[14.402298] (decomp_ros_msgs) StdoutLine: {'line': b'-- Installing: /home/lorenzo/code/dynus_lite/dynus_lite_ws/install/decomp_ros_msgs/share/decomp_ros_msgs/msg/EllipsoidArray.idl\n'}
[14.402425] (decomp_ros_msgs) StdoutLine: {'line': b'-- Installing: /home/lorenzo/code/dynus_lite/dynus_lite_ws/install/decomp_ros_msgs/share/decomp_ros_msgs/msg/Polyhedron.idl\n'}
[14.402641] (decomp_ros_msgs) StdoutLine: {'line': b'-- Installing: /home/lorenzo/code/dynus_lite/dynus_lite_ws/install/decomp_ros_msgs/share/decomp_ros_msgs/msg/PolyhedronArray.idl\n'}
[14.402788] (decomp_ros_msgs) StdoutLine: {'line': b'-- Installing: /home/lorenzo/code/dynus_lite/dynus_lite_ws/install/decomp_ros_msgs/share/decomp_ros_msgs/msg/Ellipsoid.msg\n'}
[14.402953] (decomp_ros_msgs) StdoutLine: {'line': b'-- Installing: /home/lorenzo/code/dynus_lite/dynus_lite_ws/install/decomp_ros_msgs/share/decomp_ros_msgs/msg/EllipsoidArray.msg\n'}
[14.403098] (decomp_ros_msgs) StdoutLine: {'line': b'-- Installing: /home/lorenzo/code/dynus_lite/dynus_lite_ws/install/decomp_ros_msgs/share/decomp_ros_msgs/msg/Polyhedron.msg\n'}
[14.403283] (decomp_ros_msgs) StdoutLine: {'line': b'-- Installing: /home/lorenzo/code/dynus_lite/dynus_lite_ws/install/decomp_ros_msgs/share/decomp_ros_msgs/msg/PolyhedronArray.msg\n'}
[14.403502] (decomp_ros_msgs) StdoutLine: {'line': b'-- Installing: /home/lorenzo/code/dynus_lite/dynus_lite_ws/install/decomp_ros_msgs/share/ament_index/resource_index/package_run_dependencies/decomp_ros_msgs\n'}
[14.403719] (decomp_ros_msgs) StdoutLine: {'line': b'-- Installing: /home/lorenzo/code/dynus_lite/dynus_lite_ws/install/decomp_ros_msgs/share/ament_index/resource_index/parent_prefix_path/decomp_ros_msgs\n'}
[14.403892] (decomp_ros_msgs) StdoutLine: {'line': b'-- Installing: /home/lorenzo/code/dynus_lite/dynus_lite_ws/install/decomp_ros_msgs/share/decomp_ros_msgs/environment/ament_prefix_path.sh\n'}
[14.404039] (decomp_ros_msgs) StdoutLine: {'line': b'-- Installing: /home/lorenzo/code/dynus_lite/dynus_lite_ws/install/decomp_ros_msgs/share/decomp_ros_msgs/environment/ament_prefix_path.dsv\n'}
[14.404233] (decomp_ros_msgs) StdoutLine: {'line': b'-- Installing: /home/lorenzo/code/dynus_lite/dynus_lite_ws/install/decomp_ros_msgs/share/decomp_ros_msgs/environment/path.sh\n'}
[14.404399] (decomp_ros_msgs) StdoutLine: {'line': b'-- Installing: /home/lorenzo/code/dynus_lite/dynus_lite_ws/install/decomp_ros_msgs/share/decomp_ros_msgs/environment/path.dsv\n'}
[14.404574] (decomp_ros_msgs) StdoutLine: {'line': b'-- Installing: /home/lorenzo/code/dynus_lite/dynus_lite_ws/install/decomp_ros_msgs/share/decomp_ros_msgs/local_setup.bash\n'}
[14.404739] (decomp_ros_msgs) StdoutLine: {'line': b'-- Installing: /home/lorenzo/code/dynus_lite/dynus_lite_ws/install/decomp_ros_msgs/share/decomp_ros_msgs/local_setup.sh\n'}
[14.404878] (decomp_ros_msgs) StdoutLine: {'line': b'-- Installing: /home/lorenzo/code/dynus_lite/dynus_lite_ws/install/decomp_ros_msgs/share/decomp_ros_msgs/local_setup.zsh\n'}
[14.405036] (decomp_ros_msgs) StdoutLine: {'line': b'-- Installing: /home/lorenzo/code/dynus_lite/dynus_lite_ws/install/decomp_ros_msgs/share/decomp_ros_msgs/local_setup.dsv\n'}
[14.405221] (decomp_ros_msgs) StdoutLine: {'line': b'-- Installing: /home/lorenzo/code/dynus_lite/dynus_lite_ws/install/decomp_ros_msgs/share/decomp_ros_msgs/package.dsv\n'}
[14.405406] (decomp_ros_msgs) StdoutLine: {'line': b'-- Installing: /home/lorenzo/code/dynus_lite/dynus_lite_ws/install/decomp_ros_msgs/share/ament_index/resource_index/packages/decomp_ros_msgs\n'}
[14.405670] (decomp_ros_msgs) StdoutLine: {'line': b'-- Installing: /home/lorenzo/code/dynus_lite/dynus_lite_ws/install/decomp_ros_msgs/share/decomp_ros_msgs/cmake/export_decomp_ros_msgs__rosidl_generator_cExport.cmake\n'}
[14.405848] (decomp_ros_msgs) StdoutLine: {'line': b'-- Installing: /home/lorenzo/code/dynus_lite/dynus_lite_ws/install/decomp_ros_msgs/share/decomp_ros_msgs/cmake/export_decomp_ros_msgs__rosidl_generator_cExport-noconfig.cmake\n'}
[14.406035] (decomp_ros_msgs) StdoutLine: {'line': b'-- Installing: /home/lorenzo/code/dynus_lite/dynus_lite_ws/install/decomp_ros_msgs/share/decomp_ros_msgs/cmake/export_decomp_ros_msgs__rosidl_typesupport_fastrtps_cExport.cmake\n'}
[14.406200] (decomp_ros_msgs) StdoutLine: {'line': b'-- Installing: /home/lorenzo/code/dynus_lite/dynus_lite_ws/install/decomp_ros_msgs/share/decomp_ros_msgs/cmake/export_decomp_ros_msgs__rosidl_typesupport_fastrtps_cExport-noconfig.cmake\n'}
[14.406381] (decomp_ros_msgs) StdoutLine: {'line': b'-- Installing: /home/lorenzo/code/dynus_lite/dynus_lite_ws/install/decomp_ros_msgs/share/decomp_ros_msgs/cmake/export_decomp_ros_msgs__rosidl_generator_cppExport.cmake\n'}
[14.406588] (decomp_ros_msgs) StdoutLine: {'line': b'-- Installing: /home/lorenzo/code/dynus_lite/dynus_lite_ws/install/decomp_ros_msgs/share/decomp_ros_msgs/cmake/export_decomp_ros_msgs__rosidl_typesupport_fastrtps_cppExport.cmake\n'}
[14.406770] (decomp_ros_msgs) StdoutLine: {'line': b'-- Installing: /home/lorenzo/code/dynus_lite/dynus_lite_ws/install/decomp_ros_msgs/share/decomp_ros_msgs/cmake/export_decomp_ros_msgs__rosidl_typesupport_fastrtps_cppExport-noconfig.cmake\n'}
[14.406942] (decomp_ros_msgs) StdoutLine: {'line': b'-- Installing: /home/lorenzo/code/dynus_lite/dynus_lite_ws/install/decomp_ros_msgs/share/decomp_ros_msgs/cmake/decomp_ros_msgs__rosidl_typesupport_introspection_cExport.cmake\n'}
[14.407151] (decomp_ros_msgs) StdoutLine: {'line': b'-- Installing: /home/lorenzo/code/dynus_lite/dynus_lite_ws/install/decomp_ros_msgs/share/decomp_ros_msgs/cmake/decomp_ros_msgs__rosidl_typesupport_introspection_cExport-noconfig.cmake\n'}
[14.407351] (decomp_ros_msgs) StdoutLine: {'line': b'-- Installing: /home/lorenzo/code/dynus_lite/dynus_lite_ws/install/decomp_ros_msgs/share/decomp_ros_msgs/cmake/decomp_ros_msgs__rosidl_typesupport_cExport.cmake\n'}
[14.407530] (decomp_ros_msgs) StdoutLine: {'line': b'-- Installing: /home/lorenzo/code/dynus_lite/dynus_lite_ws/install/decomp_ros_msgs/share/decomp_ros_msgs/cmake/decomp_ros_msgs__rosidl_typesupport_cExport-noconfig.cmake\n'}
[14.407728] (decomp_ros_msgs) StdoutLine: {'line': b'-- Installing: /home/lorenzo/code/dynus_lite/dynus_lite_ws/install/decomp_ros_msgs/share/decomp_ros_msgs/cmake/decomp_ros_msgs__rosidl_typesupport_introspection_cppExport.cmake\n'}
[14.407913] (decomp_ros_msgs) StdoutLine: {'line': b'-- Installing: /home/lorenzo/code/dynus_lite/dynus_lite_ws/install/decomp_ros_msgs/share/decomp_ros_msgs/cmake/decomp_ros_msgs__rosidl_typesupport_introspection_cppExport-noconfig.cmake\n'}
[14.408109] (decomp_ros_msgs) StdoutLine: {'line': b'-- Installing: /home/lorenzo/code/dynus_lite/dynus_lite_ws/install/decomp_ros_msgs/share/decomp_ros_msgs/cmake/decomp_ros_msgs__rosidl_typesupport_cppExport.cmake\n'}
[14.408348] (decomp_ros_msgs) StdoutLine: {'line': b'-- Installing: /home/lorenzo/code/dynus_lite/dynus_lite_ws/install/decomp_ros_msgs/share/decomp_ros_msgs/cmake/decomp_ros_msgs__rosidl_typesupport_cppExport-noconfig.cmake\n'}
[14.408548] (decomp_ros_msgs) StdoutLine: {'line': b'-- Installing: /home/lorenzo/code/dynus_lite/dynus_lite_ws/install/decomp_ros_msgs/share/decomp_ros_msgs/cmake/export_decomp_ros_msgs__rosidl_generator_pyExport.cmake\n'}
[14.408684] (decomp_ros_msgs) StdoutLine: {'line': b'-- Installing: /home/lorenzo/code/dynus_lite/dynus_lite_ws/install/decomp_ros_msgs/share/decomp_ros_msgs/cmake/export_decomp_ros_msgs__rosidl_generator_pyExport-noconfig.cmake\n'}
[14.408872] (decomp_ros_msgs) StdoutLine: {'line': b'-- Installing: /home/lorenzo/code/dynus_lite/dynus_lite_ws/install/decomp_ros_msgs/share/decomp_ros_msgs/cmake/rosidl_cmake-extras.cmake\n'}
[14.409032] (decomp_ros_msgs) StdoutLine: {'line': b'-- Installing: /home/lorenzo/code/dynus_lite/dynus_lite_ws/install/decomp_ros_msgs/share/decomp_ros_msgs/cmake/ament_cmake_export_dependencies-extras.cmake\n'}
[14.409220] (decomp_ros_msgs) StdoutLine: {'line': b'-- Installing: /home/lorenzo/code/dynus_lite/dynus_lite_ws/install/decomp_ros_msgs/share/decomp_ros_msgs/cmake/ament_cmake_export_include_directories-extras.cmake\n'}
[14.409395] (decomp_ros_msgs) StdoutLine: {'line': b'-- Installing: /home/lorenzo/code/dynus_lite/dynus_lite_ws/install/decomp_ros_msgs/share/decomp_ros_msgs/cmake/ament_cmake_export_libraries-extras.cmake\n'}
[14.409561] (decomp_ros_msgs) StdoutLine: {'line': b'-- Installing: /home/lorenzo/code/dynus_lite/dynus_lite_ws/install/decomp_ros_msgs/share/decomp_ros_msgs/cmake/ament_cmake_export_targets-extras.cmake\n'}
[14.409732] (decomp_ros_msgs) StdoutLine: {'line': b'-- Installing: /home/lorenzo/code/dynus_lite/dynus_lite_ws/install/decomp_ros_msgs/share/decomp_ros_msgs/cmake/rosidl_cmake_export_typesupport_targets-extras.cmake\n'}
[14.409910] (decomp_ros_msgs) StdoutLine: {'line': b'-- Installing: /home/lorenzo/code/dynus_lite/dynus_lite_ws/install/decomp_ros_msgs/share/decomp_ros_msgs/cmake/rosidl_cmake_export_typesupport_libraries-extras.cmake\n'}
[14.410089] (decomp_ros_msgs) StdoutLine: {'line': b'-- Installing: /home/lorenzo/code/dynus_lite/dynus_lite_ws/install/decomp_ros_msgs/share/decomp_ros_msgs/cmake/decomp_ros_msgsConfig.cmake\n'}
[14.410228] (decomp_ros_msgs) StdoutLine: {'line': b'-- Installing: /home/lorenzo/code/dynus_lite/dynus_lite_ws/install/decomp_ros_msgs/share/decomp_ros_msgs/cmake/decomp_ros_msgsConfig-version.cmake\n'}
[14.410404] (decomp_ros_msgs) StdoutLine: {'line': b'-- Installing: /home/lorenzo/code/dynus_lite/dynus_lite_ws/install/decomp_ros_msgs/share/decomp_ros_msgs/package.xml\n'}
[14.413083] (decomp_ros_msgs) CommandEnded: {'returncode': 0}
[14.428617] (-) TimerEvent: {}
[14.432709] (decomp_ros_msgs) JobEnded: {'identifier': 'decomp_ros_msgs', 'rc': 0}
[14.528753] (-) TimerEvent: {}
[14.629050] (-) TimerEvent: {}
[14.729309] (-) TimerEvent: {}
[14.797034] (snapstack_msgs2) StdoutLine: {'line': b'[ 22%] \x1b[32mBuilding CXX object CMakeFiles/snapstack_msgs2__rosidl_typesupport_fastrtps_cpp.dir/rosidl_typesupport_fastrtps_cpp/snapstack_msgs2/msg/detail/dds_fastrtps/attitude_command__type_support.cpp.o\x1b[0m\n'}
[14.829440] (-) TimerEvent: {}
[14.929723] (-) TimerEvent: {}
[15.030004] (-) TimerEvent: {}
[15.130291] (-) TimerEvent: {}
[15.185020] (snapstack_msgs2) StdoutLine: {'line': b'[ 23%] \x1b[32m\x1b[1mLinking CXX shared library libsnapstack_msgs2__rosidl_typesupport_fastrtps_cpp.so\x1b[0m\n'}
[15.230402] (-) TimerEvent: {}
[15.249195] (snapstack_msgs2) StdoutLine: {'line': b'[ 23%] Built target snapstack_msgs2__rosidl_typesupport_fastrtps_cpp\n'}
[15.257492] (snapstack_msgs2) StdoutLine: {'line': b'[ 24%] \x1b[34m\x1b[1mGenerating C++ type support dispatch for ROS interfaces\x1b[0m\n'}
[15.330498] (-) TimerEvent: {}
[15.430769] (-) TimerEvent: {}
[15.531059] (-) TimerEvent: {}
[15.631368] (-) TimerEvent: {}
[15.731657] (-) TimerEvent: {}
[15.831963] (-) TimerEvent: {}
[15.908677] (decomp_util) StdoutLine: {'line': b'[ 25%] \x1b[32m\x1b[1mLinking CXX executable test_seed_decomp\x1b[0m\n'}
[15.932092] (-) TimerEvent: {}
[16.032344] (-) TimerEvent: {}
[16.113752] (decomp_util) StdoutLine: {'line': b'[ 25%] Built target test_seed_decomp\n'}
[16.127429] (decomp_util) StdoutLine: {'line': b'[ 37%] \x1b[32mBuilding CXX object CMakeFiles/test_iterative_decomp.dir/test/test_iterative_decomp.cpp.o\x1b[0m\n'}
[16.132467] (-) TimerEvent: {}
[16.183102] (snapstack_msgs2) StdoutLine: {'line': b'[ 25%] \x1b[32mBuilding CXX object CMakeFiles/snapstack_msgs2__rosidl_typesupport_cpp.dir/rosidl_typesupport_cpp/snapstack_msgs2/msg/control_log__type_support.cpp.o\x1b[0m\n'}
[16.232598] (-) TimerEvent: {}
[16.257825] (decomp_util) StderrLine: {'line': b'In file included from \x1b[01m\x1b[K/home/lorenzo/code/dynus_lite/dynus_lite_ws/src/DecompROS2/DecompUtil/include/decomp_util/iterative_decomp.h:8\x1b[m\x1b[K,\n'}
[16.257974] (decomp_util) StderrLine: {'line': b'                 from \x1b[01m\x1b[K/home/lorenzo/code/dynus_lite/dynus_lite_ws/src/DecompROS2/DecompUtil/test/test_iterative_decomp.cpp:2\x1b[m\x1b[K:\n'}
[16.258034] (decomp_util) StderrLine: {'line': b'\x1b[01m\x1b[K/home/lorenzo/code/dynus_lite/dynus_lite_ws/src/DecompROS2/DecompUtil/include/decomp_util/ellipsoid_decomp.h:153:\x1b[m\x1b[K \x1b[01;35m\x1b[Kwarning: \x1b[m\x1b[Kignoring \xe2\x80\x98\x1b[01m\x1b[K#pragma omp parallel\x1b[m\x1b[K\xe2\x80\x99 [\x1b[01;35m\x1b[K\x1b]8;;https://gcc.gnu.org/onlinedocs/gcc/Warning-Options.html#index-Wunknown-pragmas\x07-Wunknown-pragmas\x1b]8;;\x07\x1b[m\x1b[K]\n'}
[16.258102] (decomp_util) StderrLine: {'line': b'  153 |     #pragma omp parallel for\n'}
[16.258156] (decomp_util) StderrLine: {'line': b'      | \n'}
[16.332718] (-) TimerEvent: {}
[16.433003] (-) TimerEvent: {}
[16.466879] (snapstack_msgs2) StdoutLine: {'line': b'[ 26%] \x1b[32mBuilding CXX object CMakeFiles/snapstack_msgs2__rosidl_typesupport_cpp.dir/rosidl_typesupport_cpp/snapstack_msgs2/msg/imu__type_support.cpp.o\x1b[0m\n'}
[16.533124] (-) TimerEvent: {}
[16.633452] (-) TimerEvent: {}
[16.733772] (-) TimerEvent: {}
[16.750800] (snapstack_msgs2) StdoutLine: {'line': b'[ 26%] \x1b[32mBuilding CXX object CMakeFiles/snapstack_msgs2__rosidl_typesupport_cpp.dir/rosidl_typesupport_cpp/snapstack_msgs2/msg/smc_data__type_support.cpp.o\x1b[0m\n'}
[16.833896] (-) TimerEvent: {}
[16.934158] (-) TimerEvent: {}
[17.033462] (snapstack_msgs2) StdoutLine: {'line': b'[ 27%] \x1b[32mBuilding CXX object CMakeFiles/snapstack_msgs2__rosidl_typesupport_cpp.dir/rosidl_typesupport_cpp/snapstack_msgs2/msg/motors__type_support.cpp.o\x1b[0m\n'}
[17.034224] (-) TimerEvent: {}
[17.134489] (-) TimerEvent: {}
[17.234770] (-) TimerEvent: {}
[17.296475] (snapstack_msgs2) StdoutLine: {'line': b'[ 28%] \x1b[32mBuilding CXX object CMakeFiles/snapstack_msgs2__rosidl_typesupport_cpp.dir/rosidl_typesupport_cpp/snapstack_msgs2/msg/vio_filter_state__type_support.cpp.o\x1b[0m\n'}
[17.334901] (-) TimerEvent: {}
[17.435151] (-) TimerEvent: {}
[17.535427] (-) TimerEvent: {}
[17.559522] (snapstack_msgs2) StdoutLine: {'line': b'[ 29%] \x1b[32mBuilding CXX object CMakeFiles/snapstack_msgs2__rosidl_typesupport_cpp.dir/rosidl_typesupport_cpp/snapstack_msgs2/msg/time_filter__type_support.cpp.o\x1b[0m\n'}
[17.635560] (-) TimerEvent: {}
[17.735851] (-) TimerEvent: {}
[17.825054] (snapstack_msgs2) StdoutLine: {'line': b'[ 30%] \x1b[32mBuilding CXX object CMakeFiles/snapstack_msgs2__rosidl_typesupport_cpp.dir/rosidl_typesupport_cpp/snapstack_msgs2/msg/comm_age__type_support.cpp.o\x1b[0m\n'}
[17.835983] (-) TimerEvent: {}
[17.936234] (-) TimerEvent: {}
[18.036509] (-) TimerEvent: {}
[18.091609] (snapstack_msgs2) StdoutLine: {'line': b'[ 31%] \x1b[32mBuilding CXX object CMakeFiles/snapstack_msgs2__rosidl_typesupport_cpp.dir/rosidl_typesupport_cpp/snapstack_msgs2/msg/state__type_support.cpp.o\x1b[0m\n'}
[18.136639] (-) TimerEvent: {}
[18.236914] (-) TimerEvent: {}
[18.337192] (-) TimerEvent: {}
[18.359056] (snapstack_msgs2) StdoutLine: {'line': b'[ 32%] \x1b[32mBuilding CXX object CMakeFiles/snapstack_msgs2__rosidl_typesupport_cpp.dir/rosidl_typesupport_cpp/snapstack_msgs2/msg/quad_flight_mode__type_support.cpp.o\x1b[0m\n'}
[18.437319] (-) TimerEvent: {}
[18.537565] (-) TimerEvent: {}
[18.622840] (snapstack_msgs2) StdoutLine: {'line': b'[ 33%] \x1b[32mBuilding CXX object CMakeFiles/snapstack_msgs2__rosidl_typesupport_cpp.dir/rosidl_typesupport_cpp/snapstack_msgs2/msg/goal__type_support.cpp.o\x1b[0m\n'}
[18.637682] (-) TimerEvent: {}
[18.737948] (-) TimerEvent: {}
[18.838197] (-) TimerEvent: {}
[18.889448] (snapstack_msgs2) StdoutLine: {'line': b'[ 34%] \x1b[32mBuilding CXX object CMakeFiles/snapstack_msgs2__rosidl_typesupport_cpp.dir/rosidl_typesupport_cpp/snapstack_msgs2/msg/attitude_command__type_support.cpp.o\x1b[0m\n'}
[18.938288] (-) TimerEvent: {}
[19.038560] (-) TimerEvent: {}
[19.138832] (-) TimerEvent: {}
[19.153838] (snapstack_msgs2) StdoutLine: {'line': b'[ 35%] \x1b[32m\x1b[1mLinking CXX shared library libsnapstack_msgs2__rosidl_typesupport_cpp.so\x1b[0m\n'}
[19.187706] (snapstack_msgs2) StdoutLine: {'line': b'[ 35%] Built target snapstack_msgs2__rosidl_typesupport_cpp\n'}
[19.195982] (snapstack_msgs2) StdoutLine: {'line': b'[ 36%] \x1b[34m\x1b[1mGenerating C code for ROS interfaces\x1b[0m\n'}
[19.238939] (-) TimerEvent: {}
[19.295917] (decomp_util) StderrLine: {'line': b'In file included from \x1b[01m\x1b[K/usr/include/boost/math/tools/cxx03_warn.hpp:9\x1b[m\x1b[K,\n'}
[19.296123] (decomp_util) StderrLine: {'line': b'                 from \x1b[01m\x1b[K/usr/include/boost/math/constants/constants.hpp:11\x1b[m\x1b[K,\n'}
[19.296221] (decomp_util) StderrLine: {'line': b'                 from \x1b[01m\x1b[K/usr/include/boost/geometry/util/math.hpp:29\x1b[m\x1b[K,\n'}
[19.296301] (decomp_util) StderrLine: {'line': b'                 from \x1b[01m\x1b[K/usr/include/boost/geometry/core/radian_access.hpp:33\x1b[m\x1b[K,\n'}
[19.296379] (decomp_util) StderrLine: {'line': b'                 from \x1b[01m\x1b[K/usr/include/boost/geometry/geometry.hpp:51\x1b[m\x1b[K,\n'}
[19.296459] (decomp_util) StderrLine: {'line': b'                 from \x1b[01m\x1b[K/usr/include/boost/geometry.hpp:17\x1b[m\x1b[K,\n'}
[19.296536] (decomp_util) StderrLine: {'line': b'                 from \x1b[01m\x1b[K/home/lorenzo/code/dynus_lite/dynus_lite_ws/src/DecompROS2/DecompUtil/test/test_iterative_decomp.cpp:6\x1b[m\x1b[K:\n'}
[19.296615] (decomp_util) StderrLine: {'line': b'\x1b[01m\x1b[K/usr/include/boost/detail/no_exceptions_support.hpp:17:1:\x1b[m\x1b[K \x1b[01;36m\x1b[Knote: \x1b[m\x1b[K\xe2\x80\x98\x1b[01m\x1b[K#pragma message: This header is deprecated. Use <boost/core/no_exceptions_support.hpp> instead.\x1b[m\x1b[K\xe2\x80\x99\n'}
[19.296694] (decomp_util) StderrLine: {'line': b'   17 | \x1b[01;36m\x1b[KBOOST_HEADER_DEPRECATED\x1b[m\x1b[K("<boost/core/no_exceptions_support.hpp>")\n'}
[19.296771] (decomp_util) StderrLine: {'line': b'      | \x1b[01;36m\x1b[K^~~~~~~~~~~~~~~~~~~~~~~\x1b[m\x1b[K\n'}
[19.339038] (-) TimerEvent: {}
[19.439323] (-) TimerEvent: {}
[19.539626] (-) TimerEvent: {}
[19.639893] (-) TimerEvent: {}
[19.740178] (-) TimerEvent: {}
[19.840457] (-) TimerEvent: {}
[19.940721] (-) TimerEvent: {}
[20.040982] (-) TimerEvent: {}
[20.141249] (-) TimerEvent: {}
[20.241528] (-) TimerEvent: {}
[20.341858] (-) TimerEvent: {}
[20.442137] (-) TimerEvent: {}
[20.542428] (-) TimerEvent: {}
[20.599950] (snapstack_msgs2) StdoutLine: {'line': b'[ 37%] \x1b[32mBuilding C object CMakeFiles/snapstack_msgs2__rosidl_generator_c.dir/rosidl_generator_c/snapstack_msgs2/msg/detail/control_log__functions.c.o\x1b[0m\n'}
[20.642554] (-) TimerEvent: {}
[20.652824] (snapstack_msgs2) StdoutLine: {'line': b'[ 37%] \x1b[32mBuilding C object CMakeFiles/snapstack_msgs2__rosidl_generator_c.dir/rosidl_generator_c/snapstack_msgs2/msg/detail/smc_data__functions.c.o\x1b[0m\n'}
[20.694901] (snapstack_msgs2) StdoutLine: {'line': b'[ 38%] \x1b[32mBuilding C object CMakeFiles/snapstack_msgs2__rosidl_generator_c.dir/rosidl_generator_c/snapstack_msgs2/msg/detail/motors__functions.c.o\x1b[0m\n'}
[20.733744] (snapstack_msgs2) StdoutLine: {'line': b'[ 39%] \x1b[32mBuilding C object CMakeFiles/snapstack_msgs2__rosidl_generator_c.dir/rosidl_generator_c/snapstack_msgs2/msg/detail/vio_filter_state__functions.c.o\x1b[0m\n'}
[20.742681] (-) TimerEvent: {}
[20.777399] (snapstack_msgs2) StdoutLine: {'line': b'[ 40%] \x1b[32mBuilding C object CMakeFiles/snapstack_msgs2__rosidl_generator_c.dir/rosidl_generator_c/snapstack_msgs2/msg/detail/time_filter__functions.c.o\x1b[0m\n'}
[20.818408] (snapstack_msgs2) StdoutLine: {'line': b'[ 41%] \x1b[32mBuilding C object CMakeFiles/snapstack_msgs2__rosidl_generator_c.dir/rosidl_generator_c/snapstack_msgs2/msg/detail/imu__functions.c.o\x1b[0m\n'}
[20.842816] (-) TimerEvent: {}
[20.858452] (snapstack_msgs2) StdoutLine: {'line': b'[ 42%] \x1b[32mBuilding C object CMakeFiles/snapstack_msgs2__rosidl_generator_c.dir/rosidl_generator_c/snapstack_msgs2/msg/detail/comm_age__functions.c.o\x1b[0m\n'}
[20.896765] (snapstack_msgs2) StdoutLine: {'line': b'[ 43%] \x1b[32mBuilding C object CMakeFiles/snapstack_msgs2__rosidl_generator_c.dir/rosidl_generator_c/snapstack_msgs2/msg/detail/state__functions.c.o\x1b[0m\n'}
[20.937980] (snapstack_msgs2) StdoutLine: {'line': b'[ 44%] \x1b[32mBuilding C object CMakeFiles/snapstack_msgs2__rosidl_generator_c.dir/rosidl_generator_c/snapstack_msgs2/msg/detail/quad_flight_mode__functions.c.o\x1b[0m\n'}
[20.942932] (-) TimerEvent: {}
[20.976056] (snapstack_msgs2) StdoutLine: {'line': b'[ 45%] \x1b[32mBuilding C object CMakeFiles/snapstack_msgs2__rosidl_generator_c.dir/rosidl_generator_c/snapstack_msgs2/msg/detail/goal__functions.c.o\x1b[0m\n'}
[21.016865] (snapstack_msgs2) StdoutLine: {'line': b'[ 46%] \x1b[32mBuilding C object CMakeFiles/snapstack_msgs2__rosidl_generator_c.dir/rosidl_generator_c/snapstack_msgs2/msg/detail/attitude_command__functions.c.o\x1b[0m\n'}
[21.043057] (-) TimerEvent: {}
[21.057011] (snapstack_msgs2) StdoutLine: {'line': b'[ 47%] \x1b[32m\x1b[1mLinking C shared library libsnapstack_msgs2__rosidl_generator_c.so\x1b[0m\n'}
[21.088568] (snapstack_msgs2) StdoutLine: {'line': b'[ 47%] Built target snapstack_msgs2__rosidl_generator_c\n'}
[21.096923] (snapstack_msgs2) StdoutLine: {'line': b'[ 48%] \x1b[34m\x1b[1mGenerating C type support for eProsima Fast-RTPS\x1b[0m\n'}
[21.143142] (-) TimerEvent: {}
[21.243362] (-) TimerEvent: {}
[21.343619] (-) TimerEvent: {}
[21.443883] (-) TimerEvent: {}
[21.544142] (-) TimerEvent: {}
[21.644396] (-) TimerEvent: {}
[21.744644] (-) TimerEvent: {}
[21.844895] (-) TimerEvent: {}
[21.945160] (-) TimerEvent: {}
[22.045418] (-) TimerEvent: {}
[22.145721] (-) TimerEvent: {}
[22.182633] (snapstack_msgs2) StdoutLine: {'line': b'[ 49%] \x1b[32mBuilding CXX object CMakeFiles/snapstack_msgs2__rosidl_typesupport_fastrtps_c.dir/rosidl_typesupport_fastrtps_c/snapstack_msgs2/msg/detail/control_log__type_support_c.cpp.o\x1b[0m\n'}
[22.245851] (-) TimerEvent: {}
[22.346152] (-) TimerEvent: {}
[22.446420] (-) TimerEvent: {}
[22.523411] (snapstack_msgs2) StdoutLine: {'line': b'[ 50%] \x1b[32mBuilding CXX object CMakeFiles/snapstack_msgs2__rosidl_typesupport_fastrtps_c.dir/rosidl_typesupport_fastrtps_c/snapstack_msgs2/msg/detail/comm_age__type_support_c.cpp.o\x1b[0m\n'}
[22.546511] (-) TimerEvent: {}
[22.646786] (-) TimerEvent: {}
[22.747070] (-) TimerEvent: {}
[22.847317] (-) TimerEvent: {}
[22.848450] (snapstack_msgs2) StdoutLine: {'line': b'[ 51%] \x1b[32mBuilding CXX object CMakeFiles/snapstack_msgs2__rosidl_typesupport_fastrtps_c.dir/rosidl_typesupport_fastrtps_c/snapstack_msgs2/msg/detail/imu__type_support_c.cpp.o\x1b[0m\n'}
[22.947431] (-) TimerEvent: {}
[23.047711] (-) TimerEvent: {}
[23.147985] (-) TimerEvent: {}
[23.175400] (snapstack_msgs2) StdoutLine: {'line': b'[ 52%] \x1b[32mBuilding CXX object CMakeFiles/snapstack_msgs2__rosidl_typesupport_fastrtps_c.dir/rosidl_typesupport_fastrtps_c/snapstack_msgs2/msg/detail/smc_data__type_support_c.cpp.o\x1b[0m\n'}
[23.248115] (-) TimerEvent: {}
[23.348386] (-) TimerEvent: {}
[23.448680] (-) TimerEvent: {}
[23.502034] (snapstack_msgs2) StdoutLine: {'line': b'[ 53%] \x1b[32mBuilding CXX object CMakeFiles/snapstack_msgs2__rosidl_typesupport_fastrtps_c.dir/rosidl_typesupport_fastrtps_c/snapstack_msgs2/msg/detail/motors__type_support_c.cpp.o\x1b[0m\n'}
[23.548799] (-) TimerEvent: {}
[23.649080] (-) TimerEvent: {}
[23.749355] (-) TimerEvent: {}
[23.825976] (snapstack_msgs2) StdoutLine: {'line': b'[ 54%] \x1b[32mBuilding CXX object CMakeFiles/snapstack_msgs2__rosidl_typesupport_fastrtps_c.dir/rosidl_typesupport_fastrtps_c/snapstack_msgs2/msg/detail/vio_filter_state__type_support_c.cpp.o\x1b[0m\n'}
[23.849446] (-) TimerEvent: {}
[23.949717] (-) TimerEvent: {}
[24.050014] (-) TimerEvent: {}
[24.150276] (-) TimerEvent: {}
[24.163233] (snapstack_msgs2) StdoutLine: {'line': b'[ 55%] \x1b[32mBuilding CXX object CMakeFiles/snapstack_msgs2__rosidl_typesupport_fastrtps_c.dir/rosidl_typesupport_fastrtps_c/snapstack_msgs2/msg/detail/time_filter__type_support_c.cpp.o\x1b[0m\n'}
[24.250403] (-) TimerEvent: {}
[24.350704] (-) TimerEvent: {}
[24.450991] (-) TimerEvent: {}
[24.495246] (snapstack_msgs2) StdoutLine: {'line': b'[ 55%] \x1b[32mBuilding CXX object CMakeFiles/snapstack_msgs2__rosidl_typesupport_fastrtps_c.dir/rosidl_typesupport_fastrtps_c/snapstack_msgs2/msg/detail/state__type_support_c.cpp.o\x1b[0m\n'}
[24.551123] (-) TimerEvent: {}
[24.651421] (-) TimerEvent: {}
[24.751703] (-) TimerEvent: {}
[24.830970] (snapstack_msgs2) StdoutLine: {'line': b'[ 56%] \x1b[32mBuilding CXX object CMakeFiles/snapstack_msgs2__rosidl_typesupport_fastrtps_c.dir/rosidl_typesupport_fastrtps_c/snapstack_msgs2/msg/detail/quad_flight_mode__type_support_c.cpp.o\x1b[0m\n'}
[24.851830] (-) TimerEvent: {}
[24.952145] (-) TimerEvent: {}
[25.052409] (-) TimerEvent: {}
[25.152686] (-) TimerEvent: {}
[25.161437] (snapstack_msgs2) StdoutLine: {'line': b'[ 57%] \x1b[32mBuilding CXX object CMakeFiles/snapstack_msgs2__rosidl_typesupport_fastrtps_c.dir/rosidl_typesupport_fastrtps_c/snapstack_msgs2/msg/detail/goal__type_support_c.cpp.o\x1b[0m\n'}
[25.252812] (-) TimerEvent: {}
[25.353095] (-) TimerEvent: {}
[25.453379] (-) TimerEvent: {}
[25.498060] (snapstack_msgs2) StdoutLine: {'line': b'[ 58%] \x1b[32mBuilding CXX object CMakeFiles/snapstack_msgs2__rosidl_typesupport_fastrtps_c.dir/rosidl_typesupport_fastrtps_c/snapstack_msgs2/msg/detail/attitude_command__type_support_c.cpp.o\x1b[0m\n'}
[25.553497] (-) TimerEvent: {}
[25.653782] (-) TimerEvent: {}
[25.754063] (-) TimerEvent: {}
[25.833611] (snapstack_msgs2) StdoutLine: {'line': b'[ 59%] \x1b[32m\x1b[1mLinking CXX shared library libsnapstack_msgs2__rosidl_typesupport_fastrtps_c.so\x1b[0m\n'}
[25.854165] (-) TimerEvent: {}
[25.904988] (snapstack_msgs2) StdoutLine: {'line': b'[ 59%] Built target snapstack_msgs2__rosidl_typesupport_fastrtps_c\n'}
[25.912723] (snapstack_msgs2) StdoutLine: {'line': b'[ 60%] \x1b[34m\x1b[1mGenerating C type support dispatch for ROS interfaces\x1b[0m\n'}
[25.954260] (-) TimerEvent: {}
[26.054535] (-) TimerEvent: {}
[26.154840] (-) TimerEvent: {}
[26.255112] (-) TimerEvent: {}
[26.355359] (-) TimerEvent: {}
[26.455653] (-) TimerEvent: {}
[26.555942] (-) TimerEvent: {}
[26.656218] (-) TimerEvent: {}
[26.756482] (-) TimerEvent: {}
[26.762411] (snapstack_msgs2) StdoutLine: {'line': b'[ 61%] \x1b[32mBuilding CXX object CMakeFiles/snapstack_msgs2__rosidl_typesupport_c.dir/rosidl_typesupport_c/snapstack_msgs2/msg/control_log__type_support.cpp.o\x1b[0m\n'}
[26.791668] (snapstack_msgs2) StdoutLine: {'line': b'[ 62%] \x1b[32mBuilding CXX object CMakeFiles/snapstack_msgs2__rosidl_typesupport_c.dir/rosidl_typesupport_c/snapstack_msgs2/msg/imu__type_support.cpp.o\x1b[0m\n'}
[26.818847] (snapstack_msgs2) StdoutLine: {'line': b'[ 63%] \x1b[32mBuilding CXX object CMakeFiles/snapstack_msgs2__rosidl_typesupport_c.dir/rosidl_typesupport_c/snapstack_msgs2/msg/smc_data__type_support.cpp.o\x1b[0m\n'}
[26.845897] (snapstack_msgs2) StdoutLine: {'line': b'[ 64%] \x1b[32mBuilding CXX object CMakeFiles/snapstack_msgs2__rosidl_typesupport_c.dir/rosidl_typesupport_c/snapstack_msgs2/msg/motors__type_support.cpp.o\x1b[0m\n'}
[26.856606] (-) TimerEvent: {}
[26.878589] (snapstack_msgs2) StdoutLine: {'line': b'[ 65%] \x1b[32mBuilding CXX object CMakeFiles/snapstack_msgs2__rosidl_typesupport_c.dir/rosidl_typesupport_c/snapstack_msgs2/msg/vio_filter_state__type_support.cpp.o\x1b[0m\n'}
[26.906391] (snapstack_msgs2) StdoutLine: {'line': b'[ 66%] \x1b[32mBuilding CXX object CMakeFiles/snapstack_msgs2__rosidl_typesupport_c.dir/rosidl_typesupport_c/snapstack_msgs2/msg/time_filter__type_support.cpp.o\x1b[0m\n'}
[26.933030] (snapstack_msgs2) StdoutLine: {'line': b'[ 67%] \x1b[32mBuilding CXX object CMakeFiles/snapstack_msgs2__rosidl_typesupport_c.dir/rosidl_typesupport_c/snapstack_msgs2/msg/comm_age__type_support.cpp.o\x1b[0m\n'}
[26.956737] (-) TimerEvent: {}
[26.959753] (snapstack_msgs2) StdoutLine: {'line': b'[ 68%] \x1b[32mBuilding CXX object CMakeFiles/snapstack_msgs2__rosidl_typesupport_c.dir/rosidl_typesupport_c/snapstack_msgs2/msg/state__type_support.cpp.o\x1b[0m\n'}
[26.987707] (snapstack_msgs2) StdoutLine: {'line': b'[ 69%] \x1b[32mBuilding CXX object CMakeFiles/snapstack_msgs2__rosidl_typesupport_c.dir/rosidl_typesupport_c/snapstack_msgs2/msg/quad_flight_mode__type_support.cpp.o\x1b[0m\n'}
[27.014606] (snapstack_msgs2) StdoutLine: {'line': b'[ 69%] \x1b[32mBuilding CXX object CMakeFiles/snapstack_msgs2__rosidl_typesupport_c.dir/rosidl_typesupport_c/snapstack_msgs2/msg/goal__type_support.cpp.o\x1b[0m\n'}
[27.042211] (snapstack_msgs2) StdoutLine: {'line': b'[ 70%] \x1b[32mBuilding CXX object CMakeFiles/snapstack_msgs2__rosidl_typesupport_c.dir/rosidl_typesupport_c/snapstack_msgs2/msg/attitude_command__type_support.cpp.o\x1b[0m\n'}
[27.056842] (-) TimerEvent: {}
[27.069734] (snapstack_msgs2) StdoutLine: {'line': b'[ 71%] \x1b[32m\x1b[1mLinking CXX shared library libsnapstack_msgs2__rosidl_typesupport_c.so\x1b[0m\n'}
[27.104814] (snapstack_msgs2) StdoutLine: {'line': b'[ 71%] Built target snapstack_msgs2__rosidl_typesupport_c\n'}
[27.113145] (snapstack_msgs2) StdoutLine: {'line': b'[ 72%] \x1b[34m\x1b[1mGenerating C introspection for ROS interfaces\x1b[0m\n'}
[27.156930] (-) TimerEvent: {}
[27.257209] (-) TimerEvent: {}
[27.357534] (-) TimerEvent: {}
[27.457803] (-) TimerEvent: {}
[27.558074] (-) TimerEvent: {}
[27.658353] (-) TimerEvent: {}
[27.758612] (-) TimerEvent: {}
[27.858872] (-) TimerEvent: {}
[27.950910] (decomp_util) StderrLine: {'line': b'In file included from \x1b[01m\x1b[K/usr/include/boost/geometry/strategies/cartesian/expand_box.hpp:24\x1b[m\x1b[K,\n'}
[27.951209] (decomp_util) StderrLine: {'line': b'                 from \x1b[01m\x1b[K/usr/include/boost/geometry/strategies/cartesian/envelope_box.hpp:35\x1b[m\x1b[K,\n'}
[27.951293] (decomp_util) StderrLine: {'line': b'                 from \x1b[01m\x1b[K/usr/include/boost/geometry/strategies/cartesian/envelope.hpp:29\x1b[m\x1b[K,\n'}
[27.951495] (decomp_util) StderrLine: {'line': b'                 from \x1b[01m\x1b[K/usr/include/boost/geometry/strategies/cartesian/intersection.hpp:40\x1b[m\x1b[K,\n'}
[27.951566] (decomp_util) StderrLine: {'line': b'                 from \x1b[01m\x1b[K/usr/include/boost/geometry/strategies/intersection_strategies.hpp:28\x1b[m\x1b[K,\n'}
[27.951697] (decomp_util) StderrLine: {'line': b'                 from \x1b[01m\x1b[K/usr/include/boost/geometry/strategies/strategies.hpp:39\x1b[m\x1b[K,\n'}
[27.951766] (decomp_util) StderrLine: {'line': b'                 from \x1b[01m\x1b[K/usr/include/boost/geometry/geometry.hpp:58\x1b[m\x1b[K:\n'}
[27.951832] (decomp_util) StderrLine: {'line': b'In static member function \xe2\x80\x98\x1b[01m\x1b[Kstatic void boost::geometry::detail::expand::indexed_loop<Index, Dimension, DimensionCount>::apply(Box&, const Geometry&) [with Box = boost::geometry::model::box<boost::geometry::model::d2::point_xy<double> >; Geometry = boost::geometry::model::box<boost::geometry::model::d2::point_xy<double> >; long unsigned int Index = 0; long unsigned int Dimension = 1; long unsigned int DimensionCount = 2]\x1b[m\x1b[K\xe2\x80\x99,\n'}
[27.951903] (decomp_util) StderrLine: {'line': b'    inlined from \xe2\x80\x98\x1b[01m\x1b[Kstatic void boost::geometry::detail::expand::indexed_loop<Index, Dimension, DimensionCount>::apply(Box&, const Geometry&) [with Box = boost::geometry::model::box<boost::geometry::model::d2::point_xy<double> >; Geometry = boost::geometry::model::box<boost::geometry::model::d2::point_xy<double> >; long unsigned int Index = 0; long unsigned int Dimension = 0; long unsigned int DimensionCount = 2]\x1b[m\x1b[K\xe2\x80\x99 at \x1b[01m\x1b[K/usr/include/boost/geometry/algorithms/detail/expand/indexed.hpp:78:21\x1b[m\x1b[K,\n'}
[27.951972] (decomp_util) StderrLine: {'line': b'    inlined from \xe2\x80\x98\x1b[01m\x1b[Kstatic void boost::geometry::detail::expand::expand_indexed<Dimension, DimensionCount>::apply(Box&, const Geometry&) [with Box = boost::geometry::model::box<boost::geometry::model::d2::point_xy<double> >; Geometry = boost::geometry::model::box<boost::geometry::model::d2::point_xy<double> >; long unsigned int Dimension = 0; long unsigned int DimensionCount = 2]\x1b[m\x1b[K\xe2\x80\x99 at \x1b[01m\x1b[K/usr/include/boost/geometry/algorithms/detail/expand/indexed.hpp:105:21\x1b[m\x1b[K,\n'}
[27.952040] (decomp_util) StderrLine: {'line': b'    inlined from \xe2\x80\x98\x1b[01m\x1b[Kstatic void boost::geometry::strategy::expand::cartesian_box::apply(BoxOut&, const BoxIn&) [with BoxOut = boost::geometry::model::box<boost::geometry::model::d2::point_xy<double> >; BoxIn = boost::geometry::model::box<boost::geometry::model::d2::point_xy<double> >]\x1b[m\x1b[K\xe2\x80\x99 at \x1b[01m\x1b[K/usr/include/boost/geometry/strategies/cartesian/expand_box.hpp:43:21\x1b[m\x1b[K,\n'}
[27.952240] (decomp_util) StderrLine: {'line': b'    inlined from \xe2\x80\x98\x1b[01m\x1b[Kvoid boost::geometry::strategy::envelope::cartesian<CalculationType>::multi_state<Box>::apply(const Box&) [with Box = boost::geometry::model::box<boost::geometry::model::d2::point_xy<double> >; CalculationType = double]\x1b[m\x1b[K\xe2\x80\x99 at \x1b[01m\x1b[K/usr/include/boost/geometry/strategies/cartesian/envelope.hpp:96:48\x1b[m\x1b[K,\n'}
[27.952316] (decomp_util) StderrLine: {'line': b'    inlined from \xe2\x80\x98\x1b[01m\x1b[Kstatic void boost::geometry::detail::envelope::envelope_multi_range<EnvelopePolicy>::apply(Iter, Iter, Box&, const Strategy&) [with Iter = __gnu_cxx::__normal_iterator<const boost::geometry::model::ring<boost::geometry::model::d2::point_xy<double>, true, true, std::vector, std::allocator>*, std::vector<boost::geometry::model::ring<boost::geometry::model::d2::point_xy<double>, true, true, std::vector, std::allocator>, std::allocator<boost::geometry::model::ring<boost::geometry::model::d2::point_xy<double>, true, true, std::vector, std::allocator> > > >; Box = boost::geometry::model::box<boost::geometry::model::d2::point_xy<double> >; Strategy = boost::geometry::strategy::envelope::cartesian<double>; EnvelopePolicy = boost::geometry::detail::envelope::envelope_range]\x1b[m\x1b[K\xe2\x80\x99 at \x1b[01m\x1b[K/usr/include/boost/geometry/algorithms/detail/envelope/range.hpp:113:28\x1b[m\x1b[K,\n'}
[27.952428] (decomp_util) StderrLine: {'line': b'    inlined from \xe2\x80\x98\x1b[01m\x1b[Kstatic void boost::geometry::detail::envelope::envelope_multi_range<EnvelopePolicy>::apply(const MultiRange&, Box&, const Strategy&) [with MultiRange = std::vector<boost::geometry::model::ring<boost::geometry::model::d2::point_xy<double>, true, true, std::vector, std::allocator>, std::allocator<boost::geometry::model::ring<boost::geometry::model::d2::point_xy<double>, true, true, std::vector, std::allocator> > >; Box = boost::geometry::model::box<boost::geometry::model::d2::point_xy<double> >; Strategy = boost::geometry::strategy::envelope::cartesian<double>; EnvelopePolicy = boost::geometry::detail::envelope::envelope_range]\x1b[m\x1b[K\xe2\x80\x99 at \x1b[01m\x1b[K/usr/include/boost/geometry/algorithms/detail/envelope/range.hpp:97:14\x1b[m\x1b[K,\n'}
[27.952492] (decomp_util) StderrLine: {'line': b'    inlined from \xe2\x80\x98\x1b[01m\x1b[Kstatic void boost::geometry::detail::envelope::envelope_polygon::apply(const Polygon&, Box&, const Strategy&) [with Polygon = boost::geometry::model::polygon<boost::geometry::model::d2::point_xy<double> >; Box = boost::geometry::model::box<boost::geometry::model::d2::point_xy<double> >; Strategy = boost::geometry::strategy::envelope::cartesian<double>]\x1b[m\x1b[K\xe2\x80\x99 at \x1b[01m\x1b[K/usr/include/boost/geometry/algorithms/detail/envelope/areal.hpp:46:25\x1b[m\x1b[K,\n'}
[27.952545] (decomp_util) StderrLine: {'line': b'    inlined from \xe2\x80\x98\x1b[01m\x1b[Kstatic void boost::geometry::resolve_strategy::envelope<Geometry>::apply(const Geometry&, Box&, boost::geometry::default_strategy) [with Box = boost::geometry::model::box<boost::geometry::model::d2::point_xy<double> >; Geometry = boost::geometry::model::polygon<boost::geometry::model::d2::point_xy<double> >]\x1b[m\x1b[K\xe2\x80\x99 at \x1b[01m\x1b[K/usr/include/boost/geometry/algorithms/detail/envelope/interface.hpp:76:44\x1b[m\x1b[K,\n'}
[27.952596] (decomp_util) StderrLine: {'line': b'    inlined from \xe2\x80\x98\x1b[01m\x1b[Kstatic void boost::geometry::resolve_variant::envelope<Geometry>::apply(const Geometry&, Box&, const Strategy&) [with Box = boost::geometry::model::box<boost::geometry::model::d2::point_xy<double> >; Strategy = boost::geometry::default_strategy; Geometry = boost::geometry::model::polygon<boost::geometry::model::d2::point_xy<double> >]\x1b[m\x1b[K\xe2\x80\x99 at \x1b[01m\x1b[K/usr/include/boost/geometry/algorithms/detail/envelope/interface.hpp:96:52\x1b[m\x1b[K,\n'}
[27.952646] (decomp_util) StderrLine: {'line': b'    inlined from \xe2\x80\x98\x1b[01m\x1b[KBox boost::geometry::return_envelope(const Geometry&) [with Box = model::box<model::d2::point_xy<double> >; Geometry = model::polygon<model::d2::point_xy<double> >]\x1b[m\x1b[K\xe2\x80\x99 at \x1b[01m\x1b[K/usr/include/boost/geometry/algorithms/detail/envelope/interface.hpp:225:47\x1b[m\x1b[K,\n'}
[27.952695] (decomp_util) StderrLine: {'line': b'    inlined from \xe2\x80\x98\x1b[01m\x1b[Kvoid boost::geometry::svg_mapper<Point, SameScale, SvgCoordinateType>::add(const Geometry&) [with Geometry = boost::geometry::model::polygon<boost::geometry::model::d2::point_xy<double> >; Point = boost::geometry::model::d2::point_xy<double>; bool SameScale = true; SvgCoordinateType = double]\x1b[m\x1b[K\xe2\x80\x99 at \x1b[01m\x1b[K/usr/include/boost/geometry/io/svg/svg_mapper.hpp:375:22\x1b[m\x1b[K:\n'}
[27.952748] (decomp_util) StderrLine: {'line': b'\x1b[01m\x1b[K/usr/include/boost/geometry/algorithms/detail/expand/indexed.hpp:70:9:\x1b[m\x1b[K \x1b[01;35m\x1b[Kwarning: \x1b[m\x1b[K\xe2\x80\x98\x1b[01m\x1b[K*(boost::geometry::model::point<double, 2, boost::geometry::cs::cartesian>*)((char*)&state + offsetof(boost::geometry::strategy::envelope::cartesian<double>::multi_state<boost::geometry::model::box<boost::geometry::model::d2::point_xy<double, boost::geometry::cs::cartesian> > >,boost::geometry::strategy::envelope::cartesian<double>::multi_state<boost::geometry::model::box<boost::geometry::model::d2::point_xy<double, boost::geometry::cs::cartesian> > >::m_box.boost::geometry::model::box<boost::geometry::model::d2::point_xy<double, boost::geometry::cs::cartesian> >::m_max_corner.boost::geometry::model::d2::point_xy<double, boost::geometry::cs::cartesian>::<unnamed>)).boost::geometry::model::point<double, 2, boost::geometry::cs::cartesian>::m_values[1]\x1b[m\x1b[K\xe2\x80\x99 may be used uninitialized [\x1b[01;35m\x1b[K\x1b]8;;https://gcc.gnu.org/onlinedocs/gcc/Warning-Options.html#index-Wmaybe-uninitialized\x07-Wmaybe-uninitialized\x1b]8;;\x07\x1b[m\x1b[K]\n'}
[27.952810] (decomp_util) StderrLine: {'line': b'   70 |         \x1b[01;35m\x1b[Kif\x1b[m\x1b[K (greater(coord, get<max_corner, Dimension>(box)))\n'}
[27.952858] (decomp_util) StderrLine: {'line': b'      |         \x1b[01;35m\x1b[K^~\x1b[m\x1b[K\n'}
[27.952905] (decomp_util) StderrLine: {'line': b'In file included from \x1b[01m\x1b[K/usr/include/boost/geometry/algorithms/detail/envelope/areal.hpp:20\x1b[m\x1b[K,\n'}
[27.952951] (decomp_util) StderrLine: {'line': b'                 from \x1b[01m\x1b[K/usr/include/boost/geometry/algorithms/detail/envelope/implementation.hpp:29\x1b[m\x1b[K,\n'}
[27.953000] (decomp_util) StderrLine: {'line': b'                 from \x1b[01m\x1b[K/usr/include/boost/geometry/algorithms/envelope.hpp:23\x1b[m\x1b[K,\n'}
[27.953047] (decomp_util) StderrLine: {'line': b'                 from \x1b[01m\x1b[K/usr/include/boost/geometry/algorithms/detail/disjoint/segment_box.hpp:36\x1b[m\x1b[K,\n'}
[27.953105] (decomp_util) StderrLine: {'line': b'                 from \x1b[01m\x1b[K/usr/include/boost/geometry/strategies/spherical/disjoint_segment_box.hpp:30\x1b[m\x1b[K,\n'}
[27.953154] (decomp_util) StderrLine: {'line': b'                 from \x1b[01m\x1b[K/usr/include/boost/geometry/strategies/spherical/intersection.hpp:45\x1b[m\x1b[K,\n'}
[27.953201] (decomp_util) StderrLine: {'line': b'                 from \x1b[01m\x1b[K/usr/include/boost/geometry/strategies/intersection_strategies.hpp:30\x1b[m\x1b[K:\n'}
[27.953248] (decomp_util) StderrLine: {'line': b'\x1b[01m\x1b[K/usr/include/boost/geometry/algorithms/detail/envelope/range.hpp:\x1b[m\x1b[K In member function \xe2\x80\x98\x1b[01m\x1b[Kvoid boost::geometry::svg_mapper<Point, SameScale, SvgCoordinateType>::add(const Geometry&) [with Geometry = boost::geometry::model::polygon<boost::geometry::model::d2::point_xy<double> >; Point = boost::geometry::model::d2::point_xy<double>; bool SameScale = true; SvgCoordinateType = double]\x1b[m\x1b[K\xe2\x80\x99:\n'}
[27.953303] (decomp_util) StderrLine: {'line': b'\x1b[01m\x1b[K/usr/include/boost/geometry/algorithms/detail/envelope/range.hpp:106:54:\x1b[m\x1b[K \x1b[01;36m\x1b[Knote: \x1b[m\x1b[K\xe2\x80\x98\x1b[01m\x1b[K*(boost::geometry::model::point<double, 2, boost::geometry::cs::cartesian>*)((char*)&state + offsetof(boost::geometry::strategy::envelope::cartesian<double>::multi_state<boost::geometry::model::box<boost::geometry::model::d2::point_xy<double, boost::geometry::cs::cartesian> > >,boost::geometry::strategy::envelope::cartesian<double>::multi_state<boost::geometry::model::box<boost::geometry::model::d2::point_xy<double, boost::geometry::cs::cartesian> > >::m_box.boost::geometry::model::box<boost::geometry::model::d2::point_xy<double, boost::geometry::cs::cartesian> >::m_max_corner.boost::geometry::model::d2::point_xy<double, boost::geometry::cs::cartesian>::<unnamed>)).boost::geometry::model::point<double, 2, boost::geometry::cs::cartesian>::m_values[1]\x1b[m\x1b[K\xe2\x80\x99 was declared here\n'}
[27.953356] (decomp_util) StderrLine: {'line': b'  106 |         typename Strategy::template multi_state<Box> \x1b[01;36m\x1b[Kstate\x1b[m\x1b[K;\n'}
[27.953403] (decomp_util) StderrLine: {'line': b'      |                                                      \x1b[01;36m\x1b[K^~~~~\x1b[m\x1b[K\n'}
[27.953449] (decomp_util) StderrLine: {'line': b'In static member function \xe2\x80\x98\x1b[01m\x1b[Kstatic void boost::geometry::detail::expand::indexed_loop<Index, Dimension, DimensionCount>::apply(Box&, const Geometry&) [with Box = boost::geometry::model::box<boost::geometry::model::d2::point_xy<double> >; Geometry = boost::geometry::model::box<boost::geometry::model::d2::point_xy<double> >; long unsigned int Index = 0; long unsigned int Dimension = 0; long unsigned int DimensionCount = 2]\x1b[m\x1b[K\xe2\x80\x99,\n'}
[27.953506] (decomp_util) StderrLine: {'line': b'    inlined from \xe2\x80\x98\x1b[01m\x1b[Kstatic void boost::geometry::detail::expand::expand_indexed<Dimension, DimensionCount>::apply(Box&, const Geometry&) [with Box = boost::geometry::model::box<boost::geometry::model::d2::point_xy<double> >; Geometry = boost::geometry::model::box<boost::geometry::model::d2::point_xy<double> >; long unsigned int Dimension = 0; long unsigned int DimensionCount = 2]\x1b[m\x1b[K\xe2\x80\x99 at \x1b[01m\x1b[K/usr/include/boost/geometry/algorithms/detail/expand/indexed.hpp:105:21\x1b[m\x1b[K,\n'}
[27.953556] (decomp_util) StderrLine: {'line': b'    inlined from \xe2\x80\x98\x1b[01m\x1b[Kstatic void boost::geometry::strategy::expand::cartesian_box::apply(BoxOut&, const BoxIn&) [with BoxOut = boost::geometry::model::box<boost::geometry::model::d2::point_xy<double> >; BoxIn = boost::geometry::model::box<boost::geometry::model::d2::point_xy<double> >]\x1b[m\x1b[K\xe2\x80\x99 at \x1b[01m\x1b[K/usr/include/boost/geometry/strategies/cartesian/expand_box.hpp:43:21\x1b[m\x1b[K,\n'}
[27.953608] (decomp_util) StderrLine: {'line': b'    inlined from \xe2\x80\x98\x1b[01m\x1b[Kvoid boost::geometry::strategy::envelope::cartesian<CalculationType>::multi_state<Box>::apply(const Box&) [with Box = boost::geometry::model::box<boost::geometry::model::d2::point_xy<double> >; CalculationType = double]\x1b[m\x1b[K\xe2\x80\x99 at \x1b[01m\x1b[K/usr/include/boost/geometry/strategies/cartesian/envelope.hpp:96:48\x1b[m\x1b[K,\n'}
[27.953657] (decomp_util) StderrLine: {'line': b'    inlined from \xe2\x80\x98\x1b[01m\x1b[Kstatic void boost::geometry::detail::envelope::envelope_multi_range<EnvelopePolicy>::apply(Iter, Iter, Box&, const Strategy&) [with Iter = __gnu_cxx::__normal_iterator<const boost::geometry::model::ring<boost::geometry::model::d2::point_xy<double>, true, true, std::vector, std::allocator>*, std::vector<boost::geometry::model::ring<boost::geometry::model::d2::point_xy<double>, true, true, std::vector, std::allocator>, std::allocator<boost::geometry::model::ring<boost::geometry::model::d2::point_xy<double>, true, true, std::vector, std::allocator> > > >; Box = boost::geometry::model::box<boost::geometry::model::d2::point_xy<double> >; Strategy = boost::geometry::strategy::envelope::cartesian<double>; EnvelopePolicy = boost::geometry::detail::envelope::envelope_range]\x1b[m\x1b[K\xe2\x80\x99 at \x1b[01m\x1b[K/usr/include/boost/geometry/algorithms/detail/envelope/range.hpp:113:28\x1b[m\x1b[K,\n'}
[27.953712] (decomp_util) StderrLine: {'line': b'    inlined from \xe2\x80\x98\x1b[01m\x1b[Kstatic void boost::geometry::detail::envelope::envelope_multi_range<EnvelopePolicy>::apply(const MultiRange&, Box&, const Strategy&) [with MultiRange = std::vector<boost::geometry::model::ring<boost::geometry::model::d2::point_xy<double>, true, true, std::vector, std::allocator>, std::allocator<boost::geometry::model::ring<boost::geometry::model::d2::point_xy<double>, true, true, std::vector, std::allocator> > >; Box = boost::geometry::model::box<boost::geometry::model::d2::point_xy<double> >; Strategy = boost::geometry::strategy::envelope::cartesian<double>; EnvelopePolicy = boost::geometry::detail::envelope::envelope_range]\x1b[m\x1b[K\xe2\x80\x99 at \x1b[01m\x1b[K/usr/include/boost/geometry/algorithms/detail/envelope/range.hpp:97:14\x1b[m\x1b[K,\n'}
[27.953764] (decomp_util) StderrLine: {'line': b'    inlined from \xe2\x80\x98\x1b[01m\x1b[Kstatic void boost::geometry::detail::envelope::envelope_polygon::apply(const Polygon&, Box&, const Strategy&) [with Polygon = boost::geometry::model::polygon<boost::geometry::model::d2::point_xy<double> >; Box = boost::geometry::model::box<boost::geometry::model::d2::point_xy<double> >; Strategy = boost::geometry::strategy::envelope::cartesian<double>]\x1b[m\x1b[K\xe2\x80\x99 at \x1b[01m\x1b[K/usr/include/boost/geometry/algorithms/detail/envelope/areal.hpp:46:25\x1b[m\x1b[K,\n'}
[27.953813] (decomp_util) StderrLine: {'line': b'    inlined from \xe2\x80\x98\x1b[01m\x1b[Kstatic void boost::geometry::resolve_strategy::envelope<Geometry>::apply(const Geometry&, Box&, boost::geometry::default_strategy) [with Box = boost::geometry::model::box<boost::geometry::model::d2::point_xy<double> >; Geometry = boost::geometry::model::polygon<boost::geometry::model::d2::point_xy<double> >]\x1b[m\x1b[K\xe2\x80\x99 at \x1b[01m\x1b[K/usr/include/boost/geometry/algorithms/detail/envelope/interface.hpp:76:44\x1b[m\x1b[K,\n'}
[27.953865] (decomp_util) StderrLine: {'line': b'    inlined from \xe2\x80\x98\x1b[01m\x1b[Kstatic void boost::geometry::resolve_variant::envelope<Geometry>::apply(const Geometry&, Box&, const Strategy&) [with Box = boost::geometry::model::box<boost::geometry::model::d2::point_xy<double> >; Strategy = boost::geometry::default_strategy; Geometry = boost::geometry::model::polygon<boost::geometry::model::d2::point_xy<double> >]\x1b[m\x1b[K\xe2\x80\x99 at \x1b[01m\x1b[K/usr/include/boost/geometry/algorithms/detail/envelope/interface.hpp:96:52\x1b[m\x1b[K,\n'}
[27.953918] (decomp_util) StderrLine: {'line': b'    inlined from \xe2\x80\x98\x1b[01m\x1b[KBox boost::geometry::return_envelope(const Geometry&) [with Box = model::box<model::d2::point_xy<double> >; Geometry = model::polygon<model::d2::point_xy<double> >]\x1b[m\x1b[K\xe2\x80\x99 at \x1b[01m\x1b[K/usr/include/boost/geometry/algorithms/detail/envelope/interface.hpp:225:47\x1b[m\x1b[K,\n'}
[27.953966] (decomp_util) StderrLine: {'line': b'    inlined from \xe2\x80\x98\x1b[01m\x1b[Kvoid boost::geometry::svg_mapper<Point, SameScale, SvgCoordinateType>::add(const Geometry&) [with Geometry = boost::geometry::model::polygon<boost::geometry::model::d2::point_xy<double> >; Point = boost::geometry::model::d2::point_xy<double>; bool SameScale = true; SvgCoordinateType = double]\x1b[m\x1b[K\xe2\x80\x99 at \x1b[01m\x1b[K/usr/include/boost/geometry/io/svg/svg_mapper.hpp:375:22\x1b[m\x1b[K:\n'}
[27.954019] (decomp_util) StderrLine: {'line': b'\x1b[01m\x1b[K/usr/include/boost/geometry/algorithms/detail/expand/indexed.hpp:70:9:\x1b[m\x1b[K \x1b[01;35m\x1b[Kwarning: \x1b[m\x1b[K\xe2\x80\x98\x1b[01m\x1b[K*(boost::geometry::model::point<double, 2, boost::geometry::cs::cartesian>*)((char*)&state + offsetof(boost::geometry::strategy::envelope::cartesian<double>::multi_state<boost::geometry::model::box<boost::geometry::model::d2::point_xy<double, boost::geometry::cs::cartesian> > >,boost::geometry::strategy::envelope::cartesian<double>::multi_state<boost::geometry::model::box<boost::geometry::model::d2::point_xy<double, boost::geometry::cs::cartesian> > >::m_box.boost::geometry::model::box<boost::geometry::model::d2::point_xy<double, boost::geometry::cs::cartesian> >::m_max_corner.boost::geometry::model::d2::point_xy<double, boost::geometry::cs::cartesian>::<unnamed>)).boost::geometry::model::point<double, 2, boost::geometry::cs::cartesian>::m_values[0]\x1b[m\x1b[K\xe2\x80\x99 may be used uninitialized [\x1b[01;35m\x1b[K\x1b]8;;https://gcc.gnu.org/onlinedocs/gcc/Warning-Options.html#index-Wmaybe-uninitialized\x07-Wmaybe-uninitialized\x1b]8;;\x07\x1b[m\x1b[K]\n'}
[27.954081] (decomp_util) StderrLine: {'line': b'   70 |         \x1b[01;35m\x1b[Kif\x1b[m\x1b[K (greater(coord, get<max_corner, Dimension>(box)))\n'}
[27.954135] (decomp_util) StderrLine: {'line': b'      |         \x1b[01;35m\x1b[K^~\x1b[m\x1b[K\n'}
[27.954181] (decomp_util) StderrLine: {'line': b'\x1b[01m\x1b[K/usr/include/boost/geometry/algorithms/detail/envelope/range.hpp:\x1b[m\x1b[K In member function \xe2\x80\x98\x1b[01m\x1b[Kvoid boost::geometry::svg_mapper<Point, SameScale, SvgCoordinateType>::add(const Geometry&) [with Geometry = boost::geometry::model::polygon<boost::geometry::model::d2::point_xy<double> >; Point = boost::geometry::model::d2::point_xy<double>; bool SameScale = true; SvgCoordinateType = double]\x1b[m\x1b[K\xe2\x80\x99:\n'}
[27.954230] (decomp_util) StderrLine: {'line': b'\x1b[01m\x1b[K/usr/include/boost/geometry/algorithms/detail/envelope/range.hpp:106:54:\x1b[m\x1b[K \x1b[01;36m\x1b[Knote: \x1b[m\x1b[K\xe2\x80\x98\x1b[01m\x1b[K*(boost::geometry::model::point<double, 2, boost::geometry::cs::cartesian>*)((char*)&state + offsetof(boost::geometry::strategy::envelope::cartesian<double>::multi_state<boost::geometry::model::box<boost::geometry::model::d2::point_xy<double, boost::geometry::cs::cartesian> > >,boost::geometry::strategy::envelope::cartesian<double>::multi_state<boost::geometry::model::box<boost::geometry::model::d2::point_xy<double, boost::geometry::cs::cartesian> > >::m_box.boost::geometry::model::box<boost::geometry::model::d2::point_xy<double, boost::geometry::cs::cartesian> >::m_max_corner.boost::geometry::model::d2::point_xy<double, boost::geometry::cs::cartesian>::<unnamed>)).boost::geometry::model::point<double, 2, boost::geometry::cs::cartesian>::m_values[0]\x1b[m\x1b[K\xe2\x80\x99 was declared here\n'}
[27.954286] (decomp_util) StderrLine: {'line': b'  106 |         typename Strategy::template multi_state<Box> \x1b[01;36m\x1b[Kstate\x1b[m\x1b[K;\n'}
[27.954334] (decomp_util) StderrLine: {'line': b'      |                                                      \x1b[01;36m\x1b[K^~~~~\x1b[m\x1b[K\n'}
[27.954380] (decomp_util) StderrLine: {'line': b'In static member function \xe2\x80\x98\x1b[01m\x1b[Kstatic void boost::geometry::detail::expand::indexed_loop<Index, Dimension, DimensionCount>::apply(Box&, const Geometry&) [with Box = boost::geometry::model::box<boost::geometry::model::d2::point_xy<double> >; Geometry = boost::geometry::model::box<boost::geometry::model::d2::point_xy<double> >; long unsigned int Index = 0; long unsigned int Dimension = 1; long unsigned int DimensionCount = 2]\x1b[m\x1b[K\xe2\x80\x99,\n'}
[27.954431] (decomp_util) StderrLine: {'line': b'    inlined from \xe2\x80\x98\x1b[01m\x1b[Kstatic void boost::geometry::detail::expand::indexed_loop<Index, Dimension, DimensionCount>::apply(Box&, const Geometry&) [with Box = boost::geometry::model::box<boost::geometry::model::d2::point_xy<double> >; Geometry = boost::geometry::model::box<boost::geometry::model::d2::point_xy<double> >; long unsigned int Index = 0; long unsigned int Dimension = 0; long unsigned int DimensionCount = 2]\x1b[m\x1b[K\xe2\x80\x99 at \x1b[01m\x1b[K/usr/include/boost/geometry/algorithms/detail/expand/indexed.hpp:78:21\x1b[m\x1b[K,\n'}
[27.954484] (decomp_util) StderrLine: {'line': b'    inlined from \xe2\x80\x98\x1b[01m\x1b[Kstatic void boost::geometry::detail::expand::expand_indexed<Dimension, DimensionCount>::apply(Box&, const Geometry&) [with Box = boost::geometry::model::box<boost::geometry::model::d2::point_xy<double> >; Geometry = boost::geometry::model::box<boost::geometry::model::d2::point_xy<double> >; long unsigned int Dimension = 0; long unsigned int DimensionCount = 2]\x1b[m\x1b[K\xe2\x80\x99 at \x1b[01m\x1b[K/usr/include/boost/geometry/algorithms/detail/expand/indexed.hpp:105:21\x1b[m\x1b[K,\n'}
[27.954552] (decomp_util) StderrLine: {'line': b'    inlined from \xe2\x80\x98\x1b[01m\x1b[Kstatic void boost::geometry::strategy::expand::cartesian_box::apply(BoxOut&, const BoxIn&) [with BoxOut = boost::geometry::model::box<boost::geometry::model::d2::point_xy<double> >; BoxIn = boost::geometry::model::box<boost::geometry::model::d2::point_xy<double> >]\x1b[m\x1b[K\xe2\x80\x99 at \x1b[01m\x1b[K/usr/include/boost/geometry/strategies/cartesian/expand_box.hpp:43:21\x1b[m\x1b[K,\n'}
[27.954604] (decomp_util) StderrLine: {'line': b'    inlined from \xe2\x80\x98\x1b[01m\x1b[Kvoid boost::geometry::strategy::envelope::cartesian<CalculationType>::multi_state<Box>::apply(const Box&) [with Box = boost::geometry::model::box<boost::geometry::model::d2::point_xy<double> >; CalculationType = double]\x1b[m\x1b[K\xe2\x80\x99 at \x1b[01m\x1b[K/usr/include/boost/geometry/strategies/cartesian/envelope.hpp:96:48\x1b[m\x1b[K,\n'}
[27.954654] (decomp_util) StderrLine: {'line': b'    inlined from \xe2\x80\x98\x1b[01m\x1b[Kstatic void boost::geometry::detail::envelope::envelope_multi_range<EnvelopePolicy>::apply(Iter, Iter, Box&, const Strategy&) [with Iter = __gnu_cxx::__normal_iterator<const boost::geometry::model::ring<boost::geometry::model::d2::point_xy<double>, true, true, std::vector, std::allocator>*, std::vector<boost::geometry::model::ring<boost::geometry::model::d2::point_xy<double>, true, true, std::vector, std::allocator>, std::allocator<boost::geometry::model::ring<boost::geometry::model::d2::point_xy<double>, true, true, std::vector, std::allocator> > > >; Box = boost::geometry::model::box<boost::geometry::model::d2::point_xy<double> >; Strategy = boost::geometry::strategy::envelope::cartesian<double>; EnvelopePolicy = boost::geometry::detail::envelope::envelope_range]\x1b[m\x1b[K\xe2\x80\x99 at \x1b[01m\x1b[K/usr/include/boost/geometry/algorithms/detail/envelope/range.hpp:113:28\x1b[m\x1b[K,\n'}
[27.954711] (decomp_util) StderrLine: {'line': b'    inlined from \xe2\x80\x98\x1b[01m\x1b[Kstatic void boost::geometry::detail::envelope::envelope_multi_range<EnvelopePolicy>::apply(const MultiRange&, Box&, const Strategy&) [with MultiRange = std::vector<boost::geometry::model::ring<boost::geometry::model::d2::point_xy<double>, true, true, std::vector, std::allocator>, std::allocator<boost::geometry::model::ring<boost::geometry::model::d2::point_xy<double>, true, true, std::vector, std::allocator> > >; Box = boost::geometry::model::box<boost::geometry::model::d2::point_xy<double> >; Strategy = boost::geometry::strategy::envelope::cartesian<double>; EnvelopePolicy = boost::geometry::detail::envelope::envelope_range]\x1b[m\x1b[K\xe2\x80\x99 at \x1b[01m\x1b[K/usr/include/boost/geometry/algorithms/detail/envelope/range.hpp:97:14\x1b[m\x1b[K,\n'}
[27.954763] (decomp_util) StderrLine: {'line': b'    inlined from \xe2\x80\x98\x1b[01m\x1b[Kstatic void boost::geometry::detail::envelope::envelope_polygon::apply(const Polygon&, Box&, const Strategy&) [with Polygon = boost::geometry::model::polygon<boost::geometry::model::d2::point_xy<double> >; Box = boost::geometry::model::box<boost::geometry::model::d2::point_xy<double> >; Strategy = boost::geometry::strategy::envelope::cartesian<double>]\x1b[m\x1b[K\xe2\x80\x99 at \x1b[01m\x1b[K/usr/include/boost/geometry/algorithms/detail/envelope/areal.hpp:46:25\x1b[m\x1b[K,\n'}
[27.954815] (decomp_util) StderrLine: {'line': b'    inlined from \xe2\x80\x98\x1b[01m\x1b[Kstatic void boost::geometry::resolve_strategy::envelope<Geometry>::apply(const Geometry&, Box&, boost::geometry::default_strategy) [with Box = boost::geometry::model::box<boost::geometry::model::d2::point_xy<double> >; Geometry = boost::geometry::model::polygon<boost::geometry::model::d2::point_xy<double> >]\x1b[m\x1b[K\xe2\x80\x99 at \x1b[01m\x1b[K/usr/include/boost/geometry/algorithms/detail/envelope/interface.hpp:76:44\x1b[m\x1b[K,\n'}
[27.954869] (decomp_util) StderrLine: {'line': b'    inlined from \xe2\x80\x98\x1b[01m\x1b[Kstatic void boost::geometry::resolve_variant::envelope<Geometry>::apply(const Geometry&, Box&, const Strategy&) [with Box = boost::geometry::model::box<boost::geometry::model::d2::point_xy<double> >; Strategy = boost::geometry::default_strategy; Geometry = boost::geometry::model::polygon<boost::geometry::model::d2::point_xy<double> >]\x1b[m\x1b[K\xe2\x80\x99 at \x1b[01m\x1b[K/usr/include/boost/geometry/algorithms/detail/envelope/interface.hpp:96:52\x1b[m\x1b[K,\n'}
[27.954921] (decomp_util) StderrLine: {'line': b'    inlined from \xe2\x80\x98\x1b[01m\x1b[KBox boost::geometry::return_envelope(const Geometry&) [with Box = model::box<model::d2::point_xy<double> >; Geometry = model::polygon<model::d2::point_xy<double> >]\x1b[m\x1b[K\xe2\x80\x99 at \x1b[01m\x1b[K/usr/include/boost/geometry/algorithms/detail/envelope/interface.hpp:225:47\x1b[m\x1b[K,\n'}
[27.954974] (decomp_util) StderrLine: {'line': b'    inlined from \xe2\x80\x98\x1b[01m\x1b[Kvoid boost::geometry::svg_mapper<Point, SameScale, SvgCoordinateType>::add(const Geometry&) [with Geometry = boost::geometry::model::polygon<boost::geometry::model::d2::point_xy<double> >; Point = boost::geometry::model::d2::point_xy<double>; bool SameScale = true; SvgCoordinateType = double]\x1b[m\x1b[K\xe2\x80\x99 at \x1b[01m\x1b[K/usr/include/boost/geometry/io/svg/svg_mapper.hpp:375:22\x1b[m\x1b[K:\n'}
[27.955030] (decomp_util) StderrLine: {'line': b'\x1b[01m\x1b[K/usr/include/boost/geometry/algorithms/detail/expand/indexed.hpp:65:9:\x1b[m\x1b[K \x1b[01;35m\x1b[Kwarning: \x1b[m\x1b[K\xe2\x80\x98\x1b[01m\x1b[K*(boost::geometry::model::point<double, 2, boost::geometry::cs::cartesian>*)((char*)&state + offsetof(boost::geometry::strategy::envelope::cartesian<double>::multi_state<boost::geometry::model::box<boost::geometry::model::d2::point_xy<double, boost::geometry::cs::cartesian> > >,boost::geometry::strategy::envelope::cartesian<double>::multi_state<boost::geometry::model::box<boost::geometry::model::d2::point_xy<double, boost::geometry::cs::cartesian> > >::m_box.boost::geometry::model::box<boost::geometry::model::d2::point_xy<double, boost::geometry::cs::cartesian> >::m_min_corner.boost::geometry::model::d2::point_xy<double, boost::geometry::cs::cartesian>::<unnamed>)).boost::geometry::model::point<double, 2, boost::geometry::cs::cartesian>::m_values[1]\x1b[m\x1b[K\xe2\x80\x99 may be used uninitialized [\x1b[01;35m\x1b[K\x1b]8;;https://gcc.gnu.org/onlinedocs/gcc/Warning-Options.html#index-Wmaybe-uninitialized\x07-Wmaybe-uninitialized\x1b]8;;\x07\x1b[m\x1b[K]\n'}
[27.955100] (decomp_util) StderrLine: {'line': b'   65 |         \x1b[01;35m\x1b[Kif\x1b[m\x1b[K (less(coord, get<min_corner, Dimension>(box)))\n'}
[27.955151] (decomp_util) StderrLine: {'line': b'      |         \x1b[01;35m\x1b[K^~\x1b[m\x1b[K\n'}
[27.955199] (decomp_util) StderrLine: {'line': b'\x1b[01m\x1b[K/usr/include/boost/geometry/algorithms/detail/envelope/range.hpp:\x1b[m\x1b[K In member function \xe2\x80\x98\x1b[01m\x1b[Kvoid boost::geometry::svg_mapper<Point, SameScale, SvgCoordinateType>::add(const Geometry&) [with Geometry = boost::geometry::model::polygon<boost::geometry::model::d2::point_xy<double> >; Point = boost::geometry::model::d2::point_xy<double>; bool SameScale = true; SvgCoordinateType = double]\x1b[m\x1b[K\xe2\x80\x99:\n'}
[27.955251] (decomp_util) StderrLine: {'line': b'\x1b[01m\x1b[K/usr/include/boost/geometry/algorithms/detail/envelope/range.hpp:106:54:\x1b[m\x1b[K \x1b[01;36m\x1b[Knote: \x1b[m\x1b[K\xe2\x80\x98\x1b[01m\x1b[K*(boost::geometry::model::point<double, 2, boost::geometry::cs::cartesian>*)((char*)&state + offsetof(boost::geometry::strategy::envelope::cartesian<double>::multi_state<boost::geometry::model::box<boost::geometry::model::d2::point_xy<double, boost::geometry::cs::cartesian> > >,boost::geometry::strategy::envelope::cartesian<double>::multi_state<boost::geometry::model::box<boost::geometry::model::d2::point_xy<double, boost::geometry::cs::cartesian> > >::m_box.boost::geometry::model::box<boost::geometry::model::d2::point_xy<double, boost::geometry::cs::cartesian> >::m_min_corner.boost::geometry::model::d2::point_xy<double, boost::geometry::cs::cartesian>::<unnamed>)).boost::geometry::model::point<double, 2, boost::geometry::cs::cartesian>::m_values[1]\x1b[m\x1b[K\xe2\x80\x99 was declared here\n'}
[27.955305] (decomp_util) StderrLine: {'line': b'  106 |         typename Strategy::template multi_state<Box> \x1b[01;36m\x1b[Kstate\x1b[m\x1b[K;\n'}
[27.955353] (decomp_util) StderrLine: {'line': b'      |                                                      \x1b[01;36m\x1b[K^~~~~\x1b[m\x1b[K\n'}
[27.955401] (decomp_util) StderrLine: {'line': b'In static member function \xe2\x80\x98\x1b[01m\x1b[Kstatic void boost::geometry::detail::expand::indexed_loop<Index, Dimension, DimensionCount>::apply(Box&, const Geometry&) [with Box = boost::geometry::model::box<boost::geometry::model::d2::point_xy<double> >; Geometry = boost::geometry::model::box<boost::geometry::model::d2::point_xy<double> >; long unsigned int Index = 0; long unsigned int Dimension = 0; long unsigned int DimensionCount = 2]\x1b[m\x1b[K\xe2\x80\x99,\n'}
[27.955455] (decomp_util) StderrLine: {'line': b'    inlined from \xe2\x80\x98\x1b[01m\x1b[Kstatic void boost::geometry::detail::expand::expand_indexed<Dimension, DimensionCount>::apply(Box&, const Geometry&) [with Box = boost::geometry::model::box<boost::geometry::model::d2::point_xy<double> >; Geometry = boost::geometry::model::box<boost::geometry::model::d2::point_xy<double> >; long unsigned int Dimension = 0; long unsigned int DimensionCount = 2]\x1b[m\x1b[K\xe2\x80\x99 at \x1b[01m\x1b[K/usr/include/boost/geometry/algorithms/detail/expand/indexed.hpp:105:21\x1b[m\x1b[K,\n'}
[27.955523] (decomp_util) StderrLine: {'line': b'    inlined from \xe2\x80\x98\x1b[01m\x1b[Kstatic void boost::geometry::strategy::expand::cartesian_box::apply(BoxOut&, const BoxIn&) [with BoxOut = boost::geometry::model::box<boost::geometry::model::d2::point_xy<double> >; BoxIn = boost::geometry::model::box<boost::geometry::model::d2::point_xy<double> >]\x1b[m\x1b[K\xe2\x80\x99 at \x1b[01m\x1b[K/usr/include/boost/geometry/strategies/cartesian/expand_box.hpp:43:21\x1b[m\x1b[K,\n'}
[27.955579] (decomp_util) StderrLine: {'line': b'    inlined from \xe2\x80\x98\x1b[01m\x1b[Kvoid boost::geometry::strategy::envelope::cartesian<CalculationType>::multi_state<Box>::apply(const Box&) [with Box = boost::geometry::model::box<boost::geometry::model::d2::point_xy<double> >; CalculationType = double]\x1b[m\x1b[K\xe2\x80\x99 at \x1b[01m\x1b[K/usr/include/boost/geometry/strategies/cartesian/envelope.hpp:96:48\x1b[m\x1b[K,\n'}
[27.955628] (decomp_util) StderrLine: {'line': b'    inlined from \xe2\x80\x98\x1b[01m\x1b[Kstatic void boost::geometry::detail::envelope::envelope_multi_range<EnvelopePolicy>::apply(Iter, Iter, Box&, const Strategy&) [with Iter = __gnu_cxx::__normal_iterator<const boost::geometry::model::ring<boost::geometry::model::d2::point_xy<double>, true, true, std::vector, std::allocator>*, std::vector<boost::geometry::model::ring<boost::geometry::model::d2::point_xy<double>, true, true, std::vector, std::allocator>, std::allocator<boost::geometry::model::ring<boost::geometry::model::d2::point_xy<double>, true, true, std::vector, std::allocator> > > >; Box = boost::geometry::model::box<boost::geometry::model::d2::point_xy<double> >; Strategy = boost::geometry::strategy::envelope::cartesian<double>; EnvelopePolicy = boost::geometry::detail::envelope::envelope_range]\x1b[m\x1b[K\xe2\x80\x99 at \x1b[01m\x1b[K/usr/include/boost/geometry/algorithms/detail/envelope/range.hpp:113:28\x1b[m\x1b[K,\n'}
[27.955681] (decomp_util) StderrLine: {'line': b'    inlined from \xe2\x80\x98\x1b[01m\x1b[Kstatic void boost::geometry::detail::envelope::envelope_multi_range<EnvelopePolicy>::apply(const MultiRange&, Box&, const Strategy&) [with MultiRange = std::vector<boost::geometry::model::ring<boost::geometry::model::d2::point_xy<double>, true, true, std::vector, std::allocator>, std::allocator<boost::geometry::model::ring<boost::geometry::model::d2::point_xy<double>, true, true, std::vector, std::allocator> > >; Box = boost::geometry::model::box<boost::geometry::model::d2::point_xy<double> >; Strategy = boost::geometry::strategy::envelope::cartesian<double>; EnvelopePolicy = boost::geometry::detail::envelope::envelope_range]\x1b[m\x1b[K\xe2\x80\x99 at \x1b[01m\x1b[K/usr/include/boost/geometry/algorithms/detail/envelope/range.hpp:97:14\x1b[m\x1b[K,\n'}
[27.955732] (decomp_util) StderrLine: {'line': b'    inlined from \xe2\x80\x98\x1b[01m\x1b[Kstatic void boost::geometry::detail::envelope::envelope_polygon::apply(const Polygon&, Box&, const Strategy&) [with Polygon = boost::geometry::model::polygon<boost::geometry::model::d2::point_xy<double> >; Box = boost::geometry::model::box<boost::geometry::model::d2::point_xy<double> >; Strategy = boost::geometry::strategy::envelope::cartesian<double>]\x1b[m\x1b[K\xe2\x80\x99 at \x1b[01m\x1b[K/usr/include/boost/geometry/algorithms/detail/envelope/areal.hpp:46:25\x1b[m\x1b[K,\n'}
[27.955781] (decomp_util) StderrLine: {'line': b'    inlined from \xe2\x80\x98\x1b[01m\x1b[Kstatic void boost::geometry::resolve_strategy::envelope<Geometry>::apply(const Geometry&, Box&, boost::geometry::default_strategy) [with Box = boost::geometry::model::box<boost::geometry::model::d2::point_xy<double> >; Geometry = boost::geometry::model::polygon<boost::geometry::model::d2::point_xy<double> >]\x1b[m\x1b[K\xe2\x80\x99 at \x1b[01m\x1b[K/usr/include/boost/geometry/algorithms/detail/envelope/interface.hpp:76:44\x1b[m\x1b[K,\n'}
[27.955836] (decomp_util) StderrLine: {'line': b'    inlined from \xe2\x80\x98\x1b[01m\x1b[Kstatic void boost::geometry::resolve_variant::envelope<Geometry>::apply(const Geometry&, Box&, const Strategy&) [with Box = boost::geometry::model::box<boost::geometry::model::d2::point_xy<double> >; Strategy = boost::geometry::default_strategy; Geometry = boost::geometry::model::polygon<boost::geometry::model::d2::point_xy<double> >]\x1b[m\x1b[K\xe2\x80\x99 at \x1b[01m\x1b[K/usr/include/boost/geometry/algorithms/detail/envelope/interface.hpp:96:52\x1b[m\x1b[K,\n'}
[27.955886] (decomp_util) StderrLine: {'line': b'    inlined from \xe2\x80\x98\x1b[01m\x1b[KBox boost::geometry::return_envelope(const Geometry&) [with Box = model::box<model::d2::point_xy<double> >; Geometry = model::polygon<model::d2::point_xy<double> >]\x1b[m\x1b[K\xe2\x80\x99 at \x1b[01m\x1b[K/usr/include/boost/geometry/algorithms/detail/envelope/interface.hpp:225:47\x1b[m\x1b[K,\n'}
[27.955935] (decomp_util) StderrLine: {'line': b'    inlined from \xe2\x80\x98\x1b[01m\x1b[Kvoid boost::geometry::svg_mapper<Point, SameScale, SvgCoordinateType>::add(const Geometry&) [with Geometry = boost::geometry::model::polygon<boost::geometry::model::d2::point_xy<double> >; Point = boost::geometry::model::d2::point_xy<double>; bool SameScale = true; SvgCoordinateType = double]\x1b[m\x1b[K\xe2\x80\x99 at \x1b[01m\x1b[K/usr/include/boost/geometry/io/svg/svg_mapper.hpp:375:22\x1b[m\x1b[K:\n'}
[27.955990] (decomp_util) StderrLine: {'line': b'\x1b[01m\x1b[K/usr/include/boost/geometry/algorithms/detail/expand/indexed.hpp:65:9:\x1b[m\x1b[K \x1b[01;35m\x1b[Kwarning: \x1b[m\x1b[K\xe2\x80\x98\x1b[01m\x1b[K*(boost::geometry::model::point<double, 2, boost::geometry::cs::cartesian>*)((char*)&state + offsetof(boost::geometry::strategy::envelope::cartesian<double>::multi_state<boost::geometry::model::box<boost::geometry::model::d2::point_xy<double, boost::geometry::cs::cartesian> > >,boost::geometry::strategy::envelope::cartesian<double>::multi_state<boost::geometry::model::box<boost::geometry::model::d2::point_xy<double, boost::geometry::cs::cartesian> > >::m_box.boost::geometry::model::box<boost::geometry::model::d2::point_xy<double, boost::geometry::cs::cartesian> >::m_min_corner.boost::geometry::model::d2::point_xy<double, boost::geometry::cs::cartesian>::<unnamed>)).boost::geometry::model::point<double, 2, boost::geometry::cs::cartesian>::m_values[0]\x1b[m\x1b[K\xe2\x80\x99 may be used uninitialized [\x1b[01;35m\x1b[K\x1b]8;;https://gcc.gnu.org/onlinedocs/gcc/Warning-Options.html#index-Wmaybe-uninitialized\x07-Wmaybe-uninitialized\x1b]8;;\x07\x1b[m\x1b[K]\n'}
[27.956044] (decomp_util) StderrLine: {'line': b'   65 |         \x1b[01;35m\x1b[Kif\x1b[m\x1b[K (less(coord, get<min_corner, Dimension>(box)))\n'}
[27.956099] (decomp_util) StderrLine: {'line': b'      |         \x1b[01;35m\x1b[K^~\x1b[m\x1b[K\n'}
[27.956147] (decomp_util) StderrLine: {'line': b'\x1b[01m\x1b[K/usr/include/boost/geometry/algorithms/detail/envelope/range.hpp:\x1b[m\x1b[K In member function \xe2\x80\x98\x1b[01m\x1b[Kvoid boost::geometry::svg_mapper<Point, SameScale, SvgCoordinateType>::add(const Geometry&) [with Geometry = boost::geometry::model::polygon<boost::geometry::model::d2::point_xy<double> >; Point = boost::geometry::model::d2::point_xy<double>; bool SameScale = true; SvgCoordinateType = double]\x1b[m\x1b[K\xe2\x80\x99:\n'}
[27.956196] (decomp_util) StderrLine: {'line': b'\x1b[01m\x1b[K/usr/include/boost/geometry/algorithms/detail/envelope/range.hpp:106:54:\x1b[m\x1b[K \x1b[01;36m\x1b[Knote: \x1b[m\x1b[K\xe2\x80\x98\x1b[01m\x1b[K*(boost::geometry::model::point<double, 2, boost::geometry::cs::cartesian>*)((char*)&state + offsetof(boost::geometry::strategy::envelope::cartesian<double>::multi_state<boost::geometry::model::box<boost::geometry::model::d2::point_xy<double, boost::geometry::cs::cartesian> > >,boost::geometry::strategy::envelope::cartesian<double>::multi_state<boost::geometry::model::box<boost::geometry::model::d2::point_xy<double, boost::geometry::cs::cartesian> > >::m_box.boost::geometry::model::box<boost::geometry::model::d2::point_xy<double, boost::geometry::cs::cartesian> >::m_min_corner.boost::geometry::model::d2::point_xy<double, boost::geometry::cs::cartesian>::<unnamed>)).boost::geometry::model::point<double, 2, boost::geometry::cs::cartesian>::m_values[0]\x1b[m\x1b[K\xe2\x80\x99 was declared here\n'}
[27.956252] (decomp_util) StderrLine: {'line': b'  106 |         typename Strategy::template multi_state<Box> \x1b[01;36m\x1b[Kstate\x1b[m\x1b[K;\n'}
[27.956298] (decomp_util) StderrLine: {'line': b'      |                                                      \x1b[01;36m\x1b[K^~~~~\x1b[m\x1b[K\n'}
[27.958928] (-) TimerEvent: {}
[28.059136] (-) TimerEvent: {}
[28.159452] (-) TimerEvent: {}
[28.180466] (snapstack_msgs2) StdoutLine: {'line': b'[ 73%] \x1b[32mBuilding C object CMakeFiles/snapstack_msgs2__rosidl_typesupport_introspection_c.dir/rosidl_typesupport_introspection_c/snapstack_msgs2/msg/detail/control_log__type_support.c.o\x1b[0m\n'}
[28.219978] (snapstack_msgs2) StdoutLine: {'line': b'[ 74%] \x1b[32mBuilding C object CMakeFiles/snapstack_msgs2__rosidl_typesupport_introspection_c.dir/rosidl_typesupport_introspection_c/snapstack_msgs2/msg/detail/smc_data__type_support.c.o\x1b[0m\n'}
[28.248958] (snapstack_msgs2) StdoutLine: {'line': b'[ 75%] \x1b[32mBuilding C object CMakeFiles/snapstack_msgs2__rosidl_typesupport_introspection_c.dir/rosidl_typesupport_introspection_c/snapstack_msgs2/msg/detail/motors__type_support.c.o\x1b[0m\n'}
[28.259585] (-) TimerEvent: {}
[28.276750] (snapstack_msgs2) StdoutLine: {'line': b'[ 76%] \x1b[32mBuilding C object CMakeFiles/snapstack_msgs2__rosidl_typesupport_introspection_c.dir/rosidl_typesupport_introspection_c/snapstack_msgs2/msg/detail/vio_filter_state__type_support.c.o\x1b[0m\n'}
[28.310359] (snapstack_msgs2) StdoutLine: {'line': b'[ 77%] \x1b[32mBuilding C object CMakeFiles/snapstack_msgs2__rosidl_typesupport_introspection_c.dir/rosidl_typesupport_introspection_c/snapstack_msgs2/msg/detail/time_filter__type_support.c.o\x1b[0m\n'}
[28.337496] (snapstack_msgs2) StdoutLine: {'line': b'[ 77%] \x1b[32mBuilding C object CMakeFiles/snapstack_msgs2__rosidl_typesupport_introspection_c.dir/rosidl_typesupport_introspection_c/snapstack_msgs2/msg/detail/imu__type_support.c.o\x1b[0m\n'}
[28.359713] (-) TimerEvent: {}
[28.366692] (snapstack_msgs2) StdoutLine: {'line': b'[ 78%] \x1b[32mBuilding C object CMakeFiles/snapstack_msgs2__rosidl_typesupport_introspection_c.dir/rosidl_typesupport_introspection_c/snapstack_msgs2/msg/detail/comm_age__type_support.c.o\x1b[0m\n'}
[28.393871] (snapstack_msgs2) StdoutLine: {'line': b'[ 79%] \x1b[32mBuilding C object CMakeFiles/snapstack_msgs2__rosidl_typesupport_introspection_c.dir/rosidl_typesupport_introspection_c/snapstack_msgs2/msg/detail/state__type_support.c.o\x1b[0m\n'}
[28.423439] (snapstack_msgs2) StdoutLine: {'line': b'[ 80%] \x1b[32mBuilding C object CMakeFiles/snapstack_msgs2__rosidl_typesupport_introspection_c.dir/rosidl_typesupport_introspection_c/snapstack_msgs2/msg/detail/quad_flight_mode__type_support.c.o\x1b[0m\n'}
[28.450778] (snapstack_msgs2) StdoutLine: {'line': b'[ 81%] \x1b[32mBuilding C object CMakeFiles/snapstack_msgs2__rosidl_typesupport_introspection_c.dir/rosidl_typesupport_introspection_c/snapstack_msgs2/msg/detail/goal__type_support.c.o\x1b[0m\n'}
[28.459842] (-) TimerEvent: {}
[28.479652] (snapstack_msgs2) StdoutLine: {'line': b'[ 82%] \x1b[32mBuilding C object CMakeFiles/snapstack_msgs2__rosidl_typesupport_introspection_c.dir/rosidl_typesupport_introspection_c/snapstack_msgs2/msg/detail/attitude_command__type_support.c.o\x1b[0m\n'}
[28.509011] (snapstack_msgs2) StdoutLine: {'line': b'[ 83%] \x1b[32m\x1b[1mLinking C shared library libsnapstack_msgs2__rosidl_typesupport_introspection_c.so\x1b[0m\n'}
[28.536254] (snapstack_msgs2) StdoutLine: {'line': b'[ 83%] Built target snapstack_msgs2__rosidl_typesupport_introspection_c\n'}
[28.552472] (snapstack_msgs2) StdoutLine: {'line': b'[ 83%] Built target snapstack_msgs2\n'}
[28.559970] (-) TimerEvent: {}
[28.569105] (snapstack_msgs2) StdoutLine: {'line': b'[ 84%] \x1b[34m\x1b[1mGenerating Python code for ROS interfaces\x1b[0m\n'}
[28.660078] (-) TimerEvent: {}
[28.760364] (-) TimerEvent: {}
[28.860648] (-) TimerEvent: {}
[28.960931] (-) TimerEvent: {}
[29.061216] (-) TimerEvent: {}
[29.161507] (-) TimerEvent: {}
[29.261813] (-) TimerEvent: {}
[29.362079] (-) TimerEvent: {}
[29.462340] (-) TimerEvent: {}
[29.562594] (-) TimerEvent: {}
[29.662858] (-) TimerEvent: {}
[29.763132] (-) TimerEvent: {}
[29.863399] (-) TimerEvent: {}
[29.963653] (-) TimerEvent: {}
[30.063922] (-) TimerEvent: {}
[30.164191] (-) TimerEvent: {}
[30.264454] (-) TimerEvent: {}
[30.364720] (-) TimerEvent: {}
[30.464986] (-) TimerEvent: {}
[30.565265] (-) TimerEvent: {}
[30.665535] (-) TimerEvent: {}
[30.726201] (snapstack_msgs2) StdoutLine: {'line': b'[ 84%] Built target snapstack_msgs2__py\n'}
[30.742583] (snapstack_msgs2) StdoutLine: {'line': b'[ 85%] \x1b[32mBuilding C object CMakeFiles/snapstack_msgs2__rosidl_generator_py.dir/rosidl_generator_py/snapstack_msgs2/msg/_control_log_s.c.o\x1b[0m\n'}
[30.765646] (-) TimerEvent: {}
[30.836312] (snapstack_msgs2) StdoutLine: {'line': b'[ 86%] \x1b[32mBuilding C object CMakeFiles/snapstack_msgs2__rosidl_generator_py.dir/rosidl_generator_py/snapstack_msgs2/msg/_smc_data_s.c.o\x1b[0m\n'}
[30.865769] (-) TimerEvent: {}
[30.941454] (snapstack_msgs2) StdoutLine: {'line': b'[ 87%] \x1b[32mBuilding C object CMakeFiles/snapstack_msgs2__rosidl_generator_py.dir/rosidl_generator_py/snapstack_msgs2/msg/_motors_s.c.o\x1b[0m\n'}
[30.965901] (-) TimerEvent: {}
[31.030126] (snapstack_msgs2) StdoutLine: {'line': b'[ 88%] \x1b[32mBuilding C object CMakeFiles/snapstack_msgs2__rosidl_generator_py.dir/rosidl_generator_py/snapstack_msgs2/msg/_vio_filter_state_s.c.o\x1b[0m\n'}
[31.066030] (-) TimerEvent: {}
[31.129634] (snapstack_msgs2) StdoutLine: {'line': b'[ 89%] \x1b[32mBuilding C object CMakeFiles/snapstack_msgs2__rosidl_generator_py.dir/rosidl_generator_py/snapstack_msgs2/msg/_time_filter_s.c.o\x1b[0m\n'}
[31.166153] (-) TimerEvent: {}
[31.219751] (snapstack_msgs2) StdoutLine: {'line': b'[ 90%] \x1b[32mBuilding C object CMakeFiles/snapstack_msgs2__rosidl_generator_py.dir/rosidl_generator_py/snapstack_msgs2/msg/_imu_s.c.o\x1b[0m\n'}
[31.266282] (-) TimerEvent: {}
[31.307260] (snapstack_msgs2) StdoutLine: {'line': b'[ 90%] \x1b[32mBuilding C object CMakeFiles/snapstack_msgs2__rosidl_generator_py.dir/rosidl_generator_py/snapstack_msgs2/msg/_comm_age_s.c.o\x1b[0m\n'}
[31.366412] (-) TimerEvent: {}
[31.393482] (snapstack_msgs2) StdoutLine: {'line': b'[ 91%] \x1b[32mBuilding C object CMakeFiles/snapstack_msgs2__rosidl_generator_py.dir/rosidl_generator_py/snapstack_msgs2/msg/_state_s.c.o\x1b[0m\n'}
[31.466543] (-) TimerEvent: {}
[31.480691] (snapstack_msgs2) StdoutLine: {'line': b'[ 92%] \x1b[32mBuilding C object CMakeFiles/snapstack_msgs2__rosidl_generator_py.dir/rosidl_generator_py/snapstack_msgs2/msg/_quad_flight_mode_s.c.o\x1b[0m\n'}
[31.565724] (snapstack_msgs2) StdoutLine: {'line': b'[ 93%] \x1b[32mBuilding C object CMakeFiles/snapstack_msgs2__rosidl_generator_py.dir/rosidl_generator_py/snapstack_msgs2/msg/_goal_s.c.o\x1b[0m\n'}
[31.566643] (-) TimerEvent: {}
[31.655775] (snapstack_msgs2) StdoutLine: {'line': b'[ 94%] \x1b[32mBuilding C object CMakeFiles/snapstack_msgs2__rosidl_generator_py.dir/rosidl_generator_py/snapstack_msgs2/msg/_attitude_command_s.c.o\x1b[0m\n'}
[31.666774] (-) TimerEvent: {}
[31.736995] (snapstack_msgs2) StdoutLine: {'line': b'[ 95%] \x1b[32m\x1b[1mLinking C shared library rosidl_generator_py/snapstack_msgs2/libsnapstack_msgs2__rosidl_generator_py.so\x1b[0m\n'}
[31.766903] (-) TimerEvent: {}
[31.770962] (snapstack_msgs2) StdoutLine: {'line': b'[ 95%] Built target snapstack_msgs2__rosidl_generator_py\n'}
[31.786545] (snapstack_msgs2) StdoutLine: {'line': b'[ 96%] \x1b[32mBuilding C object CMakeFiles/snapstack_msgs2__rosidl_typesupport_fastrtps_c__pyext.dir/rosidl_generator_py/snapstack_msgs2/_snapstack_msgs2_s.ep.rosidl_typesupport_fastrtps_c.c.o\x1b[0m\n'}
[31.867039] (-) TimerEvent: {}
[31.889170] (snapstack_msgs2) StdoutLine: {'line': b'[ 97%] \x1b[32m\x1b[1mLinking C shared library rosidl_generator_py/snapstack_msgs2/snapstack_msgs2_s__rosidl_typesupport_fastrtps_c.cpython-310-x86_64-linux-gnu.so\x1b[0m\n'}
[31.925511] (snapstack_msgs2) StdoutLine: {'line': b'[ 97%] Built target snapstack_msgs2__rosidl_typesupport_fastrtps_c__pyext\n'}
[31.948702] (snapstack_msgs2) StdoutLine: {'line': b'[ 97%] \x1b[32mBuilding C object CMakeFiles/snapstack_msgs2__rosidl_typesupport_c__pyext.dir/rosidl_generator_py/snapstack_msgs2/_snapstack_msgs2_s.ep.rosidl_typesupport_c.c.o\x1b[0m\n'}
[31.967157] (-) TimerEvent: {}
[31.980658] (decomp_util) StdoutLine: {'line': b'[ 50%] \x1b[32m\x1b[1mLinking CXX executable test_iterative_decomp\x1b[0m\n'}
[32.055863] (snapstack_msgs2) StdoutLine: {'line': b'[ 98%] \x1b[32m\x1b[1mLinking C shared library rosidl_generator_py/snapstack_msgs2/snapstack_msgs2_s__rosidl_typesupport_c.cpython-310-x86_64-linux-gnu.so\x1b[0m\n'}
[32.067247] (-) TimerEvent: {}
[32.091212] (snapstack_msgs2) StdoutLine: {'line': b'[ 98%] Built target snapstack_msgs2__rosidl_typesupport_c__pyext\n'}
[32.108699] (snapstack_msgs2) StdoutLine: {'line': b'[ 99%] \x1b[32mBuilding C object CMakeFiles/snapstack_msgs2__rosidl_typesupport_introspection_c__pyext.dir/rosidl_generator_py/snapstack_msgs2/_snapstack_msgs2_s.ep.rosidl_typesupport_introspection_c.c.o\x1b[0m\n'}
[32.167375] (-) TimerEvent: {}
[32.213973] (decomp_util) StdoutLine: {'line': b'[ 50%] Built target test_iterative_decomp\n'}
[32.214858] (snapstack_msgs2) StdoutLine: {'line': b'[100%] \x1b[32m\x1b[1mLinking C shared library rosidl_generator_py/snapstack_msgs2/snapstack_msgs2_s__rosidl_typesupport_introspection_c.cpython-310-x86_64-linux-gnu.so\x1b[0m\n'}
[32.228136] (decomp_util) StdoutLine: {'line': b'[ 62%] \x1b[32mBuilding CXX object CMakeFiles/test_ellipsoid_decomp.dir/test/test_ellipsoid_decomp.cpp.o\x1b[0m\n'}
[32.248760] (snapstack_msgs2) StdoutLine: {'line': b'[100%] Built target snapstack_msgs2__rosidl_typesupport_introspection_c__pyext\n'}
[32.258679] (snapstack_msgs2) CommandEnded: {'returncode': 0}
[32.259275] (snapstack_msgs2) JobProgress: {'identifier': 'snapstack_msgs2', 'progress': 'install'}
[32.259950] (snapstack_msgs2) Command: {'cmd': ['/usr/bin/cmake', '--install', '/home/lorenzo/code/dynus_lite/dynus_lite_ws/build/snapstack_msgs2'], 'cwd': '/home/lorenzo/code/dynus_lite/dynus_lite_ws/build/snapstack_msgs2', 'env': OrderedDict([('LESSOPEN', '| /usr/bin/lesspipe %s'), ('USER', 'lorenzo'), ('LC_TIME', 'it_IT.UTF-8'), ('ROS_PACKAGE_PATH', '/opt/openrobots/share'), ('XDG_SESSION_TYPE', 'x11'), ('SHLVL', '2'), ('LD_LIBRARY_PATH', '/opt/gurobi1103/linux64/lib:/usr/lib/x86_64-linux-gnu/gazebo-11/plugins:/opt/ros/humble/opt/rviz_ogre_vendor/lib:/opt/ros/humble/lib/x86_64-linux-gnu:/home/lorenzo/code/decomp_ws/install/decomp_ros_msgs/lib:/opt/ros/humble/lib:/home/lorenzo/code/livox_ws/install/livox_ros_driver2/lib:/opt/gurobi1103/linux64/lib'), ('HOME', '/home/lorenzo'), ('CYCLONEDDS_URI', '<CycloneDDS><Domain><General><NetworkInterfaceAddress>wlp2s0</NetworkInterfaceAddress></General></Domain></CycloneDDS>'), ('OLDPWD', '/home/lorenzo/code/dynus_lite/dynus_lite_ws'), ('DESKTOP_SESSION', 'ubuntu-xorg'), ('ROS_PYTHON_VERSION', '3'), ('GNOME_SHELL_SESSION_MODE', 'ubuntu'), ('GTK_MODULES', 'gail:atk-bridge'), ('LC_MONETARY', 'it_IT.UTF-8'), ('SYSTEMD_EXEC_PID', '1507'), ('DBUS_SESSION_BUS_ADDRESS', 'unix:path=/run/user/1000/bus'), ('COLORTERM', 'truecolor'), ('ROS_DISTRO', 'humble'), ('GTK_IM_MODULE', 'ibus'), ('LOGNAME', 'lorenzo'), ('_', '/usr/bin/colcon'), ('ROS_VERSION', '2'), ('PKG_CONFIG_PATH', '/opt/openrobots/lib/pkgconfig:'), ('XDG_SESSION_CLASS', 'user'), ('USERNAME', 'lorenzo'), ('TERM', 'xterm-256color'), ('GNOME_DESKTOP_SESSION_ID', 'this-is-deprecated'), ('ROS_LOCALHOST_ONLY', '0'), ('WINDOWPATH', '2'), ('PATH', '/opt/ros/humble/bin:/opt/openrobots/bin:/usr/lib/dotnet/dotnet:/home/lorenzo/.local/bin:/usr/local/sbin:/usr/local/bin:/usr/sbin:/usr/bin:/sbin:/bin:/usr/games:/usr/local/games:/snap/bin:/snap/bin:/home/lorenzo/.dotnet/tools:/opt/gurobi1103/linux64/bin:/opt/gurobi1103/linux64/bin'), ('SESSION_MANAGER', 'local/lorenzo-XPS-13-7390:@/tmp/.ICE-unix/1460,unix/lorenzo-XPS-13-7390:/tmp/.ICE-unix/1460'), ('XDG_MENU_PREFIX', 'gnome-'), ('LC_ADDRESS', 'it_IT.UTF-8'), ('GNOME_TERMINAL_SCREEN', '/org/gnome/Terminal/screen/5046f4a6_5859_448d_84c8_9d244332172a'), ('XDG_RUNTIME_DIR', '/run/user/1000'), ('DISPLAY', ':0'), ('LANG', 'en_US.UTF-8'), ('XDG_CURRENT_DESKTOP', 'ubuntu:GNOME'), ('DOTNET_BUNDLE_EXTRACT_BASE_DIR', '/home/lorenzo/.cache/dotnet_bundle_extract'), ('LC_TELEPHONE', 'it_IT.UTF-8'), ('RMW_IMPLEMENTATION', 'rmw_cyclonedds_cpp'), ('XMODIFIERS', '@im=ibus'), ('XDG_SESSION_DESKTOP', 'ubuntu-xorg'), ('XAUTHORITY', '/run/user/1000/gdm/Xauthority'), ('LS_COLORS', 'rs=0:di=01;34:ln=01;36:mh=00:pi=40;33:so=01;35:do=01;35:bd=40;33;01:cd=40;33;01:or=40;31;01:mi=00:su=37;41:sg=30;43:ca=30;41:tw=30;42:ow=34;42:st=37;44:ex=01;32:*.tar=01;31:*.tgz=01;31:*.arc=01;31:*.arj=01;31:*.taz=01;31:*.lha=01;31:*.lz4=01;31:*.lzh=01;31:*.lzma=01;31:*.tlz=01;31:*.txz=01;31:*.tzo=01;31:*.t7z=01;31:*.zip=01;31:*.z=01;31:*.dz=01;31:*.gz=01;31:*.lrz=01;31:*.lz=01;31:*.lzo=01;31:*.xz=01;31:*.zst=01;31:*.tzst=01;31:*.bz2=01;31:*.bz=01;31:*.tbz=01;31:*.tbz2=01;31:*.tz=01;31:*.deb=01;31:*.rpm=01;31:*.jar=01;31:*.war=01;31:*.ear=01;31:*.sar=01;31:*.rar=01;31:*.alz=01;31:*.ace=01;31:*.zoo=01;31:*.cpio=01;31:*.7z=01;31:*.rz=01;31:*.cab=01;31:*.wim=01;31:*.swm=01;31:*.dwm=01;31:*.esd=01;31:*.jpg=01;35:*.jpeg=01;35:*.mjpg=01;35:*.mjpeg=01;35:*.gif=01;35:*.bmp=01;35:*.pbm=01;35:*.pgm=01;35:*.ppm=01;35:*.tga=01;35:*.xbm=01;35:*.xpm=01;35:*.tif=01;35:*.tiff=01;35:*.png=01;35:*.svg=01;35:*.svgz=01;35:*.mng=01;35:*.pcx=01;35:*.mov=01;35:*.mpg=01;35:*.mpeg=01;35:*.m2v=01;35:*.mkv=01;35:*.webm=01;35:*.webp=01;35:*.ogm=01;35:*.mp4=01;35:*.m4v=01;35:*.mp4v=01;35:*.vob=01;35:*.qt=01;35:*.nuv=01;35:*.wmv=01;35:*.asf=01;35:*.rm=01;35:*.rmvb=01;35:*.flc=01;35:*.avi=01;35:*.fli=01;35:*.flv=01;35:*.gl=01;35:*.dl=01;35:*.xcf=01;35:*.xwd=01;35:*.yuv=01;35:*.cgm=01;35:*.emf=01;35:*.ogv=01;35:*.ogx=01;35:*.aac=00;36:*.au=00;36:*.flac=00;36:*.m4a=00;36:*.mid=00;36:*.midi=00;36:*.mka=00;36:*.mp3=00;36:*.mpc=00;36:*.ogg=00;36:*.ra=00;36:*.wav=00;36:*.oga=00;36:*.opus=00;36:*.spx=00;36:*.xspf=00;36:'), ('GNOME_TERMINAL_SERVICE', ':1.229'), ('SSH_AGENT_LAUNCHER', 'gnome-keyring'), ('SSH_AUTH_SOCK', '/run/user/1000/keyring/ssh'), ('ROS_DOMAIN_ID', '10'), ('AMENT_PREFIX_PATH', '/opt/ros/humble'), ('SHELL', '/bin/bash'), ('LC_NAME', 'it_IT.UTF-8'), ('QT_ACCESSIBILITY', '1'), ('GDMSESSION', 'ubuntu-xorg'), ('LESSCLOSE', '/usr/bin/lesspipe %s %s'), ('LC_MEASUREMENT', 'it_IT.UTF-8'), ('GPG_AGENT_INFO', '/run/user/1000/gnupg/S.gpg-agent:0:1'), ('LC_IDENTIFICATION', 'it_IT.UTF-8'), ('ROS_AUTOMATIC_DISCOVERY_RANGE', 'SUBNET'), ('QT_IM_MODULE', 'ibus'), ('PWD', '/home/lorenzo/code/dynus_lite/dynus_lite_ws/build/snapstack_msgs2'), ('LC_ALL', 'en_US.UTF-8'), ('XDG_CONFIG_DIRS', '/etc/xdg/xdg-ubuntu-xorg:/etc/xdg'), ('GUROBI_HOME', '/opt/gurobi1103/linux64'), ('XDG_DATA_DIRS', '/usr/share/ubuntu-xorg:/usr/share/gnome:/usr/local/share/:/usr/share/:/var/lib/snapd/desktop'), ('PYTHONPATH', '/opt/ros/humble/lib/python3.10/site-packages:/opt/ros/humble/local/lib/python3.10/dist-packages:/opt/openrobots/lib/python3.10/site-packages::/opt/openrobots/lib/python3.10/site-packages:/home/lorenzo/Documents/OptimalControl/Lab'), ('LC_NUMERIC', 'it_IT.UTF-8'), ('LC_PAPER', 'it_IT.UTF-8'), ('COLCON', '1'), ('VTE_VERSION', '6800'), ('CMAKE_PREFIX_PATH', '/opt/openrobots::/opt/ros/humble')]), 'shell': False}
[32.266510] (snapstack_msgs2) StdoutLine: {'line': b'-- Install configuration: ""\n'}
[32.266719] (snapstack_msgs2) StdoutLine: {'line': b'-- Installing: /home/lorenzo/code/dynus_lite/dynus_lite_ws/install/snapstack_msgs2/share/ament_index/resource_index/rosidl_interfaces/snapstack_msgs2\n'}
[32.266814] (snapstack_msgs2) StdoutLine: {'line': b'-- Installing: /home/lorenzo/code/dynus_lite/dynus_lite_ws/install/snapstack_msgs2/include/snapstack_msgs2/snapstack_msgs2\n'}
[32.266874] (snapstack_msgs2) StdoutLine: {'line': b'-- Installing: /home/lorenzo/code/dynus_lite/dynus_lite_ws/install/snapstack_msgs2/include/snapstack_msgs2/snapstack_msgs2/msg\n'}
[32.266966] (snapstack_msgs2) StdoutLine: {'line': b'-- Installing: /home/lorenzo/code/dynus_lite/dynus_lite_ws/install/snapstack_msgs2/include/snapstack_msgs2/snapstack_msgs2/msg/time_filter.h\n'}
[32.267023] (snapstack_msgs2) StdoutLine: {'line': b'-- Installing: /home/lorenzo/code/dynus_lite/dynus_lite_ws/install/snapstack_msgs2/include/snapstack_msgs2/snapstack_msgs2/msg/motors.h\n'}
[32.267116] (snapstack_msgs2) StdoutLine: {'line': b'-- Installing: /home/lorenzo/code/dynus_lite/dynus_lite_ws/install/snapstack_msgs2/include/snapstack_msgs2/snapstack_msgs2/msg/detail\n'}
[32.267208] (snapstack_msgs2) StdoutLine: {'line': b'-- Installing: /home/lorenzo/code/dynus_lite/dynus_lite_ws/install/snapstack_msgs2/include/snapstack_msgs2/snapstack_msgs2/msg/detail/motors__functions.h\n'}
[32.267289] (snapstack_msgs2) StdoutLine: {'line': b'-- Installing: /home/lorenzo/code/dynus_lite/dynus_lite_ws/install/snapstack_msgs2/include/snapstack_msgs2/snapstack_msgs2/msg/detail/state__struct.h\n'}
[32.267367] (snapstack_msgs2) StdoutLine: {'line': b'-- Installing: /home/lorenzo/code/dynus_lite/dynus_lite_ws/install/snapstack_msgs2/include/snapstack_msgs2/snapstack_msgs2/msg/detail/smc_data__functions.c\n'}
[32.267425] (-) TimerEvent: {}
[32.267596] (snapstack_msgs2) StdoutLine: {'line': b'-- Installing: /home/lorenzo/code/dynus_lite/dynus_lite_ws/install/snapstack_msgs2/include/snapstack_msgs2/snapstack_msgs2/msg/detail/smc_data__functions.h\n'}
[32.267665] (snapstack_msgs2) StdoutLine: {'line': b'-- Installing: /home/lorenzo/code/dynus_lite/dynus_lite_ws/install/snapstack_msgs2/include/snapstack_msgs2/snapstack_msgs2/msg/detail/quad_flight_mode__struct.h\n'}
[32.267722] (snapstack_msgs2) StdoutLine: {'line': b'-- Installing: /home/lorenzo/code/dynus_lite/dynus_lite_ws/install/snapstack_msgs2/include/snapstack_msgs2/snapstack_msgs2/msg/detail/smc_data__type_support.h\n'}
[32.267795] (snapstack_msgs2) StdoutLine: {'line': b'-- Installing: /home/lorenzo/code/dynus_lite/dynus_lite_ws/install/snapstack_msgs2/include/snapstack_msgs2/snapstack_msgs2/msg/detail/imu__type_support.h\n'}
[32.267869] (snapstack_msgs2) StdoutLine: {'line': b'-- Installing: /home/lorenzo/code/dynus_lite/dynus_lite_ws/install/snapstack_msgs2/include/snapstack_msgs2/snapstack_msgs2/msg/detail/attitude_command__struct.h\n'}
[32.267925] (snapstack_msgs2) StdoutLine: {'line': b'-- Installing: /home/lorenzo/code/dynus_lite/dynus_lite_ws/install/snapstack_msgs2/include/snapstack_msgs2/snapstack_msgs2/msg/detail/imu__functions.h\n'}
[32.268002] (snapstack_msgs2) StdoutLine: {'line': b'-- Installing: /home/lorenzo/code/dynus_lite/dynus_lite_ws/install/snapstack_msgs2/include/snapstack_msgs2/snapstack_msgs2/msg/detail/quad_flight_mode__type_support.h\n'}
[32.268060] (snapstack_msgs2) StdoutLine: {'line': b'-- Installing: /home/lorenzo/code/dynus_lite/dynus_lite_ws/install/snapstack_msgs2/include/snapstack_msgs2/snapstack_msgs2/msg/detail/quad_flight_mode__functions.c\n'}
[32.268152] (snapstack_msgs2) StdoutLine: {'line': b'-- Installing: /home/lorenzo/code/dynus_lite/dynus_lite_ws/install/snapstack_msgs2/include/snapstack_msgs2/snapstack_msgs2/msg/detail/attitude_command__type_support.h\n'}
[32.268241] (snapstack_msgs2) StdoutLine: {'line': b'-- Installing: /home/lorenzo/code/dynus_lite/dynus_lite_ws/install/snapstack_msgs2/include/snapstack_msgs2/snapstack_msgs2/msg/detail/comm_age__struct.h\n'}
[32.268339] (snapstack_msgs2) StdoutLine: {'line': b'-- Installing: /home/lorenzo/code/dynus_lite/dynus_lite_ws/install/snapstack_msgs2/include/snapstack_msgs2/snapstack_msgs2/msg/detail/state__functions.h\n'}
[32.268399] (snapstack_msgs2) StdoutLine: {'line': b'-- Installing: /home/lorenzo/code/dynus_lite/dynus_lite_ws/install/snapstack_msgs2/include/snapstack_msgs2/snapstack_msgs2/msg/detail/vio_filter_state__struct.h\n'}
[32.268452] (snapstack_msgs2) StdoutLine: {'line': b'-- Installing: /home/lorenzo/code/dynus_lite/dynus_lite_ws/install/snapstack_msgs2/include/snapstack_msgs2/snapstack_msgs2/msg/detail/imu__functions.c\n'}
[32.268525] (snapstack_msgs2) StdoutLine: {'line': b'-- Installing: /home/lorenzo/code/dynus_lite/dynus_lite_ws/install/snapstack_msgs2/include/snapstack_msgs2/snapstack_msgs2/msg/detail/control_log__functions.c\n'}
[32.268611] (snapstack_msgs2) StdoutLine: {'line': b'-- Installing: /home/lorenzo/code/dynus_lite/dynus_lite_ws/install/snapstack_msgs2/include/snapstack_msgs2/snapstack_msgs2/msg/detail/motors__functions.c\n'}
[32.268666] (snapstack_msgs2) StdoutLine: {'line': b'-- Installing: /home/lorenzo/code/dynus_lite/dynus_lite_ws/install/snapstack_msgs2/include/snapstack_msgs2/snapstack_msgs2/msg/detail/control_log__struct.h\n'}
[32.268743] (snapstack_msgs2) StdoutLine: {'line': b'-- Installing: /home/lorenzo/code/dynus_lite/dynus_lite_ws/install/snapstack_msgs2/include/snapstack_msgs2/snapstack_msgs2/msg/detail/goal__type_support.h\n'}
[32.268806] (snapstack_msgs2) StdoutLine: {'line': b'-- Installing: /home/lorenzo/code/dynus_lite/dynus_lite_ws/install/snapstack_msgs2/include/snapstack_msgs2/snapstack_msgs2/msg/detail/goal__functions.c\n'}
[32.268855] (snapstack_msgs2) StdoutLine: {'line': b'-- Installing: /home/lorenzo/code/dynus_lite/dynus_lite_ws/install/snapstack_msgs2/include/snapstack_msgs2/snapstack_msgs2/msg/detail/state__functions.c\n'}
[32.268926] (snapstack_msgs2) StdoutLine: {'line': b'-- Installing: /home/lorenzo/code/dynus_lite/dynus_lite_ws/install/snapstack_msgs2/include/snapstack_msgs2/snapstack_msgs2/msg/detail/control_log__type_support.h\n'}
[32.268998] (snapstack_msgs2) StdoutLine: {'line': b'-- Installing: /home/lorenzo/code/dynus_lite/dynus_lite_ws/install/snapstack_msgs2/include/snapstack_msgs2/snapstack_msgs2/msg/detail/attitude_command__functions.h\n'}
[32.269079] (snapstack_msgs2) StdoutLine: {'line': b'-- Installing: /home/lorenzo/code/dynus_lite/dynus_lite_ws/install/snapstack_msgs2/include/snapstack_msgs2/snapstack_msgs2/msg/detail/goal__functions.h\n'}
[32.269165] (snapstack_msgs2) StdoutLine: {'line': b'-- Installing: /home/lorenzo/code/dynus_lite/dynus_lite_ws/install/snapstack_msgs2/include/snapstack_msgs2/snapstack_msgs2/msg/detail/control_log__functions.h\n'}
[32.269239] (snapstack_msgs2) StdoutLine: {'line': b'-- Installing: /home/lorenzo/code/dynus_lite/dynus_lite_ws/install/snapstack_msgs2/include/snapstack_msgs2/snapstack_msgs2/msg/detail/imu__struct.h\n'}
[32.269313] (snapstack_msgs2) StdoutLine: {'line': b'-- Installing: /home/lorenzo/code/dynus_lite/dynus_lite_ws/install/snapstack_msgs2/include/snapstack_msgs2/snapstack_msgs2/msg/detail/vio_filter_state__type_support.h\n'}
[32.269385] (snapstack_msgs2) StdoutLine: {'line': b'-- Installing: /home/lorenzo/code/dynus_lite/dynus_lite_ws/install/snapstack_msgs2/include/snapstack_msgs2/snapstack_msgs2/msg/detail/comm_age__functions.c\n'}
[32.269452] (snapstack_msgs2) StdoutLine: {'line': b'-- Installing: /home/lorenzo/code/dynus_lite/dynus_lite_ws/install/snapstack_msgs2/include/snapstack_msgs2/snapstack_msgs2/msg/detail/comm_age__type_support.h\n'}
[32.269516] (snapstack_msgs2) StdoutLine: {'line': b'-- Installing: /home/lorenzo/code/dynus_lite/dynus_lite_ws/install/snapstack_msgs2/include/snapstack_msgs2/snapstack_msgs2/msg/detail/goal__struct.h\n'}
[32.269586] (snapstack_msgs2) StdoutLine: {'line': b'-- Installing: /home/lorenzo/code/dynus_lite/dynus_lite_ws/install/snapstack_msgs2/include/snapstack_msgs2/snapstack_msgs2/msg/detail/attitude_command__functions.c\n'}
[32.269657] (snapstack_msgs2) StdoutLine: {'line': b'-- Installing: /home/lorenzo/code/dynus_lite/dynus_lite_ws/install/snapstack_msgs2/include/snapstack_msgs2/snapstack_msgs2/msg/detail/comm_age__functions.h\n'}
[32.269734] (snapstack_msgs2) StdoutLine: {'line': b'-- Installing: /home/lorenzo/code/dynus_lite/dynus_lite_ws/install/snapstack_msgs2/include/snapstack_msgs2/snapstack_msgs2/msg/detail/motors__type_support.h\n'}
[32.269806] (snapstack_msgs2) StdoutLine: {'line': b'-- Installing: /home/lorenzo/code/dynus_lite/dynus_lite_ws/install/snapstack_msgs2/include/snapstack_msgs2/snapstack_msgs2/msg/detail/quad_flight_mode__functions.h\n'}
[32.269885] (snapstack_msgs2) StdoutLine: {'line': b'-- Installing: /home/lorenzo/code/dynus_lite/dynus_lite_ws/install/snapstack_msgs2/include/snapstack_msgs2/snapstack_msgs2/msg/detail/time_filter__struct.h\n'}
[32.269955] (snapstack_msgs2) StdoutLine: {'line': b'-- Installing: /home/lorenzo/code/dynus_lite/dynus_lite_ws/install/snapstack_msgs2/include/snapstack_msgs2/snapstack_msgs2/msg/detail/time_filter__functions.h\n'}
[32.270031] (snapstack_msgs2) StdoutLine: {'line': b'-- Installing: /home/lorenzo/code/dynus_lite/dynus_lite_ws/install/snapstack_msgs2/include/snapstack_msgs2/snapstack_msgs2/msg/detail/smc_data__struct.h\n'}
[32.270130] (snapstack_msgs2) StdoutLine: {'line': b'-- Installing: /home/lorenzo/code/dynus_lite/dynus_lite_ws/install/snapstack_msgs2/include/snapstack_msgs2/snapstack_msgs2/msg/detail/vio_filter_state__functions.c\n'}
[32.270206] (snapstack_msgs2) StdoutLine: {'line': b'-- Installing: /home/lorenzo/code/dynus_lite/dynus_lite_ws/install/snapstack_msgs2/include/snapstack_msgs2/snapstack_msgs2/msg/detail/time_filter__type_support.h\n'}
[32.270283] (snapstack_msgs2) StdoutLine: {'line': b'-- Installing: /home/lorenzo/code/dynus_lite/dynus_lite_ws/install/snapstack_msgs2/include/snapstack_msgs2/snapstack_msgs2/msg/detail/time_filter__functions.c\n'}
[32.270355] (snapstack_msgs2) StdoutLine: {'line': b'-- Installing: /home/lorenzo/code/dynus_lite/dynus_lite_ws/install/snapstack_msgs2/include/snapstack_msgs2/snapstack_msgs2/msg/detail/motors__struct.h\n'}
[32.270434] (snapstack_msgs2) StdoutLine: {'line': b'-- Installing: /home/lorenzo/code/dynus_lite/dynus_lite_ws/install/snapstack_msgs2/include/snapstack_msgs2/snapstack_msgs2/msg/detail/state__type_support.h\n'}
[32.270508] (snapstack_msgs2) StdoutLine: {'line': b'-- Installing: /home/lorenzo/code/dynus_lite/dynus_lite_ws/install/snapstack_msgs2/include/snapstack_msgs2/snapstack_msgs2/msg/detail/vio_filter_state__functions.h\n'}
[32.270578] (snapstack_msgs2) StdoutLine: {'line': b'-- Installing: /home/lorenzo/code/dynus_lite/dynus_lite_ws/install/snapstack_msgs2/include/snapstack_msgs2/snapstack_msgs2/msg/rosidl_generator_c__visibility_control.h\n'}
[32.270651] (snapstack_msgs2) StdoutLine: {'line': b'-- Installing: /home/lorenzo/code/dynus_lite/dynus_lite_ws/install/snapstack_msgs2/include/snapstack_msgs2/snapstack_msgs2/msg/imu.h\n'}
[32.270724] (snapstack_msgs2) StdoutLine: {'line': b'-- Installing: /home/lorenzo/code/dynus_lite/dynus_lite_ws/install/snapstack_msgs2/include/snapstack_msgs2/snapstack_msgs2/msg/attitude_command.h\n'}
[32.270795] (snapstack_msgs2) StdoutLine: {'line': b'-- Installing: /home/lorenzo/code/dynus_lite/dynus_lite_ws/install/snapstack_msgs2/include/snapstack_msgs2/snapstack_msgs2/msg/goal.h\n'}
[32.270865] (snapstack_msgs2) StdoutLine: {'line': b'-- Installing: /home/lorenzo/code/dynus_lite/dynus_lite_ws/install/snapstack_msgs2/include/snapstack_msgs2/snapstack_msgs2/msg/vio_filter_state.h\n'}
[32.270936] (snapstack_msgs2) StdoutLine: {'line': b'-- Installing: /home/lorenzo/code/dynus_lite/dynus_lite_ws/install/snapstack_msgs2/include/snapstack_msgs2/snapstack_msgs2/msg/smc_data.h\n'}
[32.271008] (snapstack_msgs2) StdoutLine: {'line': b'-- Installing: /home/lorenzo/code/dynus_lite/dynus_lite_ws/install/snapstack_msgs2/include/snapstack_msgs2/snapstack_msgs2/msg/state.h\n'}
[32.271083] (snapstack_msgs2) StdoutLine: {'line': b'-- Installing: /home/lorenzo/code/dynus_lite/dynus_lite_ws/install/snapstack_msgs2/include/snapstack_msgs2/snapstack_msgs2/msg/comm_age.h\n'}
[32.271251] (snapstack_msgs2) StdoutLine: {'line': b'-- Installing: /home/lorenzo/code/dynus_lite/dynus_lite_ws/install/snapstack_msgs2/include/snapstack_msgs2/snapstack_msgs2/msg/quad_flight_mode.h\n'}
[32.271322] (snapstack_msgs2) StdoutLine: {'line': b'-- Installing: /home/lorenzo/code/dynus_lite/dynus_lite_ws/install/snapstack_msgs2/include/snapstack_msgs2/snapstack_msgs2/msg/control_log.h\n'}
[32.271485] (snapstack_msgs2) StdoutLine: {'line': b'-- Installing: /home/lorenzo/code/dynus_lite/dynus_lite_ws/install/snapstack_msgs2/share/snapstack_msgs2/environment/library_path.sh\n'}
[32.271588] (snapstack_msgs2) StdoutLine: {'line': b'-- Installing: /home/lorenzo/code/dynus_lite/dynus_lite_ws/install/snapstack_msgs2/share/snapstack_msgs2/environment/library_path.dsv\n'}
[32.271738] (snapstack_msgs2) StdoutLine: {'line': b'-- Installing: /home/lorenzo/code/dynus_lite/dynus_lite_ws/install/snapstack_msgs2/lib/libsnapstack_msgs2__rosidl_generator_c.so\n'}
[32.272024] (snapstack_msgs2) StdoutLine: {'line': b'-- Set runtime path of "/home/lorenzo/code/dynus_lite/dynus_lite_ws/install/snapstack_msgs2/lib/libsnapstack_msgs2__rosidl_generator_c.so" to ""\n'}
[32.272106] (snapstack_msgs2) StdoutLine: {'line': b'-- Up-to-date: /home/lorenzo/code/dynus_lite/dynus_lite_ws/install/snapstack_msgs2/include/snapstack_msgs2/snapstack_msgs2\n'}
[32.272187] (snapstack_msgs2) StdoutLine: {'line': b'-- Up-to-date: /home/lorenzo/code/dynus_lite/dynus_lite_ws/install/snapstack_msgs2/include/snapstack_msgs2/snapstack_msgs2/msg\n'}
[32.272261] (snapstack_msgs2) StdoutLine: {'line': b'-- Installing: /home/lorenzo/code/dynus_lite/dynus_lite_ws/install/snapstack_msgs2/include/snapstack_msgs2/snapstack_msgs2/msg/rosidl_typesupport_fastrtps_c__visibility_control.h\n'}
[32.272350] (snapstack_msgs2) StdoutLine: {'line': b'-- Up-to-date: /home/lorenzo/code/dynus_lite/dynus_lite_ws/install/snapstack_msgs2/include/snapstack_msgs2/snapstack_msgs2/msg/detail\n'}
[32.272402] (snapstack_msgs2) StdoutLine: {'line': b'-- Installing: /home/lorenzo/code/dynus_lite/dynus_lite_ws/install/snapstack_msgs2/include/snapstack_msgs2/snapstack_msgs2/msg/detail/motors__rosidl_typesupport_fastrtps_c.h\n'}
[32.272455] (snapstack_msgs2) StdoutLine: {'line': b'-- Installing: /home/lorenzo/code/dynus_lite/dynus_lite_ws/install/snapstack_msgs2/include/snapstack_msgs2/snapstack_msgs2/msg/detail/comm_age__rosidl_typesupport_fastrtps_c.h\n'}
[32.272526] (snapstack_msgs2) StdoutLine: {'line': b'-- Installing: /home/lorenzo/code/dynus_lite/dynus_lite_ws/install/snapstack_msgs2/include/snapstack_msgs2/snapstack_msgs2/msg/detail/imu__rosidl_typesupport_fastrtps_c.h\n'}
[32.272599] (snapstack_msgs2) StdoutLine: {'line': b'-- Installing: /home/lorenzo/code/dynus_lite/dynus_lite_ws/install/snapstack_msgs2/include/snapstack_msgs2/snapstack_msgs2/msg/detail/smc_data__rosidl_typesupport_fastrtps_c.h\n'}
[32.272672] (snapstack_msgs2) StdoutLine: {'line': b'-- Installing: /home/lorenzo/code/dynus_lite/dynus_lite_ws/install/snapstack_msgs2/include/snapstack_msgs2/snapstack_msgs2/msg/detail/time_filter__rosidl_typesupport_fastrtps_c.h\n'}
[32.272754] (snapstack_msgs2) StdoutLine: {'line': b'-- Installing: /home/lorenzo/code/dynus_lite/dynus_lite_ws/install/snapstack_msgs2/include/snapstack_msgs2/snapstack_msgs2/msg/detail/vio_filter_state__rosidl_typesupport_fastrtps_c.h\n'}
[32.272805] (snapstack_msgs2) StdoutLine: {'line': b'-- Installing: /home/lorenzo/code/dynus_lite/dynus_lite_ws/install/snapstack_msgs2/include/snapstack_msgs2/snapstack_msgs2/msg/detail/attitude_command__rosidl_typesupport_fastrtps_c.h\n'}
[32.272874] (snapstack_msgs2) StdoutLine: {'line': b'-- Installing: /home/lorenzo/code/dynus_lite/dynus_lite_ws/install/snapstack_msgs2/include/snapstack_msgs2/snapstack_msgs2/msg/detail/control_log__rosidl_typesupport_fastrtps_c.h\n'}
[32.272950] (snapstack_msgs2) StdoutLine: {'line': b'-- Installing: /home/lorenzo/code/dynus_lite/dynus_lite_ws/install/snapstack_msgs2/include/snapstack_msgs2/snapstack_msgs2/msg/detail/goal__rosidl_typesupport_fastrtps_c.h\n'}
[32.273024] (snapstack_msgs2) StdoutLine: {'line': b'-- Installing: /home/lorenzo/code/dynus_lite/dynus_lite_ws/install/snapstack_msgs2/include/snapstack_msgs2/snapstack_msgs2/msg/detail/quad_flight_mode__rosidl_typesupport_fastrtps_c.h\n'}
[32.273098] (snapstack_msgs2) StdoutLine: {'line': b'-- Installing: /home/lorenzo/code/dynus_lite/dynus_lite_ws/install/snapstack_msgs2/include/snapstack_msgs2/snapstack_msgs2/msg/detail/state__rosidl_typesupport_fastrtps_c.h\n'}
[32.273173] (snapstack_msgs2) StdoutLine: {'line': b'-- Installing: /home/lorenzo/code/dynus_lite/dynus_lite_ws/install/snapstack_msgs2/lib/libsnapstack_msgs2__rosidl_typesupport_fastrtps_c.so\n'}
[32.273438] (snapstack_msgs2) StdoutLine: {'line': b'-- Set runtime path of "/home/lorenzo/code/dynus_lite/dynus_lite_ws/install/snapstack_msgs2/lib/libsnapstack_msgs2__rosidl_typesupport_fastrtps_c.so" to ""\n'}
[32.273517] (snapstack_msgs2) StdoutLine: {'line': b'-- Up-to-date: /home/lorenzo/code/dynus_lite/dynus_lite_ws/install/snapstack_msgs2/include/snapstack_msgs2/snapstack_msgs2\n'}
[32.273570] (snapstack_msgs2) StdoutLine: {'line': b'-- Up-to-date: /home/lorenzo/code/dynus_lite/dynus_lite_ws/install/snapstack_msgs2/include/snapstack_msgs2/snapstack_msgs2/msg\n'}
[32.273641] (snapstack_msgs2) StdoutLine: {'line': b'-- Up-to-date: /home/lorenzo/code/dynus_lite/dynus_lite_ws/install/snapstack_msgs2/include/snapstack_msgs2/snapstack_msgs2/msg/detail\n'}
[32.273722] (snapstack_msgs2) StdoutLine: {'line': b'-- Installing: /home/lorenzo/code/dynus_lite/dynus_lite_ws/install/snapstack_msgs2/include/snapstack_msgs2/snapstack_msgs2/msg/detail/attitude_command__rosidl_typesupport_introspection_c.h\n'}
[32.273776] (snapstack_msgs2) StdoutLine: {'line': b'-- Installing: /home/lorenzo/code/dynus_lite/dynus_lite_ws/install/snapstack_msgs2/include/snapstack_msgs2/snapstack_msgs2/msg/detail/control_log__type_support.c\n'}
[32.273848] (snapstack_msgs2) StdoutLine: {'line': b'-- Installing: /home/lorenzo/code/dynus_lite/dynus_lite_ws/install/snapstack_msgs2/include/snapstack_msgs2/snapstack_msgs2/msg/detail/comm_age__rosidl_typesupport_introspection_c.h\n'}
[32.273922] (snapstack_msgs2) StdoutLine: {'line': b'-- Installing: /home/lorenzo/code/dynus_lite/dynus_lite_ws/install/snapstack_msgs2/include/snapstack_msgs2/snapstack_msgs2/msg/detail/imu__type_support.c\n'}
[32.273994] (snapstack_msgs2) StdoutLine: {'line': b'-- Installing: /home/lorenzo/code/dynus_lite/dynus_lite_ws/install/snapstack_msgs2/include/snapstack_msgs2/snapstack_msgs2/msg/detail/quad_flight_mode__type_support.c\n'}
[32.274071] (snapstack_msgs2) StdoutLine: {'line': b'-- Installing: /home/lorenzo/code/dynus_lite/dynus_lite_ws/install/snapstack_msgs2/include/snapstack_msgs2/snapstack_msgs2/msg/detail/comm_age__type_support.c\n'}
[32.274153] (snapstack_msgs2) StdoutLine: {'line': b'-- Installing: /home/lorenzo/code/dynus_lite/dynus_lite_ws/install/snapstack_msgs2/include/snapstack_msgs2/snapstack_msgs2/msg/detail/control_log__rosidl_typesupport_introspection_c.h\n'}
[32.274227] (snapstack_msgs2) StdoutLine: {'line': b'-- Installing: /home/lorenzo/code/dynus_lite/dynus_lite_ws/install/snapstack_msgs2/include/snapstack_msgs2/snapstack_msgs2/msg/detail/smc_data__type_support.c\n'}
[32.274300] (snapstack_msgs2) StdoutLine: {'line': b'-- Installing: /home/lorenzo/code/dynus_lite/dynus_lite_ws/install/snapstack_msgs2/include/snapstack_msgs2/snapstack_msgs2/msg/detail/vio_filter_state__type_support.c\n'}
[32.274375] (snapstack_msgs2) StdoutLine: {'line': b'-- Installing: /home/lorenzo/code/dynus_lite/dynus_lite_ws/install/snapstack_msgs2/include/snapstack_msgs2/snapstack_msgs2/msg/detail/imu__rosidl_typesupport_introspection_c.h\n'}
[32.274448] (snapstack_msgs2) StdoutLine: {'line': b'-- Installing: /home/lorenzo/code/dynus_lite/dynus_lite_ws/install/snapstack_msgs2/include/snapstack_msgs2/snapstack_msgs2/msg/detail/state__rosidl_typesupport_introspection_c.h\n'}
[32.274522] (snapstack_msgs2) StdoutLine: {'line': b'-- Installing: /home/lorenzo/code/dynus_lite/dynus_lite_ws/install/snapstack_msgs2/include/snapstack_msgs2/snapstack_msgs2/msg/detail/vio_filter_state__rosidl_typesupport_introspection_c.h\n'}
[32.274596] (snapstack_msgs2) StdoutLine: {'line': b'-- Installing: /home/lorenzo/code/dynus_lite/dynus_lite_ws/install/snapstack_msgs2/include/snapstack_msgs2/snapstack_msgs2/msg/detail/smc_data__rosidl_typesupport_introspection_c.h\n'}
[32.274669] (snapstack_msgs2) StdoutLine: {'line': b'-- Installing: /home/lorenzo/code/dynus_lite/dynus_lite_ws/install/snapstack_msgs2/include/snapstack_msgs2/snapstack_msgs2/msg/detail/goal__rosidl_typesupport_introspection_c.h\n'}
[32.274744] (snapstack_msgs2) StdoutLine: {'line': b'-- Installing: /home/lorenzo/code/dynus_lite/dynus_lite_ws/install/snapstack_msgs2/include/snapstack_msgs2/snapstack_msgs2/msg/detail/quad_flight_mode__rosidl_typesupport_introspection_c.h\n'}
[32.274823] (snapstack_msgs2) StdoutLine: {'line': b'-- Installing: /home/lorenzo/code/dynus_lite/dynus_lite_ws/install/snapstack_msgs2/include/snapstack_msgs2/snapstack_msgs2/msg/detail/time_filter__rosidl_typesupport_introspection_c.h\n'}
[32.274897] (snapstack_msgs2) StdoutLine: {'line': b'-- Installing: /home/lorenzo/code/dynus_lite/dynus_lite_ws/install/snapstack_msgs2/include/snapstack_msgs2/snapstack_msgs2/msg/detail/goal__type_support.c\n'}
[32.274970] (snapstack_msgs2) StdoutLine: {'line': b'-- Installing: /home/lorenzo/code/dynus_lite/dynus_lite_ws/install/snapstack_msgs2/include/snapstack_msgs2/snapstack_msgs2/msg/detail/state__type_support.c\n'}
[32.275042] (snapstack_msgs2) StdoutLine: {'line': b'-- Installing: /home/lorenzo/code/dynus_lite/dynus_lite_ws/install/snapstack_msgs2/include/snapstack_msgs2/snapstack_msgs2/msg/detail/time_filter__type_support.c\n'}
[32.275125] (snapstack_msgs2) StdoutLine: {'line': b'-- Installing: /home/lorenzo/code/dynus_lite/dynus_lite_ws/install/snapstack_msgs2/include/snapstack_msgs2/snapstack_msgs2/msg/detail/attitude_command__type_support.c\n'}
[32.275197] (snapstack_msgs2) StdoutLine: {'line': b'-- Installing: /home/lorenzo/code/dynus_lite/dynus_lite_ws/install/snapstack_msgs2/include/snapstack_msgs2/snapstack_msgs2/msg/detail/motors__type_support.c\n'}
[32.275280] (snapstack_msgs2) StdoutLine: {'line': b'-- Installing: /home/lorenzo/code/dynus_lite/dynus_lite_ws/install/snapstack_msgs2/include/snapstack_msgs2/snapstack_msgs2/msg/detail/motors__rosidl_typesupport_introspection_c.h\n'}
[32.275364] (snapstack_msgs2) StdoutLine: {'line': b'-- Installing: /home/lorenzo/code/dynus_lite/dynus_lite_ws/install/snapstack_msgs2/include/snapstack_msgs2/snapstack_msgs2/msg/rosidl_typesupport_introspection_c__visibility_control.h\n'}
[32.275499] (snapstack_msgs2) StdoutLine: {'line': b'-- Installing: /home/lorenzo/code/dynus_lite/dynus_lite_ws/install/snapstack_msgs2/lib/libsnapstack_msgs2__rosidl_typesupport_introspection_c.so\n'}
[32.275748] (snapstack_msgs2) StdoutLine: {'line': b'-- Set runtime path of "/home/lorenzo/code/dynus_lite/dynus_lite_ws/install/snapstack_msgs2/lib/libsnapstack_msgs2__rosidl_typesupport_introspection_c.so" to ""\n'}
[32.275823] (snapstack_msgs2) StdoutLine: {'line': b'-- Installing: /home/lorenzo/code/dynus_lite/dynus_lite_ws/install/snapstack_msgs2/lib/libsnapstack_msgs2__rosidl_typesupport_c.so\n'}
[32.276026] (snapstack_msgs2) StdoutLine: {'line': b'-- Set runtime path of "/home/lorenzo/code/dynus_lite/dynus_lite_ws/install/snapstack_msgs2/lib/libsnapstack_msgs2__rosidl_typesupport_c.so" to ""\n'}
[32.276113] (snapstack_msgs2) StdoutLine: {'line': b'-- Up-to-date: /home/lorenzo/code/dynus_lite/dynus_lite_ws/install/snapstack_msgs2/include/snapstack_msgs2/snapstack_msgs2\n'}
[32.276195] (snapstack_msgs2) StdoutLine: {'line': b'-- Up-to-date: /home/lorenzo/code/dynus_lite/dynus_lite_ws/install/snapstack_msgs2/include/snapstack_msgs2/snapstack_msgs2/msg\n'}
[32.276273] (snapstack_msgs2) StdoutLine: {'line': b'-- Installing: /home/lorenzo/code/dynus_lite/dynus_lite_ws/install/snapstack_msgs2/include/snapstack_msgs2/snapstack_msgs2/msg/goal.hpp\n'}
[32.276350] (snapstack_msgs2) StdoutLine: {'line': b'-- Installing: /home/lorenzo/code/dynus_lite/dynus_lite_ws/install/snapstack_msgs2/include/snapstack_msgs2/snapstack_msgs2/msg/attitude_command.hpp\n'}
[32.276454] (snapstack_msgs2) StdoutLine: {'line': b'-- Up-to-date: /home/lorenzo/code/dynus_lite/dynus_lite_ws/install/snapstack_msgs2/include/snapstack_msgs2/snapstack_msgs2/msg/detail\n'}
[32.276507] (snapstack_msgs2) StdoutLine: {'line': b'-- Installing: /home/lorenzo/code/dynus_lite/dynus_lite_ws/install/snapstack_msgs2/include/snapstack_msgs2/snapstack_msgs2/msg/detail/comm_age__type_support.hpp\n'}
[32.276560] (snapstack_msgs2) StdoutLine: {'line': b'-- Installing: /home/lorenzo/code/dynus_lite/dynus_lite_ws/install/snapstack_msgs2/include/snapstack_msgs2/snapstack_msgs2/msg/detail/imu__traits.hpp\n'}
[32.276632] (snapstack_msgs2) StdoutLine: {'line': b'-- Installing: /home/lorenzo/code/dynus_lite/dynus_lite_ws/install/snapstack_msgs2/include/snapstack_msgs2/snapstack_msgs2/msg/detail/quad_flight_mode__builder.hpp\n'}
[32.276706] (snapstack_msgs2) StdoutLine: {'line': b'-- Installing: /home/lorenzo/code/dynus_lite/dynus_lite_ws/install/snapstack_msgs2/include/snapstack_msgs2/snapstack_msgs2/msg/detail/comm_age__builder.hpp\n'}
[32.276780] (snapstack_msgs2) StdoutLine: {'line': b'-- Installing: /home/lorenzo/code/dynus_lite/dynus_lite_ws/install/snapstack_msgs2/include/snapstack_msgs2/snapstack_msgs2/msg/detail/goal__type_support.hpp\n'}
[32.276854] (snapstack_msgs2) StdoutLine: {'line': b'-- Installing: /home/lorenzo/code/dynus_lite/dynus_lite_ws/install/snapstack_msgs2/include/snapstack_msgs2/snapstack_msgs2/msg/detail/quad_flight_mode__struct.hpp\n'}
[32.276929] (snapstack_msgs2) StdoutLine: {'line': b'-- Installing: /home/lorenzo/code/dynus_lite/dynus_lite_ws/install/snapstack_msgs2/include/snapstack_msgs2/snapstack_msgs2/msg/detail/goal__traits.hpp\n'}
[32.277003] (snapstack_msgs2) StdoutLine: {'line': b'-- Installing: /home/lorenzo/code/dynus_lite/dynus_lite_ws/install/snapstack_msgs2/include/snapstack_msgs2/snapstack_msgs2/msg/detail/motors__traits.hpp\n'}
[32.277090] (snapstack_msgs2) StdoutLine: {'line': b'-- Installing: /home/lorenzo/code/dynus_lite/dynus_lite_ws/install/snapstack_msgs2/include/snapstack_msgs2/snapstack_msgs2/msg/detail/comm_age__traits.hpp\n'}
[32.277171] (snapstack_msgs2) StdoutLine: {'line': b'-- Installing: /home/lorenzo/code/dynus_lite/dynus_lite_ws/install/snapstack_msgs2/include/snapstack_msgs2/snapstack_msgs2/msg/detail/smc_data__traits.hpp\n'}
[32.277245] (snapstack_msgs2) StdoutLine: {'line': b'-- Installing: /home/lorenzo/code/dynus_lite/dynus_lite_ws/install/snapstack_msgs2/include/snapstack_msgs2/snapstack_msgs2/msg/detail/state__type_support.hpp\n'}
[32.277313] (snapstack_msgs2) StdoutLine: {'line': b'-- Installing: /home/lorenzo/code/dynus_lite/dynus_lite_ws/install/snapstack_msgs2/include/snapstack_msgs2/snapstack_msgs2/msg/detail/attitude_command__type_support.hpp\n'}
[32.277383] (snapstack_msgs2) StdoutLine: {'line': b'-- Installing: /home/lorenzo/code/dynus_lite/dynus_lite_ws/install/snapstack_msgs2/include/snapstack_msgs2/snapstack_msgs2/msg/detail/vio_filter_state__type_support.hpp\n'}
[32.277471] (snapstack_msgs2) StdoutLine: {'line': b'-- Installing: /home/lorenzo/code/dynus_lite/dynus_lite_ws/install/snapstack_msgs2/include/snapstack_msgs2/snapstack_msgs2/msg/detail/motors__builder.hpp\n'}
[32.277542] (snapstack_msgs2) StdoutLine: {'line': b'-- Installing: /home/lorenzo/code/dynus_lite/dynus_lite_ws/install/snapstack_msgs2/include/snapstack_msgs2/snapstack_msgs2/msg/detail/attitude_command__traits.hpp\n'}
[32.277629] (snapstack_msgs2) StdoutLine: {'line': b'-- Installing: /home/lorenzo/code/dynus_lite/dynus_lite_ws/install/snapstack_msgs2/include/snapstack_msgs2/snapstack_msgs2/msg/detail/control_log__traits.hpp\n'}
[32.277731] (snapstack_msgs2) StdoutLine: {'line': b'-- Installing: /home/lorenzo/code/dynus_lite/dynus_lite_ws/install/snapstack_msgs2/include/snapstack_msgs2/snapstack_msgs2/msg/detail/imu__builder.hpp\n'}
[32.277851] (snapstack_msgs2) StdoutLine: {'line': b'-- Installing: /home/lorenzo/code/dynus_lite/dynus_lite_ws/install/snapstack_msgs2/include/snapstack_msgs2/snapstack_msgs2/msg/detail/quad_flight_mode__type_support.hpp\n'}
[32.277937] (snapstack_msgs2) StdoutLine: {'line': b'-- Installing: /home/lorenzo/code/dynus_lite/dynus_lite_ws/install/snapstack_msgs2/include/snapstack_msgs2/snapstack_msgs2/msg/detail/motors__struct.hpp\n'}
[32.278018] (snapstack_msgs2) StdoutLine: {'line': b'-- Installing: /home/lorenzo/code/dynus_lite/dynus_lite_ws/install/snapstack_msgs2/include/snapstack_msgs2/snapstack_msgs2/msg/detail/comm_age__struct.hpp\n'}
[32.278101] (snapstack_msgs2) StdoutLine: {'line': b'-- Installing: /home/lorenzo/code/dynus_lite/dynus_lite_ws/install/snapstack_msgs2/include/snapstack_msgs2/snapstack_msgs2/msg/detail/motors__type_support.hpp\n'}
[32.278188] (snapstack_msgs2) StdoutLine: {'line': b'-- Installing: /home/lorenzo/code/dynus_lite/dynus_lite_ws/install/snapstack_msgs2/include/snapstack_msgs2/snapstack_msgs2/msg/detail/time_filter__builder.hpp\n'}
[32.278262] (snapstack_msgs2) StdoutLine: {'line': b'-- Installing: /home/lorenzo/code/dynus_lite/dynus_lite_ws/install/snapstack_msgs2/include/snapstack_msgs2/snapstack_msgs2/msg/detail/attitude_command__struct.hpp\n'}
[32.278338] (snapstack_msgs2) StdoutLine: {'line': b'-- Installing: /home/lorenzo/code/dynus_lite/dynus_lite_ws/install/snapstack_msgs2/include/snapstack_msgs2/snapstack_msgs2/msg/detail/vio_filter_state__traits.hpp\n'}
[32.278422] (snapstack_msgs2) StdoutLine: {'line': b'-- Installing: /home/lorenzo/code/dynus_lite/dynus_lite_ws/install/snapstack_msgs2/include/snapstack_msgs2/snapstack_msgs2/msg/detail/state__traits.hpp\n'}
[32.278536] (snapstack_msgs2) StdoutLine: {'line': b'-- Installing: /home/lorenzo/code/dynus_lite/dynus_lite_ws/install/snapstack_msgs2/include/snapstack_msgs2/snapstack_msgs2/msg/detail/quad_flight_mode__traits.hpp\n'}
[32.278616] (snapstack_msgs2) StdoutLine: {'line': b'-- Installing: /home/lorenzo/code/dynus_lite/dynus_lite_ws/install/snapstack_msgs2/include/snapstack_msgs2/snapstack_msgs2/msg/detail/imu__struct.hpp\n'}
[32.278688] (snapstack_msgs2) StdoutLine: {'line': b'-- Installing: /home/lorenzo/code/dynus_lite/dynus_lite_ws/install/snapstack_msgs2/include/snapstack_msgs2/snapstack_msgs2/msg/detail/smc_data__struct.hpp\n'}
[32.278772] (snapstack_msgs2) StdoutLine: {'line': b'-- Installing: /home/lorenzo/code/dynus_lite/dynus_lite_ws/install/snapstack_msgs2/include/snapstack_msgs2/snapstack_msgs2/msg/detail/attitude_command__builder.hpp\n'}
[32.278851] (snapstack_msgs2) StdoutLine: {'line': b'-- Installing: /home/lorenzo/code/dynus_lite/dynus_lite_ws/install/snapstack_msgs2/include/snapstack_msgs2/snapstack_msgs2/msg/detail/control_log__struct.hpp\n'}
[32.278937] (snapstack_msgs2) StdoutLine: {'line': b'-- Installing: /home/lorenzo/code/dynus_lite/dynus_lite_ws/install/snapstack_msgs2/include/snapstack_msgs2/snapstack_msgs2/msg/detail/control_log__builder.hpp\n'}
[32.279022] (snapstack_msgs2) StdoutLine: {'line': b'-- Installing: /home/lorenzo/code/dynus_lite/dynus_lite_ws/install/snapstack_msgs2/include/snapstack_msgs2/snapstack_msgs2/msg/detail/state__struct.hpp\n'}
[32.279112] (snapstack_msgs2) StdoutLine: {'line': b'-- Installing: /home/lorenzo/code/dynus_lite/dynus_lite_ws/install/snapstack_msgs2/include/snapstack_msgs2/snapstack_msgs2/msg/detail/time_filter__traits.hpp\n'}
[32.279195] (snapstack_msgs2) StdoutLine: {'line': b'-- Installing: /home/lorenzo/code/dynus_lite/dynus_lite_ws/install/snapstack_msgs2/include/snapstack_msgs2/snapstack_msgs2/msg/detail/time_filter__struct.hpp\n'}
[32.279317] (snapstack_msgs2) StdoutLine: {'line': b'-- Installing: /home/lorenzo/code/dynus_lite/dynus_lite_ws/install/snapstack_msgs2/include/snapstack_msgs2/snapstack_msgs2/msg/detail/control_log__type_support.hpp\n'}
[32.279410] (snapstack_msgs2) StdoutLine: {'line': b'-- Installing: /home/lorenzo/code/dynus_lite/dynus_lite_ws/install/snapstack_msgs2/include/snapstack_msgs2/snapstack_msgs2/msg/detail/goal__struct.hpp\n'}
[32.279494] (snapstack_msgs2) StdoutLine: {'line': b'-- Installing: /home/lorenzo/code/dynus_lite/dynus_lite_ws/install/snapstack_msgs2/include/snapstack_msgs2/snapstack_msgs2/msg/detail/vio_filter_state__builder.hpp\n'}
[32.279581] (snapstack_msgs2) StdoutLine: {'line': b'-- Installing: /home/lorenzo/code/dynus_lite/dynus_lite_ws/install/snapstack_msgs2/include/snapstack_msgs2/snapstack_msgs2/msg/detail/vio_filter_state__struct.hpp\n'}
[32.279664] (snapstack_msgs2) StdoutLine: {'line': b'-- Installing: /home/lorenzo/code/dynus_lite/dynus_lite_ws/install/snapstack_msgs2/include/snapstack_msgs2/snapstack_msgs2/msg/detail/time_filter__type_support.hpp\n'}
[32.279744] (snapstack_msgs2) StdoutLine: {'line': b'-- Installing: /home/lorenzo/code/dynus_lite/dynus_lite_ws/install/snapstack_msgs2/include/snapstack_msgs2/snapstack_msgs2/msg/detail/smc_data__builder.hpp\n'}
[32.279829] (snapstack_msgs2) StdoutLine: {'line': b'-- Installing: /home/lorenzo/code/dynus_lite/dynus_lite_ws/install/snapstack_msgs2/include/snapstack_msgs2/snapstack_msgs2/msg/detail/imu__type_support.hpp\n'}
[32.279909] (snapstack_msgs2) StdoutLine: {'line': b'-- Installing: /home/lorenzo/code/dynus_lite/dynus_lite_ws/install/snapstack_msgs2/include/snapstack_msgs2/snapstack_msgs2/msg/detail/goal__builder.hpp\n'}
[32.279987] (snapstack_msgs2) StdoutLine: {'line': b'-- Installing: /home/lorenzo/code/dynus_lite/dynus_lite_ws/install/snapstack_msgs2/include/snapstack_msgs2/snapstack_msgs2/msg/detail/state__builder.hpp\n'}
[32.280071] (snapstack_msgs2) StdoutLine: {'line': b'-- Installing: /home/lorenzo/code/dynus_lite/dynus_lite_ws/install/snapstack_msgs2/include/snapstack_msgs2/snapstack_msgs2/msg/detail/smc_data__type_support.hpp\n'}
[32.280154] (snapstack_msgs2) StdoutLine: {'line': b'-- Installing: /home/lorenzo/code/dynus_lite/dynus_lite_ws/install/snapstack_msgs2/include/snapstack_msgs2/snapstack_msgs2/msg/quad_flight_mode.hpp\n'}
[32.280227] (snapstack_msgs2) StdoutLine: {'line': b'-- Installing: /home/lorenzo/code/dynus_lite/dynus_lite_ws/install/snapstack_msgs2/include/snapstack_msgs2/snapstack_msgs2/msg/comm_age.hpp\n'}
[32.280301] (snapstack_msgs2) StdoutLine: {'line': b'-- Installing: /home/lorenzo/code/dynus_lite/dynus_lite_ws/install/snapstack_msgs2/include/snapstack_msgs2/snapstack_msgs2/msg/vio_filter_state.hpp\n'}
[32.280389] (snapstack_msgs2) StdoutLine: {'line': b'-- Installing: /home/lorenzo/code/dynus_lite/dynus_lite_ws/install/snapstack_msgs2/include/snapstack_msgs2/snapstack_msgs2/msg/rosidl_generator_cpp__visibility_control.hpp\n'}
[32.280479] (snapstack_msgs2) StdoutLine: {'line': b'-- Installing: /home/lorenzo/code/dynus_lite/dynus_lite_ws/install/snapstack_msgs2/include/snapstack_msgs2/snapstack_msgs2/msg/smc_data.hpp\n'}
[32.280571] (snapstack_msgs2) StdoutLine: {'line': b'-- Installing: /home/lorenzo/code/dynus_lite/dynus_lite_ws/install/snapstack_msgs2/include/snapstack_msgs2/snapstack_msgs2/msg/state.hpp\n'}
[32.280640] (snapstack_msgs2) StdoutLine: {'line': b'-- Installing: /home/lorenzo/code/dynus_lite/dynus_lite_ws/install/snapstack_msgs2/include/snapstack_msgs2/snapstack_msgs2/msg/imu.hpp\n'}
[32.280712] (snapstack_msgs2) StdoutLine: {'line': b'-- Installing: /home/lorenzo/code/dynus_lite/dynus_lite_ws/install/snapstack_msgs2/include/snapstack_msgs2/snapstack_msgs2/msg/motors.hpp\n'}
[32.280786] (snapstack_msgs2) StdoutLine: {'line': b'-- Installing: /home/lorenzo/code/dynus_lite/dynus_lite_ws/install/snapstack_msgs2/include/snapstack_msgs2/snapstack_msgs2/msg/time_filter.hpp\n'}
[32.280866] (snapstack_msgs2) StdoutLine: {'line': b'-- Installing: /home/lorenzo/code/dynus_lite/dynus_lite_ws/install/snapstack_msgs2/include/snapstack_msgs2/snapstack_msgs2/msg/control_log.hpp\n'}
[32.280994] (snapstack_msgs2) StdoutLine: {'line': b'-- Up-to-date: /home/lorenzo/code/dynus_lite/dynus_lite_ws/install/snapstack_msgs2/include/snapstack_msgs2/snapstack_msgs2\n'}
[32.281078] (snapstack_msgs2) StdoutLine: {'line': b'-- Up-to-date: /home/lorenzo/code/dynus_lite/dynus_lite_ws/install/snapstack_msgs2/include/snapstack_msgs2/snapstack_msgs2/msg\n'}
[32.281168] (snapstack_msgs2) StdoutLine: {'line': b'-- Up-to-date: /home/lorenzo/code/dynus_lite/dynus_lite_ws/install/snapstack_msgs2/include/snapstack_msgs2/snapstack_msgs2/msg/detail\n'}
[32.281243] (snapstack_msgs2) StdoutLine: {'line': b'-- Installing: /home/lorenzo/code/dynus_lite/dynus_lite_ws/install/snapstack_msgs2/include/snapstack_msgs2/snapstack_msgs2/msg/detail/comm_age__rosidl_typesupport_fastrtps_cpp.hpp\n'}
[32.281310] (snapstack_msgs2) StdoutLine: {'line': b'-- Installing: /home/lorenzo/code/dynus_lite/dynus_lite_ws/install/snapstack_msgs2/include/snapstack_msgs2/snapstack_msgs2/msg/detail/quad_flight_mode__rosidl_typesupport_fastrtps_cpp.hpp\n'}
[32.281376] (snapstack_msgs2) StdoutLine: {'line': b'-- Installing: /home/lorenzo/code/dynus_lite/dynus_lite_ws/install/snapstack_msgs2/include/snapstack_msgs2/snapstack_msgs2/msg/detail/state__rosidl_typesupport_fastrtps_cpp.hpp\n'}
[32.281448] (snapstack_msgs2) StdoutLine: {'line': b'-- Installing: /home/lorenzo/code/dynus_lite/dynus_lite_ws/install/snapstack_msgs2/include/snapstack_msgs2/snapstack_msgs2/msg/detail/vio_filter_state__rosidl_typesupport_fastrtps_cpp.hpp\n'}
[32.281520] (snapstack_msgs2) StdoutLine: {'line': b'-- Installing: /home/lorenzo/code/dynus_lite/dynus_lite_ws/install/snapstack_msgs2/include/snapstack_msgs2/snapstack_msgs2/msg/detail/goal__rosidl_typesupport_fastrtps_cpp.hpp\n'}
[32.281594] (snapstack_msgs2) StdoutLine: {'line': b'-- Installing: /home/lorenzo/code/dynus_lite/dynus_lite_ws/install/snapstack_msgs2/include/snapstack_msgs2/snapstack_msgs2/msg/detail/dds_fastrtps\n'}
[32.281669] (snapstack_msgs2) StdoutLine: {'line': b'-- Installing: /home/lorenzo/code/dynus_lite/dynus_lite_ws/install/snapstack_msgs2/include/snapstack_msgs2/snapstack_msgs2/msg/detail/imu__rosidl_typesupport_fastrtps_cpp.hpp\n'}
[32.281742] (snapstack_msgs2) StdoutLine: {'line': b'-- Installing: /home/lorenzo/code/dynus_lite/dynus_lite_ws/install/snapstack_msgs2/include/snapstack_msgs2/snapstack_msgs2/msg/detail/smc_data__rosidl_typesupport_fastrtps_cpp.hpp\n'}
[32.281815] (snapstack_msgs2) StdoutLine: {'line': b'-- Installing: /home/lorenzo/code/dynus_lite/dynus_lite_ws/install/snapstack_msgs2/include/snapstack_msgs2/snapstack_msgs2/msg/detail/time_filter__rosidl_typesupport_fastrtps_cpp.hpp\n'}
[32.281888] (snapstack_msgs2) StdoutLine: {'line': b'-- Installing: /home/lorenzo/code/dynus_lite/dynus_lite_ws/install/snapstack_msgs2/include/snapstack_msgs2/snapstack_msgs2/msg/detail/control_log__rosidl_typesupport_fastrtps_cpp.hpp\n'}
[32.281962] (snapstack_msgs2) StdoutLine: {'line': b'-- Installing: /home/lorenzo/code/dynus_lite/dynus_lite_ws/install/snapstack_msgs2/include/snapstack_msgs2/snapstack_msgs2/msg/detail/motors__rosidl_typesupport_fastrtps_cpp.hpp\n'}
[32.282034] (snapstack_msgs2) StdoutLine: {'line': b'-- Installing: /home/lorenzo/code/dynus_lite/dynus_lite_ws/install/snapstack_msgs2/include/snapstack_msgs2/snapstack_msgs2/msg/detail/attitude_command__rosidl_typesupport_fastrtps_cpp.hpp\n'}
[32.282108] (snapstack_msgs2) StdoutLine: {'line': b'-- Installing: /home/lorenzo/code/dynus_lite/dynus_lite_ws/install/snapstack_msgs2/include/snapstack_msgs2/snapstack_msgs2/msg/rosidl_typesupport_fastrtps_cpp__visibility_control.h\n'}
[32.282221] (snapstack_msgs2) StdoutLine: {'line': b'-- Installing: /home/lorenzo/code/dynus_lite/dynus_lite_ws/install/snapstack_msgs2/lib/libsnapstack_msgs2__rosidl_typesupport_fastrtps_cpp.so\n'}
[32.282528] (snapstack_msgs2) StdoutLine: {'line': b'-- Set runtime path of "/home/lorenzo/code/dynus_lite/dynus_lite_ws/install/snapstack_msgs2/lib/libsnapstack_msgs2__rosidl_typesupport_fastrtps_cpp.so" to ""\n'}
[32.282603] (snapstack_msgs2) StdoutLine: {'line': b'-- Up-to-date: /home/lorenzo/code/dynus_lite/dynus_lite_ws/install/snapstack_msgs2/include/snapstack_msgs2/snapstack_msgs2\n'}
[32.282684] (snapstack_msgs2) StdoutLine: {'line': b'-- Up-to-date: /home/lorenzo/code/dynus_lite/dynus_lite_ws/install/snapstack_msgs2/include/snapstack_msgs2/snapstack_msgs2/msg\n'}
[32.282738] (snapstack_msgs2) StdoutLine: {'line': b'-- Up-to-date: /home/lorenzo/code/dynus_lite/dynus_lite_ws/install/snapstack_msgs2/include/snapstack_msgs2/snapstack_msgs2/msg/detail\n'}
[32.282812] (snapstack_msgs2) StdoutLine: {'line': b'-- Installing: /home/lorenzo/code/dynus_lite/dynus_lite_ws/install/snapstack_msgs2/include/snapstack_msgs2/snapstack_msgs2/msg/detail/time_filter__rosidl_typesupport_introspection_cpp.hpp\n'}
[32.282901] (snapstack_msgs2) StdoutLine: {'line': b'-- Installing: /home/lorenzo/code/dynus_lite/dynus_lite_ws/install/snapstack_msgs2/include/snapstack_msgs2/snapstack_msgs2/msg/detail/motors__rosidl_typesupport_introspection_cpp.hpp\n'}
[32.282952] (snapstack_msgs2) StdoutLine: {'line': b'-- Installing: /home/lorenzo/code/dynus_lite/dynus_lite_ws/install/snapstack_msgs2/include/snapstack_msgs2/snapstack_msgs2/msg/detail/state__rosidl_typesupport_introspection_cpp.hpp\n'}
[32.283008] (snapstack_msgs2) StdoutLine: {'line': b'-- Installing: /home/lorenzo/code/dynus_lite/dynus_lite_ws/install/snapstack_msgs2/include/snapstack_msgs2/snapstack_msgs2/msg/detail/goal__type_support.cpp\n'}
[32.283089] (snapstack_msgs2) StdoutLine: {'line': b'-- Installing: /home/lorenzo/code/dynus_lite/dynus_lite_ws/install/snapstack_msgs2/include/snapstack_msgs2/snapstack_msgs2/msg/detail/control_log__type_support.cpp\n'}
[32.283177] (snapstack_msgs2) StdoutLine: {'line': b'-- Installing: /home/lorenzo/code/dynus_lite/dynus_lite_ws/install/snapstack_msgs2/include/snapstack_msgs2/snapstack_msgs2/msg/detail/state__type_support.cpp\n'}
[32.283228] (snapstack_msgs2) StdoutLine: {'line': b'-- Installing: /home/lorenzo/code/dynus_lite/dynus_lite_ws/install/snapstack_msgs2/include/snapstack_msgs2/snapstack_msgs2/msg/detail/control_log__rosidl_typesupport_introspection_cpp.hpp\n'}
[32.283294] (snapstack_msgs2) StdoutLine: {'line': b'-- Installing: /home/lorenzo/code/dynus_lite/dynus_lite_ws/install/snapstack_msgs2/include/snapstack_msgs2/snapstack_msgs2/msg/detail/vio_filter_state__type_support.cpp\n'}
[32.283359] (snapstack_msgs2) StdoutLine: {'line': b'-- Installing: /home/lorenzo/code/dynus_lite/dynus_lite_ws/install/snapstack_msgs2/include/snapstack_msgs2/snapstack_msgs2/msg/detail/goal__rosidl_typesupport_introspection_cpp.hpp\n'}
[32.283444] (snapstack_msgs2) StdoutLine: {'line': b'-- Installing: /home/lorenzo/code/dynus_lite/dynus_lite_ws/install/snapstack_msgs2/include/snapstack_msgs2/snapstack_msgs2/msg/detail/smc_data__type_support.cpp\n'}
[32.283529] (snapstack_msgs2) StdoutLine: {'line': b'-- Installing: /home/lorenzo/code/dynus_lite/dynus_lite_ws/install/snapstack_msgs2/include/snapstack_msgs2/snapstack_msgs2/msg/detail/quad_flight_mode__type_support.cpp\n'}
[32.283600] (snapstack_msgs2) StdoutLine: {'line': b'-- Installing: /home/lorenzo/code/dynus_lite/dynus_lite_ws/install/snapstack_msgs2/include/snapstack_msgs2/snapstack_msgs2/msg/detail/attitude_command__rosidl_typesupport_introspection_cpp.hpp\n'}
[32.283683] (snapstack_msgs2) StdoutLine: {'line': b'-- Installing: /home/lorenzo/code/dynus_lite/dynus_lite_ws/install/snapstack_msgs2/include/snapstack_msgs2/snapstack_msgs2/msg/detail/vio_filter_state__rosidl_typesupport_introspection_cpp.hpp\n'}
[32.283770] (snapstack_msgs2) StdoutLine: {'line': b'-- Installing: /home/lorenzo/code/dynus_lite/dynus_lite_ws/install/snapstack_msgs2/include/snapstack_msgs2/snapstack_msgs2/msg/detail/imu__rosidl_typesupport_introspection_cpp.hpp\n'}
[32.283850] (snapstack_msgs2) StdoutLine: {'line': b'-- Installing: /home/lorenzo/code/dynus_lite/dynus_lite_ws/install/snapstack_msgs2/include/snapstack_msgs2/snapstack_msgs2/msg/detail/time_filter__type_support.cpp\n'}
[32.283935] (snapstack_msgs2) StdoutLine: {'line': b'-- Installing: /home/lorenzo/code/dynus_lite/dynus_lite_ws/install/snapstack_msgs2/include/snapstack_msgs2/snapstack_msgs2/msg/detail/comm_age__rosidl_typesupport_introspection_cpp.hpp\n'}
[32.284020] (snapstack_msgs2) StdoutLine: {'line': b'-- Installing: /home/lorenzo/code/dynus_lite/dynus_lite_ws/install/snapstack_msgs2/include/snapstack_msgs2/snapstack_msgs2/msg/detail/smc_data__rosidl_typesupport_introspection_cpp.hpp\n'}
[32.284109] (snapstack_msgs2) StdoutLine: {'line': b'-- Installing: /home/lorenzo/code/dynus_lite/dynus_lite_ws/install/snapstack_msgs2/include/snapstack_msgs2/snapstack_msgs2/msg/detail/quad_flight_mode__rosidl_typesupport_introspection_cpp.hpp\n'}
[32.284192] (snapstack_msgs2) StdoutLine: {'line': b'-- Installing: /home/lorenzo/code/dynus_lite/dynus_lite_ws/install/snapstack_msgs2/include/snapstack_msgs2/snapstack_msgs2/msg/detail/imu__type_support.cpp\n'}
[32.284275] (snapstack_msgs2) StdoutLine: {'line': b'-- Installing: /home/lorenzo/code/dynus_lite/dynus_lite_ws/install/snapstack_msgs2/include/snapstack_msgs2/snapstack_msgs2/msg/detail/attitude_command__type_support.cpp\n'}
[32.284371] (snapstack_msgs2) StdoutLine: {'line': b'-- Installing: /home/lorenzo/code/dynus_lite/dynus_lite_ws/install/snapstack_msgs2/include/snapstack_msgs2/snapstack_msgs2/msg/detail/comm_age__type_support.cpp\n'}
[32.284457] (snapstack_msgs2) StdoutLine: {'line': b'-- Installing: /home/lorenzo/code/dynus_lite/dynus_lite_ws/install/snapstack_msgs2/include/snapstack_msgs2/snapstack_msgs2/msg/detail/motors__type_support.cpp\n'}
[32.284586] (snapstack_msgs2) StdoutLine: {'line': b'-- Installing: /home/lorenzo/code/dynus_lite/dynus_lite_ws/install/snapstack_msgs2/lib/libsnapstack_msgs2__rosidl_typesupport_introspection_cpp.so\n'}
[32.284872] (snapstack_msgs2) StdoutLine: {'line': b'-- Set runtime path of "/home/lorenzo/code/dynus_lite/dynus_lite_ws/install/snapstack_msgs2/lib/libsnapstack_msgs2__rosidl_typesupport_introspection_cpp.so" to ""\n'}
[32.284948] (snapstack_msgs2) StdoutLine: {'line': b'-- Installing: /home/lorenzo/code/dynus_lite/dynus_lite_ws/install/snapstack_msgs2/lib/libsnapstack_msgs2__rosidl_typesupport_cpp.so\n'}
[32.285149] (snapstack_msgs2) StdoutLine: {'line': b'-- Set runtime path of "/home/lorenzo/code/dynus_lite/dynus_lite_ws/install/snapstack_msgs2/lib/libsnapstack_msgs2__rosidl_typesupport_cpp.so" to ""\n'}
[32.285234] (snapstack_msgs2) StdoutLine: {'line': b'-- Installing: /home/lorenzo/code/dynus_lite/dynus_lite_ws/install/snapstack_msgs2/share/snapstack_msgs2/environment/pythonpath.sh\n'}
[32.285301] (snapstack_msgs2) StdoutLine: {'line': b'-- Installing: /home/lorenzo/code/dynus_lite/dynus_lite_ws/install/snapstack_msgs2/share/snapstack_msgs2/environment/pythonpath.dsv\n'}
[32.285411] (snapstack_msgs2) StdoutLine: {'line': b'-- Installing: /home/lorenzo/code/dynus_lite/dynus_lite_ws/install/snapstack_msgs2/local/lib/python3.10/dist-packages/snapstack_msgs2-5.4.1-py3.10.egg-info\n'}
[32.285518] (snapstack_msgs2) StdoutLine: {'line': b'-- Installing: /home/lorenzo/code/dynus_lite/dynus_lite_ws/install/snapstack_msgs2/local/lib/python3.10/dist-packages/snapstack_msgs2-5.4.1-py3.10.egg-info/top_level.txt\n'}
[32.285598] (snapstack_msgs2) StdoutLine: {'line': b'-- Installing: /home/lorenzo/code/dynus_lite/dynus_lite_ws/install/snapstack_msgs2/local/lib/python3.10/dist-packages/snapstack_msgs2-5.4.1-py3.10.egg-info/SOURCES.txt\n'}
[32.285667] (snapstack_msgs2) StdoutLine: {'line': b'-- Installing: /home/lorenzo/code/dynus_lite/dynus_lite_ws/install/snapstack_msgs2/local/lib/python3.10/dist-packages/snapstack_msgs2-5.4.1-py3.10.egg-info/dependency_links.txt\n'}
[32.285741] (snapstack_msgs2) StdoutLine: {'line': b'-- Installing: /home/lorenzo/code/dynus_lite/dynus_lite_ws/install/snapstack_msgs2/local/lib/python3.10/dist-packages/snapstack_msgs2-5.4.1-py3.10.egg-info/PKG-INFO\n'}
[32.285843] (snapstack_msgs2) StdoutLine: {'line': b'-- Installing: /home/lorenzo/code/dynus_lite/dynus_lite_ws/install/snapstack_msgs2/local/lib/python3.10/dist-packages/snapstack_msgs2\n'}
[32.285915] (snapstack_msgs2) StdoutLine: {'line': b'-- Installing: /home/lorenzo/code/dynus_lite/dynus_lite_ws/install/snapstack_msgs2/local/lib/python3.10/dist-packages/snapstack_msgs2/snapstack_msgs2_s__rosidl_typesupport_c.cpython-310-x86_64-linux-gnu.so\n'}
[32.286007] (snapstack_msgs2) StdoutLine: {'line': b'-- Installing: /home/lorenzo/code/dynus_lite/dynus_lite_ws/install/snapstack_msgs2/local/lib/python3.10/dist-packages/snapstack_msgs2/_snapstack_msgs2_s.ep.rosidl_typesupport_c.c\n'}
[32.286121] (snapstack_msgs2) StdoutLine: {'line': b'-- Installing: /home/lorenzo/code/dynus_lite/dynus_lite_ws/install/snapstack_msgs2/local/lib/python3.10/dist-packages/snapstack_msgs2/__init__.py\n'}
[32.286199] (snapstack_msgs2) StdoutLine: {'line': b'-- Installing: /home/lorenzo/code/dynus_lite/dynus_lite_ws/install/snapstack_msgs2/local/lib/python3.10/dist-packages/snapstack_msgs2/libsnapstack_msgs2__rosidl_generator_py.so\n'}
[32.286308] (snapstack_msgs2) StdoutLine: {'line': b'-- Installing: /home/lorenzo/code/dynus_lite/dynus_lite_ws/install/snapstack_msgs2/local/lib/python3.10/dist-packages/snapstack_msgs2/_snapstack_msgs2_s.ep.rosidl_typesupport_introspection_c.c\n'}
[32.286411] (snapstack_msgs2) StdoutLine: {'line': b'-- Installing: /home/lorenzo/code/dynus_lite/dynus_lite_ws/install/snapstack_msgs2/local/lib/python3.10/dist-packages/snapstack_msgs2/snapstack_msgs2_s__rosidl_typesupport_fastrtps_c.cpython-310-x86_64-linux-gnu.so\n'}
[32.286507] (snapstack_msgs2) StdoutLine: {'line': b'-- Installing: /home/lorenzo/code/dynus_lite/dynus_lite_ws/install/snapstack_msgs2/local/lib/python3.10/dist-packages/snapstack_msgs2/_snapstack_msgs2_s.ep.rosidl_typesupport_fastrtps_c.c\n'}
[32.286608] (snapstack_msgs2) StdoutLine: {'line': b'-- Installing: /home/lorenzo/code/dynus_lite/dynus_lite_ws/install/snapstack_msgs2/local/lib/python3.10/dist-packages/snapstack_msgs2/snapstack_msgs2_s__rosidl_typesupport_introspection_c.cpython-310-x86_64-linux-gnu.so\n'}
[32.286702] (snapstack_msgs2) StdoutLine: {'line': b'-- Installing: /home/lorenzo/code/dynus_lite/dynus_lite_ws/install/snapstack_msgs2/local/lib/python3.10/dist-packages/snapstack_msgs2/msg\n'}
[32.286773] (snapstack_msgs2) StdoutLine: {'line': b'-- Installing: /home/lorenzo/code/dynus_lite/dynus_lite_ws/install/snapstack_msgs2/local/lib/python3.10/dist-packages/snapstack_msgs2/msg/_motors_s.c\n'}
[32.286852] (snapstack_msgs2) StdoutLine: {'line': b'-- Installing: /home/lorenzo/code/dynus_lite/dynus_lite_ws/install/snapstack_msgs2/local/lib/python3.10/dist-packages/snapstack_msgs2/msg/__init__.py\n'}
[32.286926] (snapstack_msgs2) StdoutLine: {'line': b'-- Installing: /home/lorenzo/code/dynus_lite/dynus_lite_ws/install/snapstack_msgs2/local/lib/python3.10/dist-packages/snapstack_msgs2/msg/_comm_age_s.c\n'}
[32.286999] (snapstack_msgs2) StdoutLine: {'line': b'-- Installing: /home/lorenzo/code/dynus_lite/dynus_lite_ws/install/snapstack_msgs2/local/lib/python3.10/dist-packages/snapstack_msgs2/msg/_quad_flight_mode.py\n'}
[32.287083] (snapstack_msgs2) StdoutLine: {'line': b'-- Installing: /home/lorenzo/code/dynus_lite/dynus_lite_ws/install/snapstack_msgs2/local/lib/python3.10/dist-packages/snapstack_msgs2/msg/_imu.py\n'}
[32.287159] (snapstack_msgs2) StdoutLine: {'line': b'-- Installing: /home/lorenzo/code/dynus_lite/dynus_lite_ws/install/snapstack_msgs2/local/lib/python3.10/dist-packages/snapstack_msgs2/msg/_state_s.c\n'}
[32.287237] (snapstack_msgs2) StdoutLine: {'line': b'-- Installing: /home/lorenzo/code/dynus_lite/dynus_lite_ws/install/snapstack_msgs2/local/lib/python3.10/dist-packages/snapstack_msgs2/msg/_time_filter_s.c\n'}
[32.287312] (snapstack_msgs2) StdoutLine: {'line': b'-- Installing: /home/lorenzo/code/dynus_lite/dynus_lite_ws/install/snapstack_msgs2/local/lib/python3.10/dist-packages/snapstack_msgs2/msg/_quad_flight_mode_s.c\n'}
[32.287392] (snapstack_msgs2) StdoutLine: {'line': b'-- Installing: /home/lorenzo/code/dynus_lite/dynus_lite_ws/install/snapstack_msgs2/local/lib/python3.10/dist-packages/snapstack_msgs2/msg/_smc_data_s.c\n'}
[32.287470] (snapstack_msgs2) StdoutLine: {'line': b'-- Installing: /home/lorenzo/code/dynus_lite/dynus_lite_ws/install/snapstack_msgs2/local/lib/python3.10/dist-packages/snapstack_msgs2/msg/_attitude_command_s.c\n'}
[32.287546] (snapstack_msgs2) StdoutLine: {'line': b'-- Installing: /home/lorenzo/code/dynus_lite/dynus_lite_ws/install/snapstack_msgs2/local/lib/python3.10/dist-packages/snapstack_msgs2/msg/_goal.py\n'}
[32.287634] (snapstack_msgs2) StdoutLine: {'line': b'-- Installing: /home/lorenzo/code/dynus_lite/dynus_lite_ws/install/snapstack_msgs2/local/lib/python3.10/dist-packages/snapstack_msgs2/msg/_attitude_command.py\n'}
[32.287704] (snapstack_msgs2) StdoutLine: {'line': b'-- Installing: /home/lorenzo/code/dynus_lite/dynus_lite_ws/install/snapstack_msgs2/local/lib/python3.10/dist-packages/snapstack_msgs2/msg/_state.py\n'}
[32.287781] (snapstack_msgs2) StdoutLine: {'line': b'-- Installing: /home/lorenzo/code/dynus_lite/dynus_lite_ws/install/snapstack_msgs2/local/lib/python3.10/dist-packages/snapstack_msgs2/msg/_control_log_s.c\n'}
[32.287865] (snapstack_msgs2) StdoutLine: {'line': b'-- Installing: /home/lorenzo/code/dynus_lite/dynus_lite_ws/install/snapstack_msgs2/local/lib/python3.10/dist-packages/snapstack_msgs2/msg/_smc_data.py\n'}
[32.287945] (snapstack_msgs2) StdoutLine: {'line': b'-- Installing: /home/lorenzo/code/dynus_lite/dynus_lite_ws/install/snapstack_msgs2/local/lib/python3.10/dist-packages/snapstack_msgs2/msg/_time_filter.py\n'}
[32.288022] (snapstack_msgs2) StdoutLine: {'line': b'-- Installing: /home/lorenzo/code/dynus_lite/dynus_lite_ws/install/snapstack_msgs2/local/lib/python3.10/dist-packages/snapstack_msgs2/msg/_motors.py\n'}
[32.288108] (snapstack_msgs2) StdoutLine: {'line': b'-- Installing: /home/lorenzo/code/dynus_lite/dynus_lite_ws/install/snapstack_msgs2/local/lib/python3.10/dist-packages/snapstack_msgs2/msg/_vio_filter_state.py\n'}
[32.288186] (snapstack_msgs2) StdoutLine: {'line': b'-- Installing: /home/lorenzo/code/dynus_lite/dynus_lite_ws/install/snapstack_msgs2/local/lib/python3.10/dist-packages/snapstack_msgs2/msg/_imu_s.c\n'}
[32.288261] (snapstack_msgs2) StdoutLine: {'line': b'-- Installing: /home/lorenzo/code/dynus_lite/dynus_lite_ws/install/snapstack_msgs2/local/lib/python3.10/dist-packages/snapstack_msgs2/msg/_vio_filter_state_s.c\n'}
[32.288348] (snapstack_msgs2) StdoutLine: {'line': b'-- Installing: /home/lorenzo/code/dynus_lite/dynus_lite_ws/install/snapstack_msgs2/local/lib/python3.10/dist-packages/snapstack_msgs2/msg/_comm_age.py\n'}
[32.288435] (snapstack_msgs2) StdoutLine: {'line': b'-- Installing: /home/lorenzo/code/dynus_lite/dynus_lite_ws/install/snapstack_msgs2/local/lib/python3.10/dist-packages/snapstack_msgs2/msg/_goal_s.c\n'}
[32.288516] (snapstack_msgs2) StdoutLine: {'line': b'-- Installing: /home/lorenzo/code/dynus_lite/dynus_lite_ws/install/snapstack_msgs2/local/lib/python3.10/dist-packages/snapstack_msgs2/msg/_control_log.py\n'}
[32.334822] (snapstack_msgs2) StdoutLine: {'line': b"Listing '/home/lorenzo/code/dynus_lite/dynus_lite_ws/install/snapstack_msgs2/local/lib/python3.10/dist-packages/snapstack_msgs2'...\n"}
[32.334970] (snapstack_msgs2) StdoutLine: {'line': b"Compiling '/home/lorenzo/code/dynus_lite/dynus_lite_ws/install/snapstack_msgs2/local/lib/python3.10/dist-packages/snapstack_msgs2/__init__.py'...\n"}
[32.335031] (snapstack_msgs2) StdoutLine: {'line': b"Listing '/home/lorenzo/code/dynus_lite/dynus_lite_ws/install/snapstack_msgs2/local/lib/python3.10/dist-packages/snapstack_msgs2/msg'...\n"}
[32.335092] (snapstack_msgs2) StdoutLine: {'line': b"Compiling '/home/lorenzo/code/dynus_lite/dynus_lite_ws/install/snapstack_msgs2/local/lib/python3.10/dist-packages/snapstack_msgs2/msg/__init__.py'...\n"}
[32.335147] (snapstack_msgs2) StdoutLine: {'line': b"Compiling '/home/lorenzo/code/dynus_lite/dynus_lite_ws/install/snapstack_msgs2/local/lib/python3.10/dist-packages/snapstack_msgs2/msg/_attitude_command.py'...\n"}
[32.335197] (snapstack_msgs2) StdoutLine: {'line': b"Compiling '/home/lorenzo/code/dynus_lite/dynus_lite_ws/install/snapstack_msgs2/local/lib/python3.10/dist-packages/snapstack_msgs2/msg/_comm_age.py'...\n"}
[32.335246] (snapstack_msgs2) StdoutLine: {'line': b"Compiling '/home/lorenzo/code/dynus_lite/dynus_lite_ws/install/snapstack_msgs2/local/lib/python3.10/dist-packages/snapstack_msgs2/msg/_control_log.py'...\n"}
[32.335295] (snapstack_msgs2) StdoutLine: {'line': b"Compiling '/home/lorenzo/code/dynus_lite/dynus_lite_ws/install/snapstack_msgs2/local/lib/python3.10/dist-packages/snapstack_msgs2/msg/_goal.py'...\n"}
[32.335343] (snapstack_msgs2) StdoutLine: {'line': b"Compiling '/home/lorenzo/code/dynus_lite/dynus_lite_ws/install/snapstack_msgs2/local/lib/python3.10/dist-packages/snapstack_msgs2/msg/_imu.py'...\n"}
[32.335390] (snapstack_msgs2) StdoutLine: {'line': b"Compiling '/home/lorenzo/code/dynus_lite/dynus_lite_ws/install/snapstack_msgs2/local/lib/python3.10/dist-packages/snapstack_msgs2/msg/_motors.py'...\n"}
[32.335451] (snapstack_msgs2) StdoutLine: {'line': b"Compiling '/home/lorenzo/code/dynus_lite/dynus_lite_ws/install/snapstack_msgs2/local/lib/python3.10/dist-packages/snapstack_msgs2/msg/_quad_flight_mode.py'...\n"}
[32.335506] (snapstack_msgs2) StdoutLine: {'line': b"Compiling '/home/lorenzo/code/dynus_lite/dynus_lite_ws/install/snapstack_msgs2/local/lib/python3.10/dist-packages/snapstack_msgs2/msg/_smc_data.py'...\n"}
[32.335557] (snapstack_msgs2) StdoutLine: {'line': b"Compiling '/home/lorenzo/code/dynus_lite/dynus_lite_ws/install/snapstack_msgs2/local/lib/python3.10/dist-packages/snapstack_msgs2/msg/_state.py'...\n"}
[32.335604] (snapstack_msgs2) StdoutLine: {'line': b"Compiling '/home/lorenzo/code/dynus_lite/dynus_lite_ws/install/snapstack_msgs2/local/lib/python3.10/dist-packages/snapstack_msgs2/msg/_time_filter.py'...\n"}
[32.335651] (snapstack_msgs2) StdoutLine: {'line': b"Compiling '/home/lorenzo/code/dynus_lite/dynus_lite_ws/install/snapstack_msgs2/local/lib/python3.10/dist-packages/snapstack_msgs2/msg/_vio_filter_state.py'...\n"}
[32.339490] (snapstack_msgs2) StdoutLine: {'line': b'-- Installing: /home/lorenzo/code/dynus_lite/dynus_lite_ws/install/snapstack_msgs2/local/lib/python3.10/dist-packages/snapstack_msgs2/snapstack_msgs2_s__rosidl_typesupport_fastrtps_c.cpython-310-x86_64-linux-gnu.so\n'}
[32.339739] (snapstack_msgs2) StdoutLine: {'line': b'-- Set runtime path of "/home/lorenzo/code/dynus_lite/dynus_lite_ws/install/snapstack_msgs2/local/lib/python3.10/dist-packages/snapstack_msgs2/snapstack_msgs2_s__rosidl_typesupport_fastrtps_c.cpython-310-x86_64-linux-gnu.so" to ""\n'}
[32.339890] (snapstack_msgs2) StdoutLine: {'line': b'-- Installing: /home/lorenzo/code/dynus_lite/dynus_lite_ws/install/snapstack_msgs2/local/lib/python3.10/dist-packages/snapstack_msgs2/snapstack_msgs2_s__rosidl_typesupport_introspection_c.cpython-310-x86_64-linux-gnu.so\n'}
[32.340053] (snapstack_msgs2) StdoutLine: {'line': b'-- Set runtime path of "/home/lorenzo/code/dynus_lite/dynus_lite_ws/install/snapstack_msgs2/local/lib/python3.10/dist-packages/snapstack_msgs2/snapstack_msgs2_s__rosidl_typesupport_introspection_c.cpython-310-x86_64-linux-gnu.so" to ""\n'}
[32.340257] (snapstack_msgs2) StdoutLine: {'line': b'-- Installing: /home/lorenzo/code/dynus_lite/dynus_lite_ws/install/snapstack_msgs2/local/lib/python3.10/dist-packages/snapstack_msgs2/snapstack_msgs2_s__rosidl_typesupport_c.cpython-310-x86_64-linux-gnu.so\n'}
[32.340499] (snapstack_msgs2) StdoutLine: {'line': b'-- Set runtime path of "/home/lorenzo/code/dynus_lite/dynus_lite_ws/install/snapstack_msgs2/local/lib/python3.10/dist-packages/snapstack_msgs2/snapstack_msgs2_s__rosidl_typesupport_c.cpython-310-x86_64-linux-gnu.so" to ""\n'}
[32.340607] (snapstack_msgs2) StdoutLine: {'line': b'-- Installing: /home/lorenzo/code/dynus_lite/dynus_lite_ws/install/snapstack_msgs2/lib/libsnapstack_msgs2__rosidl_generator_py.so\n'}
[32.340745] (snapstack_msgs2) StdoutLine: {'line': b'-- Set runtime path of "/home/lorenzo/code/dynus_lite/dynus_lite_ws/install/snapstack_msgs2/lib/libsnapstack_msgs2__rosidl_generator_py.so" to ""\n'}
[32.340823] (snapstack_msgs2) StdoutLine: {'line': b'-- Installing: /home/lorenzo/code/dynus_lite/dynus_lite_ws/install/snapstack_msgs2/share/snapstack_msgs2/msg/ControlLog.idl\n'}
[32.340928] (snapstack_msgs2) StdoutLine: {'line': b'-- Installing: /home/lorenzo/code/dynus_lite/dynus_lite_ws/install/snapstack_msgs2/share/snapstack_msgs2/msg/AttitudeCommand.idl\n'}
[32.341037] (snapstack_msgs2) StdoutLine: {'line': b'-- Installing: /home/lorenzo/code/dynus_lite/dynus_lite_ws/install/snapstack_msgs2/share/snapstack_msgs2/msg/Goal.idl\n'}
[32.341147] (snapstack_msgs2) StdoutLine: {'line': b'-- Installing: /home/lorenzo/code/dynus_lite/dynus_lite_ws/install/snapstack_msgs2/share/snapstack_msgs2/msg/QuadFlightMode.idl\n'}
[32.341251] (snapstack_msgs2) StdoutLine: {'line': b'-- Installing: /home/lorenzo/code/dynus_lite/dynus_lite_ws/install/snapstack_msgs2/share/snapstack_msgs2/msg/State.idl\n'}
[32.341353] (snapstack_msgs2) StdoutLine: {'line': b'-- Installing: /home/lorenzo/code/dynus_lite/dynus_lite_ws/install/snapstack_msgs2/share/snapstack_msgs2/msg/CommAge.idl\n'}
[32.341453] (snapstack_msgs2) StdoutLine: {'line': b'-- Installing: /home/lorenzo/code/dynus_lite/dynus_lite_ws/install/snapstack_msgs2/share/snapstack_msgs2/msg/IMU.idl\n'}
[32.341569] (snapstack_msgs2) StdoutLine: {'line': b'-- Installing: /home/lorenzo/code/dynus_lite/dynus_lite_ws/install/snapstack_msgs2/share/snapstack_msgs2/msg/SMCData.idl\n'}
[32.341675] (snapstack_msgs2) StdoutLine: {'line': b'-- Installing: /home/lorenzo/code/dynus_lite/dynus_lite_ws/install/snapstack_msgs2/share/snapstack_msgs2/msg/Motors.idl\n'}
[32.341777] (snapstack_msgs2) StdoutLine: {'line': b'-- Installing: /home/lorenzo/code/dynus_lite/dynus_lite_ws/install/snapstack_msgs2/share/snapstack_msgs2/msg/VioFilterState.idl\n'}
[32.341882] (snapstack_msgs2) StdoutLine: {'line': b'-- Installing: /home/lorenzo/code/dynus_lite/dynus_lite_ws/install/snapstack_msgs2/share/snapstack_msgs2/msg/TimeFilter.idl\n'}
[32.341984] (snapstack_msgs2) StdoutLine: {'line': b'-- Installing: /home/lorenzo/code/dynus_lite/dynus_lite_ws/install/snapstack_msgs2/share/snapstack_msgs2/msg/ControlLog.msg\n'}
[32.342099] (snapstack_msgs2) StdoutLine: {'line': b'-- Installing: /home/lorenzo/code/dynus_lite/dynus_lite_ws/install/snapstack_msgs2/share/snapstack_msgs2/msg/AttitudeCommand.msg\n'}
[32.342201] (snapstack_msgs2) StdoutLine: {'line': b'-- Installing: /home/lorenzo/code/dynus_lite/dynus_lite_ws/install/snapstack_msgs2/share/snapstack_msgs2/msg/Goal.msg\n'}
[32.342305] (snapstack_msgs2) StdoutLine: {'line': b'-- Installing: /home/lorenzo/code/dynus_lite/dynus_lite_ws/install/snapstack_msgs2/share/snapstack_msgs2/msg/QuadFlightMode.msg\n'}
[32.342408] (snapstack_msgs2) StdoutLine: {'line': b'-- Installing: /home/lorenzo/code/dynus_lite/dynus_lite_ws/install/snapstack_msgs2/share/snapstack_msgs2/msg/State.msg\n'}
[32.342513] (snapstack_msgs2) StdoutLine: {'line': b'-- Installing: /home/lorenzo/code/dynus_lite/dynus_lite_ws/install/snapstack_msgs2/share/snapstack_msgs2/msg/CommAge.msg\n'}
[32.342613] (snapstack_msgs2) StdoutLine: {'line': b'-- Installing: /home/lorenzo/code/dynus_lite/dynus_lite_ws/install/snapstack_msgs2/share/snapstack_msgs2/msg/IMU.msg\n'}
[32.342715] (snapstack_msgs2) StdoutLine: {'line': b'-- Installing: /home/lorenzo/code/dynus_lite/dynus_lite_ws/install/snapstack_msgs2/share/snapstack_msgs2/msg/SMCData.msg\n'}
[32.342819] (snapstack_msgs2) StdoutLine: {'line': b'-- Installing: /home/lorenzo/code/dynus_lite/dynus_lite_ws/install/snapstack_msgs2/share/snapstack_msgs2/msg/Motors.msg\n'}
[32.342924] (snapstack_msgs2) StdoutLine: {'line': b'-- Installing: /home/lorenzo/code/dynus_lite/dynus_lite_ws/install/snapstack_msgs2/share/snapstack_msgs2/msg/VioFilterState.msg\n'}
[32.343024] (snapstack_msgs2) StdoutLine: {'line': b'-- Installing: /home/lorenzo/code/dynus_lite/dynus_lite_ws/install/snapstack_msgs2/share/snapstack_msgs2/msg/TimeFilter.msg\n'}
[32.343179] (snapstack_msgs2) StdoutLine: {'line': b'-- Installing: /home/lorenzo/code/dynus_lite/dynus_lite_ws/install/snapstack_msgs2/share/ament_index/resource_index/package_run_dependencies/snapstack_msgs2\n'}
[32.343311] (snapstack_msgs2) StdoutLine: {'line': b'-- Installing: /home/lorenzo/code/dynus_lite/dynus_lite_ws/install/snapstack_msgs2/share/ament_index/resource_index/parent_prefix_path/snapstack_msgs2\n'}
[32.343423] (snapstack_msgs2) StdoutLine: {'line': b'-- Installing: /home/lorenzo/code/dynus_lite/dynus_lite_ws/install/snapstack_msgs2/share/snapstack_msgs2/environment/ament_prefix_path.sh\n'}
[32.343527] (snapstack_msgs2) StdoutLine: {'line': b'-- Installing: /home/lorenzo/code/dynus_lite/dynus_lite_ws/install/snapstack_msgs2/share/snapstack_msgs2/environment/ament_prefix_path.dsv\n'}
[32.343639] (snapstack_msgs2) StdoutLine: {'line': b'-- Installing: /home/lorenzo/code/dynus_lite/dynus_lite_ws/install/snapstack_msgs2/share/snapstack_msgs2/environment/path.sh\n'}
[32.343744] (snapstack_msgs2) StdoutLine: {'line': b'-- Installing: /home/lorenzo/code/dynus_lite/dynus_lite_ws/install/snapstack_msgs2/share/snapstack_msgs2/environment/path.dsv\n'}
[32.343853] (snapstack_msgs2) StdoutLine: {'line': b'-- Installing: /home/lorenzo/code/dynus_lite/dynus_lite_ws/install/snapstack_msgs2/share/snapstack_msgs2/local_setup.bash\n'}
[32.343953] (snapstack_msgs2) StdoutLine: {'line': b'-- Installing: /home/lorenzo/code/dynus_lite/dynus_lite_ws/install/snapstack_msgs2/share/snapstack_msgs2/local_setup.sh\n'}
[32.344060] (snapstack_msgs2) StdoutLine: {'line': b'-- Installing: /home/lorenzo/code/dynus_lite/dynus_lite_ws/install/snapstack_msgs2/share/snapstack_msgs2/local_setup.zsh\n'}
[32.344169] (snapstack_msgs2) StdoutLine: {'line': b'-- Installing: /home/lorenzo/code/dynus_lite/dynus_lite_ws/install/snapstack_msgs2/share/snapstack_msgs2/local_setup.dsv\n'}
[32.344273] (snapstack_msgs2) StdoutLine: {'line': b'-- Installing: /home/lorenzo/code/dynus_lite/dynus_lite_ws/install/snapstack_msgs2/share/snapstack_msgs2/package.dsv\n'}
[32.344407] (snapstack_msgs2) StdoutLine: {'line': b'-- Installing: /home/lorenzo/code/dynus_lite/dynus_lite_ws/install/snapstack_msgs2/share/ament_index/resource_index/packages/snapstack_msgs2\n'}
[32.344556] (snapstack_msgs2) StdoutLine: {'line': b'-- Installing: /home/lorenzo/code/dynus_lite/dynus_lite_ws/install/snapstack_msgs2/share/snapstack_msgs2/cmake/export_snapstack_msgs2__rosidl_generator_cExport.cmake\n'}
[32.344669] (snapstack_msgs2) StdoutLine: {'line': b'-- Installing: /home/lorenzo/code/dynus_lite/dynus_lite_ws/install/snapstack_msgs2/share/snapstack_msgs2/cmake/export_snapstack_msgs2__rosidl_generator_cExport-noconfig.cmake\n'}
[32.344794] (snapstack_msgs2) StdoutLine: {'line': b'-- Installing: /home/lorenzo/code/dynus_lite/dynus_lite_ws/install/snapstack_msgs2/share/snapstack_msgs2/cmake/export_snapstack_msgs2__rosidl_typesupport_fastrtps_cExport.cmake\n'}
[32.344905] (snapstack_msgs2) StdoutLine: {'line': b'-- Installing: /home/lorenzo/code/dynus_lite/dynus_lite_ws/install/snapstack_msgs2/share/snapstack_msgs2/cmake/export_snapstack_msgs2__rosidl_typesupport_fastrtps_cExport-noconfig.cmake\n'}
[32.345031] (snapstack_msgs2) StdoutLine: {'line': b'-- Installing: /home/lorenzo/code/dynus_lite/dynus_lite_ws/install/snapstack_msgs2/share/snapstack_msgs2/cmake/snapstack_msgs2__rosidl_typesupport_introspection_cExport.cmake\n'}
[32.345156] (snapstack_msgs2) StdoutLine: {'line': b'-- Installing: /home/lorenzo/code/dynus_lite/dynus_lite_ws/install/snapstack_msgs2/share/snapstack_msgs2/cmake/snapstack_msgs2__rosidl_typesupport_introspection_cExport-noconfig.cmake\n'}
[32.345281] (snapstack_msgs2) StdoutLine: {'line': b'-- Installing: /home/lorenzo/code/dynus_lite/dynus_lite_ws/install/snapstack_msgs2/share/snapstack_msgs2/cmake/snapstack_msgs2__rosidl_typesupport_cExport.cmake\n'}
[32.345389] (snapstack_msgs2) StdoutLine: {'line': b'-- Installing: /home/lorenzo/code/dynus_lite/dynus_lite_ws/install/snapstack_msgs2/share/snapstack_msgs2/cmake/snapstack_msgs2__rosidl_typesupport_cExport-noconfig.cmake\n'}
[32.345515] (snapstack_msgs2) StdoutLine: {'line': b'-- Installing: /home/lorenzo/code/dynus_lite/dynus_lite_ws/install/snapstack_msgs2/share/snapstack_msgs2/cmake/export_snapstack_msgs2__rosidl_generator_cppExport.cmake\n'}
[32.345639] (snapstack_msgs2) StdoutLine: {'line': b'-- Installing: /home/lorenzo/code/dynus_lite/dynus_lite_ws/install/snapstack_msgs2/share/snapstack_msgs2/cmake/export_snapstack_msgs2__rosidl_typesupport_fastrtps_cppExport.cmake\n'}
[32.345753] (snapstack_msgs2) StdoutLine: {'line': b'-- Installing: /home/lorenzo/code/dynus_lite/dynus_lite_ws/install/snapstack_msgs2/share/snapstack_msgs2/cmake/export_snapstack_msgs2__rosidl_typesupport_fastrtps_cppExport-noconfig.cmake\n'}
[32.345869] (snapstack_msgs2) StdoutLine: {'line': b'-- Installing: /home/lorenzo/code/dynus_lite/dynus_lite_ws/install/snapstack_msgs2/share/snapstack_msgs2/cmake/snapstack_msgs2__rosidl_typesupport_introspection_cppExport.cmake\n'}
[32.345986] (snapstack_msgs2) StdoutLine: {'line': b'-- Installing: /home/lorenzo/code/dynus_lite/dynus_lite_ws/install/snapstack_msgs2/share/snapstack_msgs2/cmake/snapstack_msgs2__rosidl_typesupport_introspection_cppExport-noconfig.cmake\n'}
[32.346112] (snapstack_msgs2) StdoutLine: {'line': b'-- Installing: /home/lorenzo/code/dynus_lite/dynus_lite_ws/install/snapstack_msgs2/share/snapstack_msgs2/cmake/snapstack_msgs2__rosidl_typesupport_cppExport.cmake\n'}
[32.346231] (snapstack_msgs2) StdoutLine: {'line': b'-- Installing: /home/lorenzo/code/dynus_lite/dynus_lite_ws/install/snapstack_msgs2/share/snapstack_msgs2/cmake/snapstack_msgs2__rosidl_typesupport_cppExport-noconfig.cmake\n'}
[32.346353] (snapstack_msgs2) StdoutLine: {'line': b'-- Installing: /home/lorenzo/code/dynus_lite/dynus_lite_ws/install/snapstack_msgs2/share/snapstack_msgs2/cmake/export_snapstack_msgs2__rosidl_generator_pyExport.cmake\n'}
[32.346464] (snapstack_msgs2) StdoutLine: {'line': b'-- Installing: /home/lorenzo/code/dynus_lite/dynus_lite_ws/install/snapstack_msgs2/share/snapstack_msgs2/cmake/export_snapstack_msgs2__rosidl_generator_pyExport-noconfig.cmake\n'}
[32.346575] (snapstack_msgs2) StdoutLine: {'line': b'-- Installing: /home/lorenzo/code/dynus_lite/dynus_lite_ws/install/snapstack_msgs2/share/snapstack_msgs2/cmake/rosidl_cmake-extras.cmake\n'}
[32.346689] (snapstack_msgs2) StdoutLine: {'line': b'-- Installing: /home/lorenzo/code/dynus_lite/dynus_lite_ws/install/snapstack_msgs2/share/snapstack_msgs2/cmake/ament_cmake_export_dependencies-extras.cmake\n'}
[32.346799] (snapstack_msgs2) StdoutLine: {'line': b'-- Installing: /home/lorenzo/code/dynus_lite/dynus_lite_ws/install/snapstack_msgs2/share/snapstack_msgs2/cmake/ament_cmake_export_include_directories-extras.cmake\n'}
[32.346908] (snapstack_msgs2) StdoutLine: {'line': b'-- Installing: /home/lorenzo/code/dynus_lite/dynus_lite_ws/install/snapstack_msgs2/share/snapstack_msgs2/cmake/ament_cmake_export_libraries-extras.cmake\n'}
[32.347021] (snapstack_msgs2) StdoutLine: {'line': b'-- Installing: /home/lorenzo/code/dynus_lite/dynus_lite_ws/install/snapstack_msgs2/share/snapstack_msgs2/cmake/ament_cmake_export_targets-extras.cmake\n'}
[32.347140] (snapstack_msgs2) StdoutLine: {'line': b'-- Installing: /home/lorenzo/code/dynus_lite/dynus_lite_ws/install/snapstack_msgs2/share/snapstack_msgs2/cmake/rosidl_cmake_export_typesupport_targets-extras.cmake\n'}
[32.347245] (snapstack_msgs2) StdoutLine: {'line': b'-- Installing: /home/lorenzo/code/dynus_lite/dynus_lite_ws/install/snapstack_msgs2/share/snapstack_msgs2/cmake/rosidl_cmake_export_typesupport_libraries-extras.cmake\n'}
[32.347354] (snapstack_msgs2) StdoutLine: {'line': b'-- Installing: /home/lorenzo/code/dynus_lite/dynus_lite_ws/install/snapstack_msgs2/share/snapstack_msgs2/cmake/snapstack_msgs2Config.cmake\n'}
[32.347435] (snapstack_msgs2) StdoutLine: {'line': b'-- Installing: /home/lorenzo/code/dynus_lite/dynus_lite_ws/install/snapstack_msgs2/share/snapstack_msgs2/cmake/snapstack_msgs2Config-version.cmake\n'}
[32.347538] (snapstack_msgs2) StdoutLine: {'line': b'-- Installing: /home/lorenzo/code/dynus_lite/dynus_lite_ws/install/snapstack_msgs2/share/snapstack_msgs2/package.xml\n'}
[32.349492] (snapstack_msgs2) CommandEnded: {'returncode': 0}
[32.362992] (snapstack_msgs2) JobEnded: {'identifier': 'snapstack_msgs2', 'rc': 0}
[32.363762] (decomp_util) StderrLine: {'line': b'In file included from \x1b[01m\x1b[K/home/lorenzo/code/dynus_lite/dynus_lite_ws/src/DecompROS2/DecompUtil/test/test_ellipsoid_decomp.cpp:2\x1b[m\x1b[K:\n'}
[32.363849] (decomp_util) StderrLine: {'line': b'\x1b[01m\x1b[K/home/lorenzo/code/dynus_lite/dynus_lite_ws/src/DecompROS2/DecompUtil/include/decomp_util/ellipsoid_decomp.h:153:\x1b[m\x1b[K \x1b[01;35m\x1b[Kwarning: \x1b[m\x1b[Kignoring \xe2\x80\x98\x1b[01m\x1b[K#pragma omp parallel\x1b[m\x1b[K\xe2\x80\x99 [\x1b[01;35m\x1b[K\x1b]8;;https://gcc.gnu.org/onlinedocs/gcc/Warning-Options.html#index-Wunknown-pragmas\x07-Wunknown-pragmas\x1b]8;;\x07\x1b[m\x1b[K]\n'}
[32.363909] (decomp_util) StderrLine: {'line': b'  153 |     #pragma omp parallel for\n'}
[32.363962] (decomp_util) StderrLine: {'line': b'      | \n'}
[32.367496] (-) TimerEvent: {}
[32.467706] (-) TimerEvent: {}
[32.567979] (-) TimerEvent: {}
[32.668261] (-) TimerEvent: {}
[32.768528] (-) TimerEvent: {}
[32.868799] (-) TimerEvent: {}
[32.969096] (-) TimerEvent: {}
[33.069354] (-) TimerEvent: {}
[33.169618] (-) TimerEvent: {}
[33.269880] (-) TimerEvent: {}
[33.370139] (-) TimerEvent: {}
[33.470406] (-) TimerEvent: {}
[33.570688] (-) TimerEvent: {}
[33.670950] (-) TimerEvent: {}
[33.771233] (-) TimerEvent: {}
[33.871503] (-) TimerEvent: {}
[33.971762] (-) TimerEvent: {}
[34.072024] (-) TimerEvent: {}
[34.172348] (-) TimerEvent: {}
[34.272656] (-) TimerEvent: {}
[34.372924] (-) TimerEvent: {}
[34.473189] (-) TimerEvent: {}
[34.573474] (-) TimerEvent: {}
[34.673756] (-) TimerEvent: {}
[34.774012] (-) TimerEvent: {}
[34.874291] (-) TimerEvent: {}
[34.974577] (-) TimerEvent: {}
[35.074841] (-) TimerEvent: {}
[35.175117] (-) TimerEvent: {}
[35.196669] (decomp_util) StderrLine: {'line': b'In file included from \x1b[01m\x1b[K/usr/include/boost/math/tools/cxx03_warn.hpp:9\x1b[m\x1b[K,\n'}
[35.196794] (decomp_util) StderrLine: {'line': b'                 from \x1b[01m\x1b[K/usr/include/boost/math/constants/constants.hpp:11\x1b[m\x1b[K,\n'}
[35.196845] (decomp_util) StderrLine: {'line': b'                 from \x1b[01m\x1b[K/usr/include/boost/geometry/util/math.hpp:29\x1b[m\x1b[K,\n'}
[35.196890] (decomp_util) StderrLine: {'line': b'                 from \x1b[01m\x1b[K/usr/include/boost/geometry/core/radian_access.hpp:33\x1b[m\x1b[K,\n'}
[35.196943] (decomp_util) StderrLine: {'line': b'                 from \x1b[01m\x1b[K/usr/include/boost/geometry/geometry.hpp:51\x1b[m\x1b[K,\n'}
[35.196986] (decomp_util) StderrLine: {'line': b'                 from \x1b[01m\x1b[K/usr/include/boost/geometry.hpp:17\x1b[m\x1b[K,\n'}
[35.197028] (decomp_util) StderrLine: {'line': b'                 from \x1b[01m\x1b[K/home/lorenzo/code/dynus_lite/dynus_lite_ws/src/DecompROS2/DecompUtil/test/test_ellipsoid_decomp.cpp:6\x1b[m\x1b[K:\n'}
[35.197095] (decomp_util) StderrLine: {'line': b'\x1b[01m\x1b[K/usr/include/boost/detail/no_exceptions_support.hpp:17:1:\x1b[m\x1b[K \x1b[01;36m\x1b[Knote: \x1b[m\x1b[K\xe2\x80\x98\x1b[01m\x1b[K#pragma message: This header is deprecated. Use <boost/core/no_exceptions_support.hpp> instead.\x1b[m\x1b[K\xe2\x80\x99\n'}
[35.197155] (decomp_util) StderrLine: {'line': b'   17 | \x1b[01;36m\x1b[KBOOST_HEADER_DEPRECATED\x1b[m\x1b[K("<boost/core/no_exceptions_support.hpp>")\n'}
[35.197196] (decomp_util) StderrLine: {'line': b'      | \x1b[01;36m\x1b[K^~~~~~~~~~~~~~~~~~~~~~~\x1b[m\x1b[K\n'}
[35.275209] (-) TimerEvent: {}
[35.375439] (-) TimerEvent: {}
[35.475723] (-) TimerEvent: {}
[35.576003] (-) TimerEvent: {}
[35.676291] (-) TimerEvent: {}
[35.776560] (-) TimerEvent: {}
[35.876834] (-) TimerEvent: {}
[35.977104] (-) TimerEvent: {}
[36.077398] (-) TimerEvent: {}
[36.177695] (-) TimerEvent: {}
[36.277978] (-) TimerEvent: {}
[36.378238] (-) TimerEvent: {}
[36.478550] (-) TimerEvent: {}
[36.578814] (-) TimerEvent: {}
[36.679107] (-) TimerEvent: {}
[36.779395] (-) TimerEvent: {}
[36.879694] (-) TimerEvent: {}
[36.979984] (-) TimerEvent: {}
[37.080240] (-) TimerEvent: {}
[37.180517] (-) TimerEvent: {}
[37.280799] (-) TimerEvent: {}
[37.381091] (-) TimerEvent: {}
[37.481378] (-) TimerEvent: {}
[37.581656] (-) TimerEvent: {}
[37.681905] (-) TimerEvent: {}
[37.782196] (-) TimerEvent: {}
[37.882449] (-) TimerEvent: {}
[37.982749] (-) TimerEvent: {}
[38.083034] (-) TimerEvent: {}
[38.183323] (-) TimerEvent: {}
[38.283593] (-) TimerEvent: {}
[38.383864] (-) TimerEvent: {}
[38.484148] (-) TimerEvent: {}
[38.584432] (-) TimerEvent: {}
[38.684726] (-) TimerEvent: {}
[38.785002] (-) TimerEvent: {}
[38.885326] (-) TimerEvent: {}
[38.985641] (-) TimerEvent: {}
[39.085928] (-) TimerEvent: {}
[39.186222] (-) TimerEvent: {}
[39.286456] (-) TimerEvent: {}
[39.386785] (-) TimerEvent: {}
[39.487097] (-) TimerEvent: {}
[39.587407] (-) TimerEvent: {}
[39.687652] (-) TimerEvent: {}
[39.787913] (-) TimerEvent: {}
[39.888159] (-) TimerEvent: {}
[39.988403] (-) TimerEvent: {}
[40.088695] (-) TimerEvent: {}
[40.188968] (-) TimerEvent: {}
[40.289220] (-) TimerEvent: {}
[40.389519] (-) TimerEvent: {}
[40.489804] (-) TimerEvent: {}
[40.590084] (-) TimerEvent: {}
[40.690355] (-) TimerEvent: {}
[40.790622] (-) TimerEvent: {}
[40.890885] (-) TimerEvent: {}
[40.991169] (-) TimerEvent: {}
[41.091495] (-) TimerEvent: {}
[41.191778] (-) TimerEvent: {}
[41.292078] (-) TimerEvent: {}
[41.392354] (-) TimerEvent: {}
[41.492613] (-) TimerEvent: {}
[41.592894] (-) TimerEvent: {}
[41.693187] (-) TimerEvent: {}
[41.793502] (-) TimerEvent: {}
[41.893797] (-) TimerEvent: {}
[41.994056] (-) TimerEvent: {}
[42.094367] (-) TimerEvent: {}
[42.194630] (-) TimerEvent: {}
[42.294908] (-) TimerEvent: {}
[42.395145] (-) TimerEvent: {}
[42.495419] (-) TimerEvent: {}
[42.595700] (-) TimerEvent: {}
[42.695956] (-) TimerEvent: {}
[42.796217] (-) TimerEvent: {}
[42.885963] (decomp_util) StderrLine: {'line': b'In file included from \x1b[01m\x1b[K/usr/include/boost/geometry/strategies/cartesian/expand_box.hpp:24\x1b[m\x1b[K,\n'}
[42.886288] (decomp_util) StderrLine: {'line': b'                 from \x1b[01m\x1b[K/usr/include/boost/geometry/strategies/cartesian/envelope_box.hpp:35\x1b[m\x1b[K,\n'}
[42.886506] (decomp_util) StderrLine: {'line': b'                 from \x1b[01m\x1b[K/usr/include/boost/geometry/strategies/cartesian/envelope.hpp:29\x1b[m\x1b[K,\n'}
[42.886566] (decomp_util) StderrLine: {'line': b'                 from \x1b[01m\x1b[K/usr/include/boost/geometry/strategies/cartesian/intersection.hpp:40\x1b[m\x1b[K,\n'}
[42.886615] (decomp_util) StderrLine: {'line': b'                 from \x1b[01m\x1b[K/usr/include/boost/geometry/strategies/intersection_strategies.hpp:28\x1b[m\x1b[K,\n'}
[42.886660] (decomp_util) StderrLine: {'line': b'                 from \x1b[01m\x1b[K/usr/include/boost/geometry/strategies/strategies.hpp:39\x1b[m\x1b[K,\n'}
[42.886706] (decomp_util) StderrLine: {'line': b'                 from \x1b[01m\x1b[K/usr/include/boost/geometry/geometry.hpp:58\x1b[m\x1b[K:\n'}
[42.886751] (decomp_util) StderrLine: {'line': b'In static member function \xe2\x80\x98\x1b[01m\x1b[Kstatic void boost::geometry::detail::expand::indexed_loop<Index, Dimension, DimensionCount>::apply(Box&, const Geometry&) [with Box = boost::geometry::model::box<boost::geometry::model::d2::point_xy<double> >; Geometry = boost::geometry::model::box<boost::geometry::model::d2::point_xy<double> >; long unsigned int Index = 0; long unsigned int Dimension = 1; long unsigned int DimensionCount = 2]\x1b[m\x1b[K\xe2\x80\x99,\n'}
[42.886801] (decomp_util) StderrLine: {'line': b'    inlined from \xe2\x80\x98\x1b[01m\x1b[Kstatic void boost::geometry::detail::expand::indexed_loop<Index, Dimension, DimensionCount>::apply(Box&, const Geometry&) [with Box = boost::geometry::model::box<boost::geometry::model::d2::point_xy<double> >; Geometry = boost::geometry::model::box<boost::geometry::model::d2::point_xy<double> >; long unsigned int Index = 0; long unsigned int Dimension = 0; long unsigned int DimensionCount = 2]\x1b[m\x1b[K\xe2\x80\x99 at \x1b[01m\x1b[K/usr/include/boost/geometry/algorithms/detail/expand/indexed.hpp:78:21\x1b[m\x1b[K,\n'}
[42.886850] (decomp_util) StderrLine: {'line': b'    inlined from \xe2\x80\x98\x1b[01m\x1b[Kstatic void boost::geometry::detail::expand::expand_indexed<Dimension, DimensionCount>::apply(Box&, const Geometry&) [with Box = boost::geometry::model::box<boost::geometry::model::d2::point_xy<double> >; Geometry = boost::geometry::model::box<boost::geometry::model::d2::point_xy<double> >; long unsigned int Dimension = 0; long unsigned int DimensionCount = 2]\x1b[m\x1b[K\xe2\x80\x99 at \x1b[01m\x1b[K/usr/include/boost/geometry/algorithms/detail/expand/indexed.hpp:105:21\x1b[m\x1b[K,\n'}
[42.886897] (decomp_util) StderrLine: {'line': b'    inlined from \xe2\x80\x98\x1b[01m\x1b[Kstatic void boost::geometry::strategy::expand::cartesian_box::apply(BoxOut&, const BoxIn&) [with BoxOut = boost::geometry::model::box<boost::geometry::model::d2::point_xy<double> >; BoxIn = boost::geometry::model::box<boost::geometry::model::d2::point_xy<double> >]\x1b[m\x1b[K\xe2\x80\x99 at \x1b[01m\x1b[K/usr/include/boost/geometry/strategies/cartesian/expand_box.hpp:43:21\x1b[m\x1b[K,\n'}
[42.887036] (decomp_util) StderrLine: {'line': b'    inlined from \xe2\x80\x98\x1b[01m\x1b[Kvoid boost::geometry::strategy::envelope::cartesian<CalculationType>::multi_state<Box>::apply(const Box&) [with Box = boost::geometry::model::box<boost::geometry::model::d2::point_xy<double> >; CalculationType = double]\x1b[m\x1b[K\xe2\x80\x99 at \x1b[01m\x1b[K/usr/include/boost/geometry/strategies/cartesian/envelope.hpp:96:48\x1b[m\x1b[K,\n'}
[42.887172] (decomp_util) StderrLine: {'line': b'    inlined from \xe2\x80\x98\x1b[01m\x1b[Kstatic void boost::geometry::detail::envelope::envelope_multi_range<EnvelopePolicy>::apply(Iter, Iter, Box&, const Strategy&) [with Iter = __gnu_cxx::__normal_iterator<const boost::geometry::model::ring<boost::geometry::model::d2::point_xy<double>, true, true, std::vector, std::allocator>*, std::vector<boost::geometry::model::ring<boost::geometry::model::d2::point_xy<double>, true, true, std::vector, std::allocator>, std::allocator<boost::geometry::model::ring<boost::geometry::model::d2::point_xy<double>, true, true, std::vector, std::allocator> > > >; Box = boost::geometry::model::box<boost::geometry::model::d2::point_xy<double> >; Strategy = boost::geometry::strategy::envelope::cartesian<double>; EnvelopePolicy = boost::geometry::detail::envelope::envelope_range]\x1b[m\x1b[K\xe2\x80\x99 at \x1b[01m\x1b[K/usr/include/boost/geometry/algorithms/detail/envelope/range.hpp:113:28\x1b[m\x1b[K,\n'}
[42.887228] (decomp_util) StderrLine: {'line': b'    inlined from \xe2\x80\x98\x1b[01m\x1b[Kstatic void boost::geometry::detail::envelope::envelope_multi_range<EnvelopePolicy>::apply(const MultiRange&, Box&, const Strategy&) [with MultiRange = std::vector<boost::geometry::model::ring<boost::geometry::model::d2::point_xy<double>, true, true, std::vector, std::allocator>, std::allocator<boost::geometry::model::ring<boost::geometry::model::d2::point_xy<double>, true, true, std::vector, std::allocator> > >; Box = boost::geometry::model::box<boost::geometry::model::d2::point_xy<double> >; Strategy = boost::geometry::strategy::envelope::cartesian<double>; EnvelopePolicy = boost::geometry::detail::envelope::envelope_range]\x1b[m\x1b[K\xe2\x80\x99 at \x1b[01m\x1b[K/usr/include/boost/geometry/algorithms/detail/envelope/range.hpp:97:14\x1b[m\x1b[K,\n'}
[42.887274] (decomp_util) StderrLine: {'line': b'    inlined from \xe2\x80\x98\x1b[01m\x1b[Kstatic void boost::geometry::detail::envelope::envelope_polygon::apply(const Polygon&, Box&, const Strategy&) [with Polygon = boost::geometry::model::polygon<boost::geometry::model::d2::point_xy<double> >; Box = boost::geometry::model::box<boost::geometry::model::d2::point_xy<double> >; Strategy = boost::geometry::strategy::envelope::cartesian<double>]\x1b[m\x1b[K\xe2\x80\x99 at \x1b[01m\x1b[K/usr/include/boost/geometry/algorithms/detail/envelope/areal.hpp:46:25\x1b[m\x1b[K,\n'}
[42.887318] (decomp_util) StderrLine: {'line': b'    inlined from \xe2\x80\x98\x1b[01m\x1b[Kstatic void boost::geometry::resolve_strategy::envelope<Geometry>::apply(const Geometry&, Box&, boost::geometry::default_strategy) [with Box = boost::geometry::model::box<boost::geometry::model::d2::point_xy<double> >; Geometry = boost::geometry::model::polygon<boost::geometry::model::d2::point_xy<double> >]\x1b[m\x1b[K\xe2\x80\x99 at \x1b[01m\x1b[K/usr/include/boost/geometry/algorithms/detail/envelope/interface.hpp:76:44\x1b[m\x1b[K,\n'}
[42.887361] (decomp_util) StderrLine: {'line': b'    inlined from \xe2\x80\x98\x1b[01m\x1b[Kstatic void boost::geometry::resolve_variant::envelope<Geometry>::apply(const Geometry&, Box&, const Strategy&) [with Box = boost::geometry::model::box<boost::geometry::model::d2::point_xy<double> >; Strategy = boost::geometry::default_strategy; Geometry = boost::geometry::model::polygon<boost::geometry::model::d2::point_xy<double> >]\x1b[m\x1b[K\xe2\x80\x99 at \x1b[01m\x1b[K/usr/include/boost/geometry/algorithms/detail/envelope/interface.hpp:96:52\x1b[m\x1b[K,\n'}
[42.887404] (decomp_util) StderrLine: {'line': b'    inlined from \xe2\x80\x98\x1b[01m\x1b[KBox boost::geometry::return_envelope(const Geometry&) [with Box = model::box<model::d2::point_xy<double> >; Geometry = model::polygon<model::d2::point_xy<double> >]\x1b[m\x1b[K\xe2\x80\x99 at \x1b[01m\x1b[K/usr/include/boost/geometry/algorithms/detail/envelope/interface.hpp:225:47\x1b[m\x1b[K,\n'}
[42.887446] (decomp_util) StderrLine: {'line': b'    inlined from \xe2\x80\x98\x1b[01m\x1b[Kvoid boost::geometry::svg_mapper<Point, SameScale, SvgCoordinateType>::add(const Geometry&) [with Geometry = boost::geometry::model::polygon<boost::geometry::model::d2::point_xy<double> >; Point = boost::geometry::model::d2::point_xy<double>; bool SameScale = true; SvgCoordinateType = double]\x1b[m\x1b[K\xe2\x80\x99 at \x1b[01m\x1b[K/usr/include/boost/geometry/io/svg/svg_mapper.hpp:375:22\x1b[m\x1b[K:\n'}
[42.887494] (decomp_util) StderrLine: {'line': b'\x1b[01m\x1b[K/usr/include/boost/geometry/algorithms/detail/expand/indexed.hpp:70:9:\x1b[m\x1b[K \x1b[01;35m\x1b[Kwarning: \x1b[m\x1b[K\xe2\x80\x98\x1b[01m\x1b[K*(boost::geometry::model::point<double, 2, boost::geometry::cs::cartesian>*)((char*)&state + offsetof(boost::geometry::strategy::envelope::cartesian<double>::multi_state<boost::geometry::model::box<boost::geometry::model::d2::point_xy<double, boost::geometry::cs::cartesian> > >,boost::geometry::strategy::envelope::cartesian<double>::multi_state<boost::geometry::model::box<boost::geometry::model::d2::point_xy<double, boost::geometry::cs::cartesian> > >::m_box.boost::geometry::model::box<boost::geometry::model::d2::point_xy<double, boost::geometry::cs::cartesian> >::m_max_corner.boost::geometry::model::d2::point_xy<double, boost::geometry::cs::cartesian>::<unnamed>)).boost::geometry::model::point<double, 2, boost::geometry::cs::cartesian>::m_values[1]\x1b[m\x1b[K\xe2\x80\x99 may be used uninitialized [\x1b[01;35m\x1b[K\x1b]8;;https://gcc.gnu.org/onlinedocs/gcc/Warning-Options.html#index-Wmaybe-uninitialized\x07-Wmaybe-uninitialized\x1b]8;;\x07\x1b[m\x1b[K]\n'}
[42.887544] (decomp_util) StderrLine: {'line': b'   70 |         \x1b[01;35m\x1b[Kif\x1b[m\x1b[K (greater(coord, get<max_corner, Dimension>(box)))\n'}
[42.887585] (decomp_util) StderrLine: {'line': b'      |         \x1b[01;35m\x1b[K^~\x1b[m\x1b[K\n'}
[42.887628] (decomp_util) StderrLine: {'line': b'In file included from \x1b[01m\x1b[K/usr/include/boost/geometry/algorithms/detail/envelope/areal.hpp:20\x1b[m\x1b[K,\n'}
[42.887668] (decomp_util) StderrLine: {'line': b'                 from \x1b[01m\x1b[K/usr/include/boost/geometry/algorithms/detail/envelope/implementation.hpp:29\x1b[m\x1b[K,\n'}
[42.887709] (decomp_util) StderrLine: {'line': b'                 from \x1b[01m\x1b[K/usr/include/boost/geometry/algorithms/envelope.hpp:23\x1b[m\x1b[K,\n'}
[42.887749] (decomp_util) StderrLine: {'line': b'                 from \x1b[01m\x1b[K/usr/include/boost/geometry/algorithms/detail/disjoint/segment_box.hpp:36\x1b[m\x1b[K,\n'}
[42.887789] (decomp_util) StderrLine: {'line': b'                 from \x1b[01m\x1b[K/usr/include/boost/geometry/strategies/spherical/disjoint_segment_box.hpp:30\x1b[m\x1b[K,\n'}
[42.887829] (decomp_util) StderrLine: {'line': b'                 from \x1b[01m\x1b[K/usr/include/boost/geometry/strategies/spherical/intersection.hpp:45\x1b[m\x1b[K,\n'}
[42.887869] (decomp_util) StderrLine: {'line': b'                 from \x1b[01m\x1b[K/usr/include/boost/geometry/strategies/intersection_strategies.hpp:30\x1b[m\x1b[K:\n'}
[42.887909] (decomp_util) StderrLine: {'line': b'\x1b[01m\x1b[K/usr/include/boost/geometry/algorithms/detail/envelope/range.hpp:\x1b[m\x1b[K In member function \xe2\x80\x98\x1b[01m\x1b[Kvoid boost::geometry::svg_mapper<Point, SameScale, SvgCoordinateType>::add(const Geometry&) [with Geometry = boost::geometry::model::polygon<boost::geometry::model::d2::point_xy<double> >; Point = boost::geometry::model::d2::point_xy<double>; bool SameScale = true; SvgCoordinateType = double]\x1b[m\x1b[K\xe2\x80\x99:\n'}
[42.887953] (decomp_util) StderrLine: {'line': b'\x1b[01m\x1b[K/usr/include/boost/geometry/algorithms/detail/envelope/range.hpp:106:54:\x1b[m\x1b[K \x1b[01;36m\x1b[Knote: \x1b[m\x1b[K\xe2\x80\x98\x1b[01m\x1b[K*(boost::geometry::model::point<double, 2, boost::geometry::cs::cartesian>*)((char*)&state + offsetof(boost::geometry::strategy::envelope::cartesian<double>::multi_state<boost::geometry::model::box<boost::geometry::model::d2::point_xy<double, boost::geometry::cs::cartesian> > >,boost::geometry::strategy::envelope::cartesian<double>::multi_state<boost::geometry::model::box<boost::geometry::model::d2::point_xy<double, boost::geometry::cs::cartesian> > >::m_box.boost::geometry::model::box<boost::geometry::model::d2::point_xy<double, boost::geometry::cs::cartesian> >::m_max_corner.boost::geometry::model::d2::point_xy<double, boost::geometry::cs::cartesian>::<unnamed>)).boost::geometry::model::point<double, 2, boost::geometry::cs::cartesian>::m_values[1]\x1b[m\x1b[K\xe2\x80\x99 was declared here\n'}
[42.888002] (decomp_util) StderrLine: {'line': b'  106 |         typename Strategy::template multi_state<Box> \x1b[01;36m\x1b[Kstate\x1b[m\x1b[K;\n'}
[42.888043] (decomp_util) StderrLine: {'line': b'      |                                                      \x1b[01;36m\x1b[K^~~~~\x1b[m\x1b[K\n'}
[42.888093] (decomp_util) StderrLine: {'line': b'In static member function \xe2\x80\x98\x1b[01m\x1b[Kstatic void boost::geometry::detail::expand::indexed_loop<Index, Dimension, DimensionCount>::apply(Box&, const Geometry&) [with Box = boost::geometry::model::box<boost::geometry::model::d2::point_xy<double> >; Geometry = boost::geometry::model::box<boost::geometry::model::d2::point_xy<double> >; long unsigned int Index = 0; long unsigned int Dimension = 0; long unsigned int DimensionCount = 2]\x1b[m\x1b[K\xe2\x80\x99,\n'}
[42.888139] (decomp_util) StderrLine: {'line': b'    inlined from \xe2\x80\x98\x1b[01m\x1b[Kstatic void boost::geometry::detail::expand::expand_indexed<Dimension, DimensionCount>::apply(Box&, const Geometry&) [with Box = boost::geometry::model::box<boost::geometry::model::d2::point_xy<double> >; Geometry = boost::geometry::model::box<boost::geometry::model::d2::point_xy<double> >; long unsigned int Dimension = 0; long unsigned int DimensionCount = 2]\x1b[m\x1b[K\xe2\x80\x99 at \x1b[01m\x1b[K/usr/include/boost/geometry/algorithms/detail/expand/indexed.hpp:105:21\x1b[m\x1b[K,\n'}
[42.888186] (decomp_util) StderrLine: {'line': b'    inlined from \xe2\x80\x98\x1b[01m\x1b[Kstatic void boost::geometry::strategy::expand::cartesian_box::apply(BoxOut&, const BoxIn&) [with BoxOut = boost::geometry::model::box<boost::geometry::model::d2::point_xy<double> >; BoxIn = boost::geometry::model::box<boost::geometry::model::d2::point_xy<double> >]\x1b[m\x1b[K\xe2\x80\x99 at \x1b[01m\x1b[K/usr/include/boost/geometry/strategies/cartesian/expand_box.hpp:43:21\x1b[m\x1b[K,\n'}
[42.888231] (decomp_util) StderrLine: {'line': b'    inlined from \xe2\x80\x98\x1b[01m\x1b[Kvoid boost::geometry::strategy::envelope::cartesian<CalculationType>::multi_state<Box>::apply(const Box&) [with Box = boost::geometry::model::box<boost::geometry::model::d2::point_xy<double> >; CalculationType = double]\x1b[m\x1b[K\xe2\x80\x99 at \x1b[01m\x1b[K/usr/include/boost/geometry/strategies/cartesian/envelope.hpp:96:48\x1b[m\x1b[K,\n'}
[42.888273] (decomp_util) StderrLine: {'line': b'    inlined from \xe2\x80\x98\x1b[01m\x1b[Kstatic void boost::geometry::detail::envelope::envelope_multi_range<EnvelopePolicy>::apply(Iter, Iter, Box&, const Strategy&) [with Iter = __gnu_cxx::__normal_iterator<const boost::geometry::model::ring<boost::geometry::model::d2::point_xy<double>, true, true, std::vector, std::allocator>*, std::vector<boost::geometry::model::ring<boost::geometry::model::d2::point_xy<double>, true, true, std::vector, std::allocator>, std::allocator<boost::geometry::model::ring<boost::geometry::model::d2::point_xy<double>, true, true, std::vector, std::allocator> > > >; Box = boost::geometry::model::box<boost::geometry::model::d2::point_xy<double> >; Strategy = boost::geometry::strategy::envelope::cartesian<double>; EnvelopePolicy = boost::geometry::detail::envelope::envelope_range]\x1b[m\x1b[K\xe2\x80\x99 at \x1b[01m\x1b[K/usr/include/boost/geometry/algorithms/detail/envelope/range.hpp:113:28\x1b[m\x1b[K,\n'}
[42.888321] (decomp_util) StderrLine: {'line': b'    inlined from \xe2\x80\x98\x1b[01m\x1b[Kstatic void boost::geometry::detail::envelope::envelope_multi_range<EnvelopePolicy>::apply(const MultiRange&, Box&, const Strategy&) [with MultiRange = std::vector<boost::geometry::model::ring<boost::geometry::model::d2::point_xy<double>, true, true, std::vector, std::allocator>, std::allocator<boost::geometry::model::ring<boost::geometry::model::d2::point_xy<double>, true, true, std::vector, std::allocator> > >; Box = boost::geometry::model::box<boost::geometry::model::d2::point_xy<double> >; Strategy = boost::geometry::strategy::envelope::cartesian<double>; EnvelopePolicy = boost::geometry::detail::envelope::envelope_range]\x1b[m\x1b[K\xe2\x80\x99 at \x1b[01m\x1b[K/usr/include/boost/geometry/algorithms/detail/envelope/range.hpp:97:14\x1b[m\x1b[K,\n'}
[42.888368] (decomp_util) StderrLine: {'line': b'    inlined from \xe2\x80\x98\x1b[01m\x1b[Kstatic void boost::geometry::detail::envelope::envelope_polygon::apply(const Polygon&, Box&, const Strategy&) [with Polygon = boost::geometry::model::polygon<boost::geometry::model::d2::point_xy<double> >; Box = boost::geometry::model::box<boost::geometry::model::d2::point_xy<double> >; Strategy = boost::geometry::strategy::envelope::cartesian<double>]\x1b[m\x1b[K\xe2\x80\x99 at \x1b[01m\x1b[K/usr/include/boost/geometry/algorithms/detail/envelope/areal.hpp:46:25\x1b[m\x1b[K,\n'}
[42.888411] (decomp_util) StderrLine: {'line': b'    inlined from \xe2\x80\x98\x1b[01m\x1b[Kstatic void boost::geometry::resolve_strategy::envelope<Geometry>::apply(const Geometry&, Box&, boost::geometry::default_strategy) [with Box = boost::geometry::model::box<boost::geometry::model::d2::point_xy<double> >; Geometry = boost::geometry::model::polygon<boost::geometry::model::d2::point_xy<double> >]\x1b[m\x1b[K\xe2\x80\x99 at \x1b[01m\x1b[K/usr/include/boost/geometry/algorithms/detail/envelope/interface.hpp:76:44\x1b[m\x1b[K,\n'}
[42.888454] (decomp_util) StderrLine: {'line': b'    inlined from \xe2\x80\x98\x1b[01m\x1b[Kstatic void boost::geometry::resolve_variant::envelope<Geometry>::apply(const Geometry&, Box&, const Strategy&) [with Box = boost::geometry::model::box<boost::geometry::model::d2::point_xy<double> >; Strategy = boost::geometry::default_strategy; Geometry = boost::geometry::model::polygon<boost::geometry::model::d2::point_xy<double> >]\x1b[m\x1b[K\xe2\x80\x99 at \x1b[01m\x1b[K/usr/include/boost/geometry/algorithms/detail/envelope/interface.hpp:96:52\x1b[m\x1b[K,\n'}
[42.888497] (decomp_util) StderrLine: {'line': b'    inlined from \xe2\x80\x98\x1b[01m\x1b[KBox boost::geometry::return_envelope(const Geometry&) [with Box = model::box<model::d2::point_xy<double> >; Geometry = model::polygon<model::d2::point_xy<double> >]\x1b[m\x1b[K\xe2\x80\x99 at \x1b[01m\x1b[K/usr/include/boost/geometry/algorithms/detail/envelope/interface.hpp:225:47\x1b[m\x1b[K,\n'}
[42.888541] (decomp_util) StderrLine: {'line': b'    inlined from \xe2\x80\x98\x1b[01m\x1b[Kvoid boost::geometry::svg_mapper<Point, SameScale, SvgCoordinateType>::add(const Geometry&) [with Geometry = boost::geometry::model::polygon<boost::geometry::model::d2::point_xy<double> >; Point = boost::geometry::model::d2::point_xy<double>; bool SameScale = true; SvgCoordinateType = double]\x1b[m\x1b[K\xe2\x80\x99 at \x1b[01m\x1b[K/usr/include/boost/geometry/io/svg/svg_mapper.hpp:375:22\x1b[m\x1b[K:\n'}
[42.888588] (decomp_util) StderrLine: {'line': b'\x1b[01m\x1b[K/usr/include/boost/geometry/algorithms/detail/expand/indexed.hpp:70:9:\x1b[m\x1b[K \x1b[01;35m\x1b[Kwarning: \x1b[m\x1b[K\xe2\x80\x98\x1b[01m\x1b[K*(boost::geometry::model::point<double, 2, boost::geometry::cs::cartesian>*)((char*)&state + offsetof(boost::geometry::strategy::envelope::cartesian<double>::multi_state<boost::geometry::model::box<boost::geometry::model::d2::point_xy<double, boost::geometry::cs::cartesian> > >,boost::geometry::strategy::envelope::cartesian<double>::multi_state<boost::geometry::model::box<boost::geometry::model::d2::point_xy<double, boost::geometry::cs::cartesian> > >::m_box.boost::geometry::model::box<boost::geometry::model::d2::point_xy<double, boost::geometry::cs::cartesian> >::m_max_corner.boost::geometry::model::d2::point_xy<double, boost::geometry::cs::cartesian>::<unnamed>)).boost::geometry::model::point<double, 2, boost::geometry::cs::cartesian>::m_values[0]\x1b[m\x1b[K\xe2\x80\x99 may be used uninitialized [\x1b[01;35m\x1b[K\x1b]8;;https://gcc.gnu.org/onlinedocs/gcc/Warning-Options.html#index-Wmaybe-uninitialized\x07-Wmaybe-uninitialized\x1b]8;;\x07\x1b[m\x1b[K]\n'}
[42.888641] (decomp_util) StderrLine: {'line': b'   70 |         \x1b[01;35m\x1b[Kif\x1b[m\x1b[K (greater(coord, get<max_corner, Dimension>(box)))\n'}
[42.888682] (decomp_util) StderrLine: {'line': b'      |         \x1b[01;35m\x1b[K^~\x1b[m\x1b[K\n'}
[42.888723] (decomp_util) StderrLine: {'line': b'\x1b[01m\x1b[K/usr/include/boost/geometry/algorithms/detail/envelope/range.hpp:\x1b[m\x1b[K In member function \xe2\x80\x98\x1b[01m\x1b[Kvoid boost::geometry::svg_mapper<Point, SameScale, SvgCoordinateType>::add(const Geometry&) [with Geometry = boost::geometry::model::polygon<boost::geometry::model::d2::point_xy<double> >; Point = boost::geometry::model::d2::point_xy<double>; bool SameScale = true; SvgCoordinateType = double]\x1b[m\x1b[K\xe2\x80\x99:\n'}
[42.888767] (decomp_util) StderrLine: {'line': b'\x1b[01m\x1b[K/usr/include/boost/geometry/algorithms/detail/envelope/range.hpp:106:54:\x1b[m\x1b[K \x1b[01;36m\x1b[Knote: \x1b[m\x1b[K\xe2\x80\x98\x1b[01m\x1b[K*(boost::geometry::model::point<double, 2, boost::geometry::cs::cartesian>*)((char*)&state + offsetof(boost::geometry::strategy::envelope::cartesian<double>::multi_state<boost::geometry::model::box<boost::geometry::model::d2::point_xy<double, boost::geometry::cs::cartesian> > >,boost::geometry::strategy::envelope::cartesian<double>::multi_state<boost::geometry::model::box<boost::geometry::model::d2::point_xy<double, boost::geometry::cs::cartesian> > >::m_box.boost::geometry::model::box<boost::geometry::model::d2::point_xy<double, boost::geometry::cs::cartesian> >::m_max_corner.boost::geometry::model::d2::point_xy<double, boost::geometry::cs::cartesian>::<unnamed>)).boost::geometry::model::point<double, 2, boost::geometry::cs::cartesian>::m_values[0]\x1b[m\x1b[K\xe2\x80\x99 was declared here\n'}
[42.888812] (decomp_util) StderrLine: {'line': b'  106 |         typename Strategy::template multi_state<Box> \x1b[01;36m\x1b[Kstate\x1b[m\x1b[K;\n'}
[42.888853] (decomp_util) StderrLine: {'line': b'      |                                                      \x1b[01;36m\x1b[K^~~~~\x1b[m\x1b[K\n'}
[42.888893] (decomp_util) StderrLine: {'line': b'In static member function \xe2\x80\x98\x1b[01m\x1b[Kstatic void boost::geometry::detail::expand::indexed_loop<Index, Dimension, DimensionCount>::apply(Box&, const Geometry&) [with Box = boost::geometry::model::box<boost::geometry::model::d2::point_xy<double> >; Geometry = boost::geometry::model::box<boost::geometry::model::d2::point_xy<double> >; long unsigned int Index = 0; long unsigned int Dimension = 1; long unsigned int DimensionCount = 2]\x1b[m\x1b[K\xe2\x80\x99,\n'}
[42.888936] (decomp_util) StderrLine: {'line': b'    inlined from \xe2\x80\x98\x1b[01m\x1b[Kstatic void boost::geometry::detail::expand::indexed_loop<Index, Dimension, DimensionCount>::apply(Box&, const Geometry&) [with Box = boost::geometry::model::box<boost::geometry::model::d2::point_xy<double> >; Geometry = boost::geometry::model::box<boost::geometry::model::d2::point_xy<double> >; long unsigned int Index = 0; long unsigned int Dimension = 0; long unsigned int DimensionCount = 2]\x1b[m\x1b[K\xe2\x80\x99 at \x1b[01m\x1b[K/usr/include/boost/geometry/algorithms/detail/expand/indexed.hpp:78:21\x1b[m\x1b[K,\n'}
[42.888986] (decomp_util) StderrLine: {'line': b'    inlined from \xe2\x80\x98\x1b[01m\x1b[Kstatic void boost::geometry::detail::expand::expand_indexed<Dimension, DimensionCount>::apply(Box&, const Geometry&) [with Box = boost::geometry::model::box<boost::geometry::model::d2::point_xy<double> >; Geometry = boost::geometry::model::box<boost::geometry::model::d2::point_xy<double> >; long unsigned int Dimension = 0; long unsigned int DimensionCount = 2]\x1b[m\x1b[K\xe2\x80\x99 at \x1b[01m\x1b[K/usr/include/boost/geometry/algorithms/detail/expand/indexed.hpp:105:21\x1b[m\x1b[K,\n'}
[42.889032] (decomp_util) StderrLine: {'line': b'    inlined from \xe2\x80\x98\x1b[01m\x1b[Kstatic void boost::geometry::strategy::expand::cartesian_box::apply(BoxOut&, const BoxIn&) [with BoxOut = boost::geometry::model::box<boost::geometry::model::d2::point_xy<double> >; BoxIn = boost::geometry::model::box<boost::geometry::model::d2::point_xy<double> >]\x1b[m\x1b[K\xe2\x80\x99 at \x1b[01m\x1b[K/usr/include/boost/geometry/strategies/cartesian/expand_box.hpp:43:21\x1b[m\x1b[K,\n'}
[42.889083] (decomp_util) StderrLine: {'line': b'    inlined from \xe2\x80\x98\x1b[01m\x1b[Kvoid boost::geometry::strategy::envelope::cartesian<CalculationType>::multi_state<Box>::apply(const Box&) [with Box = boost::geometry::model::box<boost::geometry::model::d2::point_xy<double> >; CalculationType = double]\x1b[m\x1b[K\xe2\x80\x99 at \x1b[01m\x1b[K/usr/include/boost/geometry/strategies/cartesian/envelope.hpp:96:48\x1b[m\x1b[K,\n'}
[42.889131] (decomp_util) StderrLine: {'line': b'    inlined from \xe2\x80\x98\x1b[01m\x1b[Kstatic void boost::geometry::detail::envelope::envelope_multi_range<EnvelopePolicy>::apply(Iter, Iter, Box&, const Strategy&) [with Iter = __gnu_cxx::__normal_iterator<const boost::geometry::model::ring<boost::geometry::model::d2::point_xy<double>, true, true, std::vector, std::allocator>*, std::vector<boost::geometry::model::ring<boost::geometry::model::d2::point_xy<double>, true, true, std::vector, std::allocator>, std::allocator<boost::geometry::model::ring<boost::geometry::model::d2::point_xy<double>, true, true, std::vector, std::allocator> > > >; Box = boost::geometry::model::box<boost::geometry::model::d2::point_xy<double> >; Strategy = boost::geometry::strategy::envelope::cartesian<double>; EnvelopePolicy = boost::geometry::detail::envelope::envelope_range]\x1b[m\x1b[K\xe2\x80\x99 at \x1b[01m\x1b[K/usr/include/boost/geometry/algorithms/detail/envelope/range.hpp:113:28\x1b[m\x1b[K,\n'}
[42.889177] (decomp_util) StderrLine: {'line': b'    inlined from \xe2\x80\x98\x1b[01m\x1b[Kstatic void boost::geometry::detail::envelope::envelope_multi_range<EnvelopePolicy>::apply(const MultiRange&, Box&, const Strategy&) [with MultiRange = std::vector<boost::geometry::model::ring<boost::geometry::model::d2::point_xy<double>, true, true, std::vector, std::allocator>, std::allocator<boost::geometry::model::ring<boost::geometry::model::d2::point_xy<double>, true, true, std::vector, std::allocator> > >; Box = boost::geometry::model::box<boost::geometry::model::d2::point_xy<double> >; Strategy = boost::geometry::strategy::envelope::cartesian<double>; EnvelopePolicy = boost::geometry::detail::envelope::envelope_range]\x1b[m\x1b[K\xe2\x80\x99 at \x1b[01m\x1b[K/usr/include/boost/geometry/algorithms/detail/envelope/range.hpp:97:14\x1b[m\x1b[K,\n'}
[42.889220] (decomp_util) StderrLine: {'line': b'    inlined from \xe2\x80\x98\x1b[01m\x1b[Kstatic void boost::geometry::detail::envelope::envelope_polygon::apply(const Polygon&, Box&, const Strategy&) [with Polygon = boost::geometry::model::polygon<boost::geometry::model::d2::point_xy<double> >; Box = boost::geometry::model::box<boost::geometry::model::d2::point_xy<double> >; Strategy = boost::geometry::strategy::envelope::cartesian<double>]\x1b[m\x1b[K\xe2\x80\x99 at \x1b[01m\x1b[K/usr/include/boost/geometry/algorithms/detail/envelope/areal.hpp:46:25\x1b[m\x1b[K,\n'}
[42.889262] (decomp_util) StderrLine: {'line': b'    inlined from \xe2\x80\x98\x1b[01m\x1b[Kstatic void boost::geometry::resolve_strategy::envelope<Geometry>::apply(const Geometry&, Box&, boost::geometry::default_strategy) [with Box = boost::geometry::model::box<boost::geometry::model::d2::point_xy<double> >; Geometry = boost::geometry::model::polygon<boost::geometry::model::d2::point_xy<double> >]\x1b[m\x1b[K\xe2\x80\x99 at \x1b[01m\x1b[K/usr/include/boost/geometry/algorithms/detail/envelope/interface.hpp:76:44\x1b[m\x1b[K,\n'}
[42.889305] (decomp_util) StderrLine: {'line': b'    inlined from \xe2\x80\x98\x1b[01m\x1b[Kstatic void boost::geometry::resolve_variant::envelope<Geometry>::apply(const Geometry&, Box&, const Strategy&) [with Box = boost::geometry::model::box<boost::geometry::model::d2::point_xy<double> >; Strategy = boost::geometry::default_strategy; Geometry = boost::geometry::model::polygon<boost::geometry::model::d2::point_xy<double> >]\x1b[m\x1b[K\xe2\x80\x99 at \x1b[01m\x1b[K/usr/include/boost/geometry/algorithms/detail/envelope/interface.hpp:96:52\x1b[m\x1b[K,\n'}
[42.889354] (decomp_util) StderrLine: {'line': b'    inlined from \xe2\x80\x98\x1b[01m\x1b[KBox boost::geometry::return_envelope(const Geometry&) [with Box = model::box<model::d2::point_xy<double> >; Geometry = model::polygon<model::d2::point_xy<double> >]\x1b[m\x1b[K\xe2\x80\x99 at \x1b[01m\x1b[K/usr/include/boost/geometry/algorithms/detail/envelope/interface.hpp:225:47\x1b[m\x1b[K,\n'}
[42.889396] (decomp_util) StderrLine: {'line': b'    inlined from \xe2\x80\x98\x1b[01m\x1b[Kvoid boost::geometry::svg_mapper<Point, SameScale, SvgCoordinateType>::add(const Geometry&) [with Geometry = boost::geometry::model::polygon<boost::geometry::model::d2::point_xy<double> >; Point = boost::geometry::model::d2::point_xy<double>; bool SameScale = true; SvgCoordinateType = double]\x1b[m\x1b[K\xe2\x80\x99 at \x1b[01m\x1b[K/usr/include/boost/geometry/io/svg/svg_mapper.hpp:375:22\x1b[m\x1b[K:\n'}
[42.889439] (decomp_util) StderrLine: {'line': b'\x1b[01m\x1b[K/usr/include/boost/geometry/algorithms/detail/expand/indexed.hpp:65:9:\x1b[m\x1b[K \x1b[01;35m\x1b[Kwarning: \x1b[m\x1b[K\xe2\x80\x98\x1b[01m\x1b[K*(boost::geometry::model::point<double, 2, boost::geometry::cs::cartesian>*)((char*)&state + offsetof(boost::geometry::strategy::envelope::cartesian<double>::multi_state<boost::geometry::model::box<boost::geometry::model::d2::point_xy<double, boost::geometry::cs::cartesian> > >,boost::geometry::strategy::envelope::cartesian<double>::multi_state<boost::geometry::model::box<boost::geometry::model::d2::point_xy<double, boost::geometry::cs::cartesian> > >::m_box.boost::geometry::model::box<boost::geometry::model::d2::point_xy<double, boost::geometry::cs::cartesian> >::m_min_corner.boost::geometry::model::d2::point_xy<double, boost::geometry::cs::cartesian>::<unnamed>)).boost::geometry::model::point<double, 2, boost::geometry::cs::cartesian>::m_values[1]\x1b[m\x1b[K\xe2\x80\x99 may be used uninitialized [\x1b[01;35m\x1b[K\x1b]8;;https://gcc.gnu.org/onlinedocs/gcc/Warning-Options.html#index-Wmaybe-uninitialized\x07-Wmaybe-uninitialized\x1b]8;;\x07\x1b[m\x1b[K]\n'}
[42.889489] (decomp_util) StderrLine: {'line': b'   65 |         \x1b[01;35m\x1b[Kif\x1b[m\x1b[K (less(coord, get<min_corner, Dimension>(box)))\n'}
[42.889529] (decomp_util) StderrLine: {'line': b'      |         \x1b[01;35m\x1b[K^~\x1b[m\x1b[K\n'}
[42.889569] (decomp_util) StderrLine: {'line': b'\x1b[01m\x1b[K/usr/include/boost/geometry/algorithms/detail/envelope/range.hpp:\x1b[m\x1b[K In member function \xe2\x80\x98\x1b[01m\x1b[Kvoid boost::geometry::svg_mapper<Point, SameScale, SvgCoordinateType>::add(const Geometry&) [with Geometry = boost::geometry::model::polygon<boost::geometry::model::d2::point_xy<double> >; Point = boost::geometry::model::d2::point_xy<double>; bool SameScale = true; SvgCoordinateType = double]\x1b[m\x1b[K\xe2\x80\x99:\n'}
[42.889613] (decomp_util) StderrLine: {'line': b'\x1b[01m\x1b[K/usr/include/boost/geometry/algorithms/detail/envelope/range.hpp:106:54:\x1b[m\x1b[K \x1b[01;36m\x1b[Knote: \x1b[m\x1b[K\xe2\x80\x98\x1b[01m\x1b[K*(boost::geometry::model::point<double, 2, boost::geometry::cs::cartesian>*)((char*)&state + offsetof(boost::geometry::strategy::envelope::cartesian<double>::multi_state<boost::geometry::model::box<boost::geometry::model::d2::point_xy<double, boost::geometry::cs::cartesian> > >,boost::geometry::strategy::envelope::cartesian<double>::multi_state<boost::geometry::model::box<boost::geometry::model::d2::point_xy<double, boost::geometry::cs::cartesian> > >::m_box.boost::geometry::model::box<boost::geometry::model::d2::point_xy<double, boost::geometry::cs::cartesian> >::m_min_corner.boost::geometry::model::d2::point_xy<double, boost::geometry::cs::cartesian>::<unnamed>)).boost::geometry::model::point<double, 2, boost::geometry::cs::cartesian>::m_values[1]\x1b[m\x1b[K\xe2\x80\x99 was declared here\n'}
[42.889661] (decomp_util) StderrLine: {'line': b'  106 |         typename Strategy::template multi_state<Box> \x1b[01;36m\x1b[Kstate\x1b[m\x1b[K;\n'}
[42.889701] (decomp_util) StderrLine: {'line': b'      |                                                      \x1b[01;36m\x1b[K^~~~~\x1b[m\x1b[K\n'}
[42.889742] (decomp_util) StderrLine: {'line': b'In static member function \xe2\x80\x98\x1b[01m\x1b[Kstatic void boost::geometry::detail::expand::indexed_loop<Index, Dimension, DimensionCount>::apply(Box&, const Geometry&) [with Box = boost::geometry::model::box<boost::geometry::model::d2::point_xy<double> >; Geometry = boost::geometry::model::box<boost::geometry::model::d2::point_xy<double> >; long unsigned int Index = 0; long unsigned int Dimension = 0; long unsigned int DimensionCount = 2]\x1b[m\x1b[K\xe2\x80\x99,\n'}
[42.889790] (decomp_util) StderrLine: {'line': b'    inlined from \xe2\x80\x98\x1b[01m\x1b[Kstatic void boost::geometry::detail::expand::expand_indexed<Dimension, DimensionCount>::apply(Box&, const Geometry&) [with Box = boost::geometry::model::box<boost::geometry::model::d2::point_xy<double> >; Geometry = boost::geometry::model::box<boost::geometry::model::d2::point_xy<double> >; long unsigned int Dimension = 0; long unsigned int DimensionCount = 2]\x1b[m\x1b[K\xe2\x80\x99 at \x1b[01m\x1b[K/usr/include/boost/geometry/algorithms/detail/expand/indexed.hpp:105:21\x1b[m\x1b[K,\n'}
[42.889834] (decomp_util) StderrLine: {'line': b'    inlined from \xe2\x80\x98\x1b[01m\x1b[Kstatic void boost::geometry::strategy::expand::cartesian_box::apply(BoxOut&, const BoxIn&) [with BoxOut = boost::geometry::model::box<boost::geometry::model::d2::point_xy<double> >; BoxIn = boost::geometry::model::box<boost::geometry::model::d2::point_xy<double> >]\x1b[m\x1b[K\xe2\x80\x99 at \x1b[01m\x1b[K/usr/include/boost/geometry/strategies/cartesian/expand_box.hpp:43:21\x1b[m\x1b[K,\n'}
[42.889875] (decomp_util) StderrLine: {'line': b'    inlined from \xe2\x80\x98\x1b[01m\x1b[Kvoid boost::geometry::strategy::envelope::cartesian<CalculationType>::multi_state<Box>::apply(const Box&) [with Box = boost::geometry::model::box<boost::geometry::model::d2::point_xy<double> >; CalculationType = double]\x1b[m\x1b[K\xe2\x80\x99 at \x1b[01m\x1b[K/usr/include/boost/geometry/strategies/cartesian/envelope.hpp:96:48\x1b[m\x1b[K,\n'}
[42.889919] (decomp_util) StderrLine: {'line': b'    inlined from \xe2\x80\x98\x1b[01m\x1b[Kstatic void boost::geometry::detail::envelope::envelope_multi_range<EnvelopePolicy>::apply(Iter, Iter, Box&, const Strategy&) [with Iter = __gnu_cxx::__normal_iterator<const boost::geometry::model::ring<boost::geometry::model::d2::point_xy<double>, true, true, std::vector, std::allocator>*, std::vector<boost::geometry::model::ring<boost::geometry::model::d2::point_xy<double>, true, true, std::vector, std::allocator>, std::allocator<boost::geometry::model::ring<boost::geometry::model::d2::point_xy<double>, true, true, std::vector, std::allocator> > > >; Box = boost::geometry::model::box<boost::geometry::model::d2::point_xy<double> >; Strategy = boost::geometry::strategy::envelope::cartesian<double>; EnvelopePolicy = boost::geometry::detail::envelope::envelope_range]\x1b[m\x1b[K\xe2\x80\x99 at \x1b[01m\x1b[K/usr/include/boost/geometry/algorithms/detail/envelope/range.hpp:113:28\x1b[m\x1b[K,\n'}
[42.889964] (decomp_util) StderrLine: {'line': b'    inlined from \xe2\x80\x98\x1b[01m\x1b[Kstatic void boost::geometry::detail::envelope::envelope_multi_range<EnvelopePolicy>::apply(const MultiRange&, Box&, const Strategy&) [with MultiRange = std::vector<boost::geometry::model::ring<boost::geometry::model::d2::point_xy<double>, true, true, std::vector, std::allocator>, std::allocator<boost::geometry::model::ring<boost::geometry::model::d2::point_xy<double>, true, true, std::vector, std::allocator> > >; Box = boost::geometry::model::box<boost::geometry::model::d2::point_xy<double> >; Strategy = boost::geometry::strategy::envelope::cartesian<double>; EnvelopePolicy = boost::geometry::detail::envelope::envelope_range]\x1b[m\x1b[K\xe2\x80\x99 at \x1b[01m\x1b[K/usr/include/boost/geometry/algorithms/detail/envelope/range.hpp:97:14\x1b[m\x1b[K,\n'}
[42.890012] (decomp_util) StderrLine: {'line': b'    inlined from \xe2\x80\x98\x1b[01m\x1b[Kstatic void boost::geometry::detail::envelope::envelope_polygon::apply(const Polygon&, Box&, const Strategy&) [with Polygon = boost::geometry::model::polygon<boost::geometry::model::d2::point_xy<double> >; Box = boost::geometry::model::box<boost::geometry::model::d2::point_xy<double> >; Strategy = boost::geometry::strategy::envelope::cartesian<double>]\x1b[m\x1b[K\xe2\x80\x99 at \x1b[01m\x1b[K/usr/include/boost/geometry/algorithms/detail/envelope/areal.hpp:46:25\x1b[m\x1b[K,\n'}
[42.890055] (decomp_util) StderrLine: {'line': b'    inlined from \xe2\x80\x98\x1b[01m\x1b[Kstatic void boost::geometry::resolve_strategy::envelope<Geometry>::apply(const Geometry&, Box&, boost::geometry::default_strategy) [with Box = boost::geometry::model::box<boost::geometry::model::d2::point_xy<double> >; Geometry = boost::geometry::model::polygon<boost::geometry::model::d2::point_xy<double> >]\x1b[m\x1b[K\xe2\x80\x99 at \x1b[01m\x1b[K/usr/include/boost/geometry/algorithms/detail/envelope/interface.hpp:76:44\x1b[m\x1b[K,\n'}
[42.890107] (decomp_util) StderrLine: {'line': b'    inlined from \xe2\x80\x98\x1b[01m\x1b[Kstatic void boost::geometry::resolve_variant::envelope<Geometry>::apply(const Geometry&, Box&, const Strategy&) [with Box = boost::geometry::model::box<boost::geometry::model::d2::point_xy<double> >; Strategy = boost::geometry::default_strategy; Geometry = boost::geometry::model::polygon<boost::geometry::model::d2::point_xy<double> >]\x1b[m\x1b[K\xe2\x80\x99 at \x1b[01m\x1b[K/usr/include/boost/geometry/algorithms/detail/envelope/interface.hpp:96:52\x1b[m\x1b[K,\n'}
[42.890157] (decomp_util) StderrLine: {'line': b'    inlined from \xe2\x80\x98\x1b[01m\x1b[KBox boost::geometry::return_envelope(const Geometry&) [with Box = model::box<model::d2::point_xy<double> >; Geometry = model::polygon<model::d2::point_xy<double> >]\x1b[m\x1b[K\xe2\x80\x99 at \x1b[01m\x1b[K/usr/include/boost/geometry/algorithms/detail/envelope/interface.hpp:225:47\x1b[m\x1b[K,\n'}
[42.890200] (decomp_util) StderrLine: {'line': b'    inlined from \xe2\x80\x98\x1b[01m\x1b[Kvoid boost::geometry::svg_mapper<Point, SameScale, SvgCoordinateType>::add(const Geometry&) [with Geometry = boost::geometry::model::polygon<boost::geometry::model::d2::point_xy<double> >; Point = boost::geometry::model::d2::point_xy<double>; bool SameScale = true; SvgCoordinateType = double]\x1b[m\x1b[K\xe2\x80\x99 at \x1b[01m\x1b[K/usr/include/boost/geometry/io/svg/svg_mapper.hpp:375:22\x1b[m\x1b[K:\n'}
[42.890243] (decomp_util) StderrLine: {'line': b'\x1b[01m\x1b[K/usr/include/boost/geometry/algorithms/detail/expand/indexed.hpp:65:9:\x1b[m\x1b[K \x1b[01;35m\x1b[Kwarning: \x1b[m\x1b[K\xe2\x80\x98\x1b[01m\x1b[K*(boost::geometry::model::point<double, 2, boost::geometry::cs::cartesian>*)((char*)&state + offsetof(boost::geometry::strategy::envelope::cartesian<double>::multi_state<boost::geometry::model::box<boost::geometry::model::d2::point_xy<double, boost::geometry::cs::cartesian> > >,boost::geometry::strategy::envelope::cartesian<double>::multi_state<boost::geometry::model::box<boost::geometry::model::d2::point_xy<double, boost::geometry::cs::cartesian> > >::m_box.boost::geometry::model::box<boost::geometry::model::d2::point_xy<double, boost::geometry::cs::cartesian> >::m_min_corner.boost::geometry::model::d2::point_xy<double, boost::geometry::cs::cartesian>::<unnamed>)).boost::geometry::model::point<double, 2, boost::geometry::cs::cartesian>::m_values[0]\x1b[m\x1b[K\xe2\x80\x99 may be used uninitialized [\x1b[01;35m\x1b[K\x1b]8;;https://gcc.gnu.org/onlinedocs/gcc/Warning-Options.html#index-Wmaybe-uninitialized\x07-Wmaybe-uninitialized\x1b]8;;\x07\x1b[m\x1b[K]\n'}
[42.890293] (decomp_util) StderrLine: {'line': b'   65 |         \x1b[01;35m\x1b[Kif\x1b[m\x1b[K (less(coord, get<min_corner, Dimension>(box)))\n'}
[42.890335] (decomp_util) StderrLine: {'line': b'      |         \x1b[01;35m\x1b[K^~\x1b[m\x1b[K\n'}
[42.890378] (decomp_util) StderrLine: {'line': b'\x1b[01m\x1b[K/usr/include/boost/geometry/algorithms/detail/envelope/range.hpp:\x1b[m\x1b[K In member function \xe2\x80\x98\x1b[01m\x1b[Kvoid boost::geometry::svg_mapper<Point, SameScale, SvgCoordinateType>::add(const Geometry&) [with Geometry = boost::geometry::model::polygon<boost::geometry::model::d2::point_xy<double> >; Point = boost::geometry::model::d2::point_xy<double>; bool SameScale = true; SvgCoordinateType = double]\x1b[m\x1b[K\xe2\x80\x99:\n'}
[42.890422] (decomp_util) StderrLine: {'line': b'\x1b[01m\x1b[K/usr/include/boost/geometry/algorithms/detail/envelope/range.hpp:106:54:\x1b[m\x1b[K \x1b[01;36m\x1b[Knote: \x1b[m\x1b[K\xe2\x80\x98\x1b[01m\x1b[K*(boost::geometry::model::point<double, 2, boost::geometry::cs::cartesian>*)((char*)&state + offsetof(boost::geometry::strategy::envelope::cartesian<double>::multi_state<boost::geometry::model::box<boost::geometry::model::d2::point_xy<double, boost::geometry::cs::cartesian> > >,boost::geometry::strategy::envelope::cartesian<double>::multi_state<boost::geometry::model::box<boost::geometry::model::d2::point_xy<double, boost::geometry::cs::cartesian> > >::m_box.boost::geometry::model::box<boost::geometry::model::d2::point_xy<double, boost::geometry::cs::cartesian> >::m_min_corner.boost::geometry::model::d2::point_xy<double, boost::geometry::cs::cartesian>::<unnamed>)).boost::geometry::model::point<double, 2, boost::geometry::cs::cartesian>::m_values[0]\x1b[m\x1b[K\xe2\x80\x99 was declared here\n'}
[42.890469] (decomp_util) StderrLine: {'line': b'  106 |         typename Strategy::template multi_state<Box> \x1b[01;36m\x1b[Kstate\x1b[m\x1b[K;\n'}
[42.890510] (decomp_util) StderrLine: {'line': b'      |                                                      \x1b[01;36m\x1b[K^~~~~\x1b[m\x1b[K\n'}
[42.896281] (-) TimerEvent: {}
[42.996514] (-) TimerEvent: {}
[43.096789] (-) TimerEvent: {}
[43.197059] (-) TimerEvent: {}
[43.297385] (-) TimerEvent: {}
[43.397675] (-) TimerEvent: {}
[43.497937] (-) TimerEvent: {}
[43.598237] (-) TimerEvent: {}
[43.698524] (-) TimerEvent: {}
[43.798782] (-) TimerEvent: {}
[43.899057] (-) TimerEvent: {}
[43.999327] (-) TimerEvent: {}
[44.099629] (-) TimerEvent: {}
[44.199897] (-) TimerEvent: {}
[44.300182] (-) TimerEvent: {}
[44.400436] (-) TimerEvent: {}
[44.500724] (-) TimerEvent: {}
[44.601008] (-) TimerEvent: {}
[44.701307] (-) TimerEvent: {}
[44.801586] (-) TimerEvent: {}
[44.901864] (-) TimerEvent: {}
[45.002120] (-) TimerEvent: {}
[45.102396] (-) TimerEvent: {}
[45.202721] (-) TimerEvent: {}
[45.303011] (-) TimerEvent: {}
[45.403341] (-) TimerEvent: {}
[45.503625] (-) TimerEvent: {}
[45.603890] (-) TimerEvent: {}
[45.704188] (-) TimerEvent: {}
[45.804483] (-) TimerEvent: {}
[45.904748] (-) TimerEvent: {}
[46.005014] (-) TimerEvent: {}
[46.105254] (-) TimerEvent: {}
[46.205542] (-) TimerEvent: {}
[46.305829] (-) TimerEvent: {}
[46.311525] (decomp_util) StdoutLine: {'line': b'[ 75%] \x1b[32m\x1b[1mLinking CXX executable test_ellipsoid_decomp\x1b[0m\n'}
[46.405937] (-) TimerEvent: {}
[46.500583] (decomp_util) StdoutLine: {'line': b'[ 75%] Built target test_ellipsoid_decomp\n'}
[46.506018] (-) TimerEvent: {}
[46.513785] (decomp_util) StdoutLine: {'line': b'[ 87%] \x1b[32mBuilding CXX object CMakeFiles/test_line_segment.dir/test/test_line_segment.cpp.o\x1b[0m\n'}
[46.606147] (-) TimerEvent: {}
[46.706417] (-) TimerEvent: {}
[46.806689] (-) TimerEvent: {}
[46.906953] (-) TimerEvent: {}
[47.007191] (-) TimerEvent: {}
[47.107470] (-) TimerEvent: {}
[47.207740] (-) TimerEvent: {}
[47.308003] (-) TimerEvent: {}
[47.408323] (-) TimerEvent: {}
[47.508626] (-) TimerEvent: {}
[47.608925] (-) TimerEvent: {}
[47.709234] (-) TimerEvent: {}
[47.809510] (-) TimerEvent: {}
[47.909790] (-) TimerEvent: {}
[48.010135] (-) TimerEvent: {}
[48.110469] (-) TimerEvent: {}
[48.210750] (-) TimerEvent: {}
[48.311015] (-) TimerEvent: {}
[48.411292] (-) TimerEvent: {}
[48.511559] (-) TimerEvent: {}
[48.611826] (-) TimerEvent: {}
[48.712103] (-) TimerEvent: {}
[48.812381] (-) TimerEvent: {}
[48.912645] (-) TimerEvent: {}
[49.012914] (-) TimerEvent: {}
[49.113175] (-) TimerEvent: {}
[49.213439] (-) TimerEvent: {}
[49.313704] (-) TimerEvent: {}
[49.406115] (decomp_util) StderrLine: {'line': b'In file included from \x1b[01m\x1b[K/usr/include/boost/math/tools/cxx03_warn.hpp:9\x1b[m\x1b[K,\n'}
[49.406285] (decomp_util) StderrLine: {'line': b'                 from \x1b[01m\x1b[K/usr/include/boost/math/constants/constants.hpp:11\x1b[m\x1b[K,\n'}
[49.406372] (decomp_util) StderrLine: {'line': b'                 from \x1b[01m\x1b[K/usr/include/boost/geometry/util/math.hpp:29\x1b[m\x1b[K,\n'}
[49.406442] (decomp_util) StderrLine: {'line': b'                 from \x1b[01m\x1b[K/usr/include/boost/geometry/core/radian_access.hpp:33\x1b[m\x1b[K,\n'}
[49.406514] (decomp_util) StderrLine: {'line': b'                 from \x1b[01m\x1b[K/usr/include/boost/geometry/geometry.hpp:51\x1b[m\x1b[K,\n'}
[49.406580] (decomp_util) StderrLine: {'line': b'                 from \x1b[01m\x1b[K/usr/include/boost/geometry.hpp:17\x1b[m\x1b[K,\n'}
[49.406645] (decomp_util) StderrLine: {'line': b'                 from \x1b[01m\x1b[K/home/lorenzo/code/dynus_lite/dynus_lite_ws/src/DecompROS2/DecompUtil/test/test_line_segment.cpp:6\x1b[m\x1b[K:\n'}
[49.406712] (decomp_util) StderrLine: {'line': b'\x1b[01m\x1b[K/usr/include/boost/detail/no_exceptions_support.hpp:17:1:\x1b[m\x1b[K \x1b[01;36m\x1b[Knote: \x1b[m\x1b[K\xe2\x80\x98\x1b[01m\x1b[K#pragma message: This header is deprecated. Use <boost/core/no_exceptions_support.hpp> instead.\x1b[m\x1b[K\xe2\x80\x99\n'}
[49.406780] (decomp_util) StderrLine: {'line': b'   17 | \x1b[01;36m\x1b[KBOOST_HEADER_DEPRECATED\x1b[m\x1b[K("<boost/core/no_exceptions_support.hpp>")\n'}
[49.406846] (decomp_util) StderrLine: {'line': b'      | \x1b[01;36m\x1b[K^~~~~~~~~~~~~~~~~~~~~~~\x1b[m\x1b[K\n'}
[49.413771] (-) TimerEvent: {}
[49.513998] (-) TimerEvent: {}
[49.614270] (-) TimerEvent: {}
[49.714539] (-) TimerEvent: {}
[49.814816] (-) TimerEvent: {}
[49.915095] (-) TimerEvent: {}
[50.015371] (-) TimerEvent: {}
[50.115645] (-) TimerEvent: {}
[50.215921] (-) TimerEvent: {}
[50.316190] (-) TimerEvent: {}
[50.416462] (-) TimerEvent: {}
[50.516737] (-) TimerEvent: {}
[50.617015] (-) TimerEvent: {}
[50.717300] (-) TimerEvent: {}
[50.817577] (-) TimerEvent: {}
[50.917851] (-) TimerEvent: {}
[51.018133] (-) TimerEvent: {}
[51.118398] (-) TimerEvent: {}
[51.218668] (-) TimerEvent: {}
[51.318936] (-) TimerEvent: {}
[51.419214] (-) TimerEvent: {}
[51.519482] (-) TimerEvent: {}
[51.619751] (-) TimerEvent: {}
[51.720022] (-) TimerEvent: {}
[51.820299] (-) TimerEvent: {}
[51.920568] (-) TimerEvent: {}
[52.020846] (-) TimerEvent: {}
[52.121123] (-) TimerEvent: {}
[52.221404] (-) TimerEvent: {}
[52.321682] (-) TimerEvent: {}
[52.421953] (-) TimerEvent: {}
[52.522231] (-) TimerEvent: {}
[52.622499] (-) TimerEvent: {}
[52.722768] (-) TimerEvent: {}
[52.823041] (-) TimerEvent: {}
[52.923325] (-) TimerEvent: {}
[53.023596] (-) TimerEvent: {}
[53.123861] (-) TimerEvent: {}
[53.224126] (-) TimerEvent: {}
[53.324396] (-) TimerEvent: {}
[53.424676] (-) TimerEvent: {}
[53.524946] (-) TimerEvent: {}
[53.625223] (-) TimerEvent: {}
[53.725514] (-) TimerEvent: {}
[53.825805] (-) TimerEvent: {}
[53.926046] (-) TimerEvent: {}
[54.026301] (-) TimerEvent: {}
[54.126574] (-) TimerEvent: {}
[54.226847] (-) TimerEvent: {}
[54.327124] (-) TimerEvent: {}
[54.427404] (-) TimerEvent: {}
[54.527676] (-) TimerEvent: {}
[54.627948] (-) TimerEvent: {}
[54.728229] (-) TimerEvent: {}
[54.828508] (-) TimerEvent: {}
[54.928788] (-) TimerEvent: {}
[55.029062] (-) TimerEvent: {}
[55.129347] (-) TimerEvent: {}
[55.229607] (-) TimerEvent: {}
[55.329884] (-) TimerEvent: {}
[55.430158] (-) TimerEvent: {}
[55.530431] (-) TimerEvent: {}
[55.630698] (-) TimerEvent: {}
[55.730958] (-) TimerEvent: {}
[55.831238] (-) TimerEvent: {}
[55.931523] (-) TimerEvent: {}
[56.031805] (-) TimerEvent: {}
[56.132079] (-) TimerEvent: {}
[56.232314] (-) TimerEvent: {}
[56.332600] (-) TimerEvent: {}
[56.432873] (-) TimerEvent: {}
[56.533143] (-) TimerEvent: {}
[56.633415] (-) TimerEvent: {}
[56.733701] (-) TimerEvent: {}
[56.833968] (-) TimerEvent: {}
[56.934229] (-) TimerEvent: {}
[57.034492] (-) TimerEvent: {}
[57.094308] (decomp_util) StderrLine: {'line': b'In file included from \x1b[01m\x1b[K/usr/include/boost/geometry/strategies/cartesian/expand_box.hpp:24\x1b[m\x1b[K,\n'}
[57.094801] (decomp_util) StderrLine: {'line': b'                 from \x1b[01m\x1b[K/usr/include/boost/geometry/strategies/cartesian/envelope_box.hpp:35\x1b[m\x1b[K,\n'}
[57.094864] (decomp_util) StderrLine: {'line': b'                 from \x1b[01m\x1b[K/usr/include/boost/geometry/strategies/cartesian/envelope.hpp:29\x1b[m\x1b[K,\n'}
[57.094913] (decomp_util) StderrLine: {'line': b'                 from \x1b[01m\x1b[K/usr/include/boost/geometry/strategies/cartesian/intersection.hpp:40\x1b[m\x1b[K,\n'}
[57.094960] (decomp_util) StderrLine: {'line': b'                 from \x1b[01m\x1b[K/usr/include/boost/geometry/strategies/intersection_strategies.hpp:28\x1b[m\x1b[K,\n'}
[57.095006] (decomp_util) StderrLine: {'line': b'                 from \x1b[01m\x1b[K/usr/include/boost/geometry/strategies/strategies.hpp:39\x1b[m\x1b[K,\n'}
[57.095051] (decomp_util) StderrLine: {'line': b'                 from \x1b[01m\x1b[K/usr/include/boost/geometry/geometry.hpp:58\x1b[m\x1b[K:\n'}
[57.095152] (decomp_util) StderrLine: {'line': b'In static member function \xe2\x80\x98\x1b[01m\x1b[Kstatic void boost::geometry::detail::expand::indexed_loop<Index, Dimension, DimensionCount>::apply(Box&, const Geometry&) [with Box = boost::geometry::model::box<boost::geometry::model::d2::point_xy<double> >; Geometry = boost::geometry::model::box<boost::geometry::model::d2::point_xy<double> >; long unsigned int Index = 0; long unsigned int Dimension = 1; long unsigned int DimensionCount = 2]\x1b[m\x1b[K\xe2\x80\x99,\n'}
[57.095202] (decomp_util) StderrLine: {'line': b'    inlined from \xe2\x80\x98\x1b[01m\x1b[Kstatic void boost::geometry::detail::expand::indexed_loop<Index, Dimension, DimensionCount>::apply(Box&, const Geometry&) [with Box = boost::geometry::model::box<boost::geometry::model::d2::point_xy<double> >; Geometry = boost::geometry::model::box<boost::geometry::model::d2::point_xy<double> >; long unsigned int Index = 0; long unsigned int Dimension = 0; long unsigned int DimensionCount = 2]\x1b[m\x1b[K\xe2\x80\x99 at \x1b[01m\x1b[K/usr/include/boost/geometry/algorithms/detail/expand/indexed.hpp:78:21\x1b[m\x1b[K,\n'}
[57.095250] (decomp_util) StderrLine: {'line': b'    inlined from \xe2\x80\x98\x1b[01m\x1b[Kstatic void boost::geometry::detail::expand::expand_indexed<Dimension, DimensionCount>::apply(Box&, const Geometry&) [with Box = boost::geometry::model::box<boost::geometry::model::d2::point_xy<double> >; Geometry = boost::geometry::model::box<boost::geometry::model::d2::point_xy<double> >; long unsigned int Dimension = 0; long unsigned int DimensionCount = 2]\x1b[m\x1b[K\xe2\x80\x99 at \x1b[01m\x1b[K/usr/include/boost/geometry/algorithms/detail/expand/indexed.hpp:105:21\x1b[m\x1b[K,\n'}
[57.095295] (decomp_util) StderrLine: {'line': b'    inlined from \xe2\x80\x98\x1b[01m\x1b[Kstatic void boost::geometry::strategy::expand::cartesian_box::apply(BoxOut&, const BoxIn&) [with BoxOut = boost::geometry::model::box<boost::geometry::model::d2::point_xy<double> >; BoxIn = boost::geometry::model::box<boost::geometry::model::d2::point_xy<double> >]\x1b[m\x1b[K\xe2\x80\x99 at \x1b[01m\x1b[K/usr/include/boost/geometry/strategies/cartesian/expand_box.hpp:43:21\x1b[m\x1b[K,\n'}
[57.095339] (decomp_util) StderrLine: {'line': b'    inlined from \xe2\x80\x98\x1b[01m\x1b[Kvoid boost::geometry::strategy::envelope::cartesian<CalculationType>::multi_state<Box>::apply(const Box&) [with Box = boost::geometry::model::box<boost::geometry::model::d2::point_xy<double> >; CalculationType = double]\x1b[m\x1b[K\xe2\x80\x99 at \x1b[01m\x1b[K/usr/include/boost/geometry/strategies/cartesian/envelope.hpp:96:48\x1b[m\x1b[K,\n'}
[57.095383] (decomp_util) StderrLine: {'line': b'    inlined from \xe2\x80\x98\x1b[01m\x1b[Kstatic void boost::geometry::detail::envelope::envelope_multi_range<EnvelopePolicy>::apply(Iter, Iter, Box&, const Strategy&) [with Iter = __gnu_cxx::__normal_iterator<const boost::geometry::model::ring<boost::geometry::model::d2::point_xy<double>, true, true, std::vector, std::allocator>*, std::vector<boost::geometry::model::ring<boost::geometry::model::d2::point_xy<double>, true, true, std::vector, std::allocator>, std::allocator<boost::geometry::model::ring<boost::geometry::model::d2::point_xy<double>, true, true, std::vector, std::allocator> > > >; Box = boost::geometry::model::box<boost::geometry::model::d2::point_xy<double> >; Strategy = boost::geometry::strategy::envelope::cartesian<double>; EnvelopePolicy = boost::geometry::detail::envelope::envelope_range]\x1b[m\x1b[K\xe2\x80\x99 at \x1b[01m\x1b[K/usr/include/boost/geometry/algorithms/detail/envelope/range.hpp:113:28\x1b[m\x1b[K,\n'}
[57.095439] (decomp_util) StderrLine: {'line': b'    inlined from \xe2\x80\x98\x1b[01m\x1b[Kstatic void boost::geometry::detail::envelope::envelope_multi_range<EnvelopePolicy>::apply(const MultiRange&, Box&, const Strategy&) [with MultiRange = std::vector<boost::geometry::model::ring<boost::geometry::model::d2::point_xy<double>, true, true, std::vector, std::allocator>, std::allocator<boost::geometry::model::ring<boost::geometry::model::d2::point_xy<double>, true, true, std::vector, std::allocator> > >; Box = boost::geometry::model::box<boost::geometry::model::d2::point_xy<double> >; Strategy = boost::geometry::strategy::envelope::cartesian<double>; EnvelopePolicy = boost::geometry::detail::envelope::envelope_range]\x1b[m\x1b[K\xe2\x80\x99 at \x1b[01m\x1b[K/usr/include/boost/geometry/algorithms/detail/envelope/range.hpp:97:14\x1b[m\x1b[K,\n'}
[57.095485] (decomp_util) StderrLine: {'line': b'    inlined from \xe2\x80\x98\x1b[01m\x1b[Kstatic void boost::geometry::detail::envelope::envelope_polygon::apply(const Polygon&, Box&, const Strategy&) [with Polygon = boost::geometry::model::polygon<boost::geometry::model::d2::point_xy<double> >; Box = boost::geometry::model::box<boost::geometry::model::d2::point_xy<double> >; Strategy = boost::geometry::strategy::envelope::cartesian<double>]\x1b[m\x1b[K\xe2\x80\x99 at \x1b[01m\x1b[K/usr/include/boost/geometry/algorithms/detail/envelope/areal.hpp:46:25\x1b[m\x1b[K,\n'}
[57.095532] (decomp_util) StderrLine: {'line': b'    inlined from \xe2\x80\x98\x1b[01m\x1b[Kstatic void boost::geometry::resolve_strategy::envelope<Geometry>::apply(const Geometry&, Box&, boost::geometry::default_strategy) [with Box = boost::geometry::model::box<boost::geometry::model::d2::point_xy<double> >; Geometry = boost::geometry::model::polygon<boost::geometry::model::d2::point_xy<double> >]\x1b[m\x1b[K\xe2\x80\x99 at \x1b[01m\x1b[K/usr/include/boost/geometry/algorithms/detail/envelope/interface.hpp:76:44\x1b[m\x1b[K,\n'}
[57.095576] (decomp_util) StderrLine: {'line': b'    inlined from \xe2\x80\x98\x1b[01m\x1b[Kstatic void boost::geometry::resolve_variant::envelope<Geometry>::apply(const Geometry&, Box&, const Strategy&) [with Box = boost::geometry::model::box<boost::geometry::model::d2::point_xy<double> >; Strategy = boost::geometry::default_strategy; Geometry = boost::geometry::model::polygon<boost::geometry::model::d2::point_xy<double> >]\x1b[m\x1b[K\xe2\x80\x99 at \x1b[01m\x1b[K/usr/include/boost/geometry/algorithms/detail/envelope/interface.hpp:96:52\x1b[m\x1b[K,\n'}
[57.095619] (decomp_util) StderrLine: {'line': b'    inlined from \xe2\x80\x98\x1b[01m\x1b[KBox boost::geometry::return_envelope(const Geometry&) [with Box = model::box<model::d2::point_xy<double> >; Geometry = model::polygon<model::d2::point_xy<double> >]\x1b[m\x1b[K\xe2\x80\x99 at \x1b[01m\x1b[K/usr/include/boost/geometry/algorithms/detail/envelope/interface.hpp:225:47\x1b[m\x1b[K,\n'}
[57.095662] (decomp_util) StderrLine: {'line': b'    inlined from \xe2\x80\x98\x1b[01m\x1b[Kvoid boost::geometry::svg_mapper<Point, SameScale, SvgCoordinateType>::add(const Geometry&) [with Geometry = boost::geometry::model::polygon<boost::geometry::model::d2::point_xy<double> >; Point = boost::geometry::model::d2::point_xy<double>; bool SameScale = true; SvgCoordinateType = double]\x1b[m\x1b[K\xe2\x80\x99 at \x1b[01m\x1b[K/usr/include/boost/geometry/io/svg/svg_mapper.hpp:375:22\x1b[m\x1b[K:\n'}
[57.095707] (decomp_util) StderrLine: {'line': b'\x1b[01m\x1b[K/usr/include/boost/geometry/algorithms/detail/expand/indexed.hpp:70:9:\x1b[m\x1b[K \x1b[01;35m\x1b[Kwarning: \x1b[m\x1b[K\xe2\x80\x98\x1b[01m\x1b[K*(boost::geometry::model::point<double, 2, boost::geometry::cs::cartesian>*)((char*)&state + offsetof(boost::geometry::strategy::envelope::cartesian<double>::multi_state<boost::geometry::model::box<boost::geometry::model::d2::point_xy<double, boost::geometry::cs::cartesian> > >,boost::geometry::strategy::envelope::cartesian<double>::multi_state<boost::geometry::model::box<boost::geometry::model::d2::point_xy<double, boost::geometry::cs::cartesian> > >::m_box.boost::geometry::model::box<boost::geometry::model::d2::point_xy<double, boost::geometry::cs::cartesian> >::m_max_corner.boost::geometry::model::d2::point_xy<double, boost::geometry::cs::cartesian>::<unnamed>)).boost::geometry::model::point<double, 2, boost::geometry::cs::cartesian>::m_values[1]\x1b[m\x1b[K\xe2\x80\x99 may be used uninitialized [\x1b[01;35m\x1b[K\x1b]8;;https://gcc.gnu.org/onlinedocs/gcc/Warning-Options.html#index-Wmaybe-uninitialized\x07-Wmaybe-uninitialized\x1b]8;;\x07\x1b[m\x1b[K]\n'}
[57.095760] (decomp_util) StderrLine: {'line': b'   70 |         \x1b[01;35m\x1b[Kif\x1b[m\x1b[K (greater(coord, get<max_corner, Dimension>(box)))\n'}
[57.095802] (decomp_util) StderrLine: {'line': b'      |         \x1b[01;35m\x1b[K^~\x1b[m\x1b[K\n'}
[57.095842] (decomp_util) StderrLine: {'line': b'In file included from \x1b[01m\x1b[K/usr/include/boost/geometry/algorithms/detail/envelope/areal.hpp:20\x1b[m\x1b[K,\n'}
[57.095884] (decomp_util) StderrLine: {'line': b'                 from \x1b[01m\x1b[K/usr/include/boost/geometry/algorithms/detail/envelope/implementation.hpp:29\x1b[m\x1b[K,\n'}
[57.095925] (decomp_util) StderrLine: {'line': b'                 from \x1b[01m\x1b[K/usr/include/boost/geometry/algorithms/envelope.hpp:23\x1b[m\x1b[K,\n'}
[57.095966] (decomp_util) StderrLine: {'line': b'                 from \x1b[01m\x1b[K/usr/include/boost/geometry/algorithms/detail/disjoint/segment_box.hpp:36\x1b[m\x1b[K,\n'}
[57.096007] (decomp_util) StderrLine: {'line': b'                 from \x1b[01m\x1b[K/usr/include/boost/geometry/strategies/spherical/disjoint_segment_box.hpp:30\x1b[m\x1b[K,\n'}
[57.096048] (decomp_util) StderrLine: {'line': b'                 from \x1b[01m\x1b[K/usr/include/boost/geometry/strategies/spherical/intersection.hpp:45\x1b[m\x1b[K,\n'}
[57.096095] (decomp_util) StderrLine: {'line': b'                 from \x1b[01m\x1b[K/usr/include/boost/geometry/strategies/intersection_strategies.hpp:30\x1b[m\x1b[K:\n'}
[57.096138] (decomp_util) StderrLine: {'line': b'\x1b[01m\x1b[K/usr/include/boost/geometry/algorithms/detail/envelope/range.hpp:\x1b[m\x1b[K In member function \xe2\x80\x98\x1b[01m\x1b[Kvoid boost::geometry::svg_mapper<Point, SameScale, SvgCoordinateType>::add(const Geometry&) [with Geometry = boost::geometry::model::polygon<boost::geometry::model::d2::point_xy<double> >; Point = boost::geometry::model::d2::point_xy<double>; bool SameScale = true; SvgCoordinateType = double]\x1b[m\x1b[K\xe2\x80\x99:\n'}
[57.096186] (decomp_util) StderrLine: {'line': b'\x1b[01m\x1b[K/usr/include/boost/geometry/algorithms/detail/envelope/range.hpp:106:54:\x1b[m\x1b[K \x1b[01;36m\x1b[Knote: \x1b[m\x1b[K\xe2\x80\x98\x1b[01m\x1b[K*(boost::geometry::model::point<double, 2, boost::geometry::cs::cartesian>*)((char*)&state + offsetof(boost::geometry::strategy::envelope::cartesian<double>::multi_state<boost::geometry::model::box<boost::geometry::model::d2::point_xy<double, boost::geometry::cs::cartesian> > >,boost::geometry::strategy::envelope::cartesian<double>::multi_state<boost::geometry::model::box<boost::geometry::model::d2::point_xy<double, boost::geometry::cs::cartesian> > >::m_box.boost::geometry::model::box<boost::geometry::model::d2::point_xy<double, boost::geometry::cs::cartesian> >::m_max_corner.boost::geometry::model::d2::point_xy<double, boost::geometry::cs::cartesian>::<unnamed>)).boost::geometry::model::point<double, 2, boost::geometry::cs::cartesian>::m_values[1]\x1b[m\x1b[K\xe2\x80\x99 was declared here\n'}
[57.096235] (decomp_util) StderrLine: {'line': b'  106 |         typename Strategy::template multi_state<Box> \x1b[01;36m\x1b[Kstate\x1b[m\x1b[K;\n'}
[57.096277] (decomp_util) StderrLine: {'line': b'      |                                                      \x1b[01;36m\x1b[K^~~~~\x1b[m\x1b[K\n'}
[57.096317] (decomp_util) StderrLine: {'line': b'In static member function \xe2\x80\x98\x1b[01m\x1b[Kstatic void boost::geometry::detail::expand::indexed_loop<Index, Dimension, DimensionCount>::apply(Box&, const Geometry&) [with Box = boost::geometry::model::box<boost::geometry::model::d2::point_xy<double> >; Geometry = boost::geometry::model::box<boost::geometry::model::d2::point_xy<double> >; long unsigned int Index = 0; long unsigned int Dimension = 0; long unsigned int DimensionCount = 2]\x1b[m\x1b[K\xe2\x80\x99,\n'}
[57.096361] (decomp_util) StderrLine: {'line': b'    inlined from \xe2\x80\x98\x1b[01m\x1b[Kstatic void boost::geometry::detail::expand::expand_indexed<Dimension, DimensionCount>::apply(Box&, const Geometry&) [with Box = boost::geometry::model::box<boost::geometry::model::d2::point_xy<double> >; Geometry = boost::geometry::model::box<boost::geometry::model::d2::point_xy<double> >; long unsigned int Dimension = 0; long unsigned int DimensionCount = 2]\x1b[m\x1b[K\xe2\x80\x99 at \x1b[01m\x1b[K/usr/include/boost/geometry/algorithms/detail/expand/indexed.hpp:105:21\x1b[m\x1b[K,\n'}
[57.096405] (decomp_util) StderrLine: {'line': b'    inlined from \xe2\x80\x98\x1b[01m\x1b[Kstatic void boost::geometry::strategy::expand::cartesian_box::apply(BoxOut&, const BoxIn&) [with BoxOut = boost::geometry::model::box<boost::geometry::model::d2::point_xy<double> >; BoxIn = boost::geometry::model::box<boost::geometry::model::d2::point_xy<double> >]\x1b[m\x1b[K\xe2\x80\x99 at \x1b[01m\x1b[K/usr/include/boost/geometry/strategies/cartesian/expand_box.hpp:43:21\x1b[m\x1b[K,\n'}
[57.096451] (decomp_util) StderrLine: {'line': b'    inlined from \xe2\x80\x98\x1b[01m\x1b[Kvoid boost::geometry::strategy::envelope::cartesian<CalculationType>::multi_state<Box>::apply(const Box&) [with Box = boost::geometry::model::box<boost::geometry::model::d2::point_xy<double> >; CalculationType = double]\x1b[m\x1b[K\xe2\x80\x99 at \x1b[01m\x1b[K/usr/include/boost/geometry/strategies/cartesian/envelope.hpp:96:48\x1b[m\x1b[K,\n'}
[57.096496] (decomp_util) StderrLine: {'line': b'    inlined from \xe2\x80\x98\x1b[01m\x1b[Kstatic void boost::geometry::detail::envelope::envelope_multi_range<EnvelopePolicy>::apply(Iter, Iter, Box&, const Strategy&) [with Iter = __gnu_cxx::__normal_iterator<const boost::geometry::model::ring<boost::geometry::model::d2::point_xy<double>, true, true, std::vector, std::allocator>*, std::vector<boost::geometry::model::ring<boost::geometry::model::d2::point_xy<double>, true, true, std::vector, std::allocator>, std::allocator<boost::geometry::model::ring<boost::geometry::model::d2::point_xy<double>, true, true, std::vector, std::allocator> > > >; Box = boost::geometry::model::box<boost::geometry::model::d2::point_xy<double> >; Strategy = boost::geometry::strategy::envelope::cartesian<double>; EnvelopePolicy = boost::geometry::detail::envelope::envelope_range]\x1b[m\x1b[K\xe2\x80\x99 at \x1b[01m\x1b[K/usr/include/boost/geometry/algorithms/detail/envelope/range.hpp:113:28\x1b[m\x1b[K,\n'}
[57.096543] (decomp_util) StderrLine: {'line': b'    inlined from \xe2\x80\x98\x1b[01m\x1b[Kstatic void boost::geometry::detail::envelope::envelope_multi_range<EnvelopePolicy>::apply(const MultiRange&, Box&, const Strategy&) [with MultiRange = std::vector<boost::geometry::model::ring<boost::geometry::model::d2::point_xy<double>, true, true, std::vector, std::allocator>, std::allocator<boost::geometry::model::ring<boost::geometry::model::d2::point_xy<double>, true, true, std::vector, std::allocator> > >; Box = boost::geometry::model::box<boost::geometry::model::d2::point_xy<double> >; Strategy = boost::geometry::strategy::envelope::cartesian<double>; EnvelopePolicy = boost::geometry::detail::envelope::envelope_range]\x1b[m\x1b[K\xe2\x80\x99 at \x1b[01m\x1b[K/usr/include/boost/geometry/algorithms/detail/envelope/range.hpp:97:14\x1b[m\x1b[K,\n'}
[57.096595] (decomp_util) StderrLine: {'line': b'    inlined from \xe2\x80\x98\x1b[01m\x1b[Kstatic void boost::geometry::detail::envelope::envelope_polygon::apply(const Polygon&, Box&, const Strategy&) [with Polygon = boost::geometry::model::polygon<boost::geometry::model::d2::point_xy<double> >; Box = boost::geometry::model::box<boost::geometry::model::d2::point_xy<double> >; Strategy = boost::geometry::strategy::envelope::cartesian<double>]\x1b[m\x1b[K\xe2\x80\x99 at \x1b[01m\x1b[K/usr/include/boost/geometry/algorithms/detail/envelope/areal.hpp:46:25\x1b[m\x1b[K,\n'}
[57.096639] (decomp_util) StderrLine: {'line': b'    inlined from \xe2\x80\x98\x1b[01m\x1b[Kstatic void boost::geometry::resolve_strategy::envelope<Geometry>::apply(const Geometry&, Box&, boost::geometry::default_strategy) [with Box = boost::geometry::model::box<boost::geometry::model::d2::point_xy<double> >; Geometry = boost::geometry::model::polygon<boost::geometry::model::d2::point_xy<double> >]\x1b[m\x1b[K\xe2\x80\x99 at \x1b[01m\x1b[K/usr/include/boost/geometry/algorithms/detail/envelope/interface.hpp:76:44\x1b[m\x1b[K,\n'}
[57.096683] (decomp_util) StderrLine: {'line': b'    inlined from \xe2\x80\x98\x1b[01m\x1b[Kstatic void boost::geometry::resolve_variant::envelope<Geometry>::apply(const Geometry&, Box&, const Strategy&) [with Box = boost::geometry::model::box<boost::geometry::model::d2::point_xy<double> >; Strategy = boost::geometry::default_strategy; Geometry = boost::geometry::model::polygon<boost::geometry::model::d2::point_xy<double> >]\x1b[m\x1b[K\xe2\x80\x99 at \x1b[01m\x1b[K/usr/include/boost/geometry/algorithms/detail/envelope/interface.hpp:96:52\x1b[m\x1b[K,\n'}
[57.096727] (decomp_util) StderrLine: {'line': b'    inlined from \xe2\x80\x98\x1b[01m\x1b[KBox boost::geometry::return_envelope(const Geometry&) [with Box = model::box<model::d2::point_xy<double> >; Geometry = model::polygon<model::d2::point_xy<double> >]\x1b[m\x1b[K\xe2\x80\x99 at \x1b[01m\x1b[K/usr/include/boost/geometry/algorithms/detail/envelope/interface.hpp:225:47\x1b[m\x1b[K,\n'}
[57.096771] (decomp_util) StderrLine: {'line': b'    inlined from \xe2\x80\x98\x1b[01m\x1b[Kvoid boost::geometry::svg_mapper<Point, SameScale, SvgCoordinateType>::add(const Geometry&) [with Geometry = boost::geometry::model::polygon<boost::geometry::model::d2::point_xy<double> >; Point = boost::geometry::model::d2::point_xy<double>; bool SameScale = true; SvgCoordinateType = double]\x1b[m\x1b[K\xe2\x80\x99 at \x1b[01m\x1b[K/usr/include/boost/geometry/io/svg/svg_mapper.hpp:375:22\x1b[m\x1b[K:\n'}
[57.096816] (decomp_util) StderrLine: {'line': b'\x1b[01m\x1b[K/usr/include/boost/geometry/algorithms/detail/expand/indexed.hpp:70:9:\x1b[m\x1b[K \x1b[01;35m\x1b[Kwarning: \x1b[m\x1b[K\xe2\x80\x98\x1b[01m\x1b[K*(boost::geometry::model::point<double, 2, boost::geometry::cs::cartesian>*)((char*)&state + offsetof(boost::geometry::strategy::envelope::cartesian<double>::multi_state<boost::geometry::model::box<boost::geometry::model::d2::point_xy<double, boost::geometry::cs::cartesian> > >,boost::geometry::strategy::envelope::cartesian<double>::multi_state<boost::geometry::model::box<boost::geometry::model::d2::point_xy<double, boost::geometry::cs::cartesian> > >::m_box.boost::geometry::model::box<boost::geometry::model::d2::point_xy<double, boost::geometry::cs::cartesian> >::m_max_corner.boost::geometry::model::d2::point_xy<double, boost::geometry::cs::cartesian>::<unnamed>)).boost::geometry::model::point<double, 2, boost::geometry::cs::cartesian>::m_values[0]\x1b[m\x1b[K\xe2\x80\x99 may be used uninitialized [\x1b[01;35m\x1b[K\x1b]8;;https://gcc.gnu.org/onlinedocs/gcc/Warning-Options.html#index-Wmaybe-uninitialized\x07-Wmaybe-uninitialized\x1b]8;;\x07\x1b[m\x1b[K]\n'}
[57.096869] (decomp_util) StderrLine: {'line': b'   70 |         \x1b[01;35m\x1b[Kif\x1b[m\x1b[K (greater(coord, get<max_corner, Dimension>(box)))\n'}
[57.096910] (decomp_util) StderrLine: {'line': b'      |         \x1b[01;35m\x1b[K^~\x1b[m\x1b[K\n'}
[57.096951] (decomp_util) StderrLine: {'line': b'\x1b[01m\x1b[K/usr/include/boost/geometry/algorithms/detail/envelope/range.hpp:\x1b[m\x1b[K In member function \xe2\x80\x98\x1b[01m\x1b[Kvoid boost::geometry::svg_mapper<Point, SameScale, SvgCoordinateType>::add(const Geometry&) [with Geometry = boost::geometry::model::polygon<boost::geometry::model::d2::point_xy<double> >; Point = boost::geometry::model::d2::point_xy<double>; bool SameScale = true; SvgCoordinateType = double]\x1b[m\x1b[K\xe2\x80\x99:\n'}
[57.096998] (decomp_util) StderrLine: {'line': b'\x1b[01m\x1b[K/usr/include/boost/geometry/algorithms/detail/envelope/range.hpp:106:54:\x1b[m\x1b[K \x1b[01;36m\x1b[Knote: \x1b[m\x1b[K\xe2\x80\x98\x1b[01m\x1b[K*(boost::geometry::model::point<double, 2, boost::geometry::cs::cartesian>*)((char*)&state + offsetof(boost::geometry::strategy::envelope::cartesian<double>::multi_state<boost::geometry::model::box<boost::geometry::model::d2::point_xy<double, boost::geometry::cs::cartesian> > >,boost::geometry::strategy::envelope::cartesian<double>::multi_state<boost::geometry::model::box<boost::geometry::model::d2::point_xy<double, boost::geometry::cs::cartesian> > >::m_box.boost::geometry::model::box<boost::geometry::model::d2::point_xy<double, boost::geometry::cs::cartesian> >::m_max_corner.boost::geometry::model::d2::point_xy<double, boost::geometry::cs::cartesian>::<unnamed>)).boost::geometry::model::point<double, 2, boost::geometry::cs::cartesian>::m_values[0]\x1b[m\x1b[K\xe2\x80\x99 was declared here\n'}
[57.097045] (decomp_util) StderrLine: {'line': b'  106 |         typename Strategy::template multi_state<Box> \x1b[01;36m\x1b[Kstate\x1b[m\x1b[K;\n'}
[57.097091] (decomp_util) StderrLine: {'line': b'      |                                                      \x1b[01;36m\x1b[K^~~~~\x1b[m\x1b[K\n'}
[57.097134] (decomp_util) StderrLine: {'line': b'In static member function \xe2\x80\x98\x1b[01m\x1b[Kstatic void boost::geometry::detail::expand::indexed_loop<Index, Dimension, DimensionCount>::apply(Box&, const Geometry&) [with Box = boost::geometry::model::box<boost::geometry::model::d2::point_xy<double> >; Geometry = boost::geometry::model::box<boost::geometry::model::d2::point_xy<double> >; long unsigned int Index = 0; long unsigned int Dimension = 1; long unsigned int DimensionCount = 2]\x1b[m\x1b[K\xe2\x80\x99,\n'}
[57.097178] (decomp_util) StderrLine: {'line': b'    inlined from \xe2\x80\x98\x1b[01m\x1b[Kstatic void boost::geometry::detail::expand::indexed_loop<Index, Dimension, DimensionCount>::apply(Box&, const Geometry&) [with Box = boost::geometry::model::box<boost::geometry::model::d2::point_xy<double> >; Geometry = boost::geometry::model::box<boost::geometry::model::d2::point_xy<double> >; long unsigned int Index = 0; long unsigned int Dimension = 0; long unsigned int DimensionCount = 2]\x1b[m\x1b[K\xe2\x80\x99 at \x1b[01m\x1b[K/usr/include/boost/geometry/algorithms/detail/expand/indexed.hpp:78:21\x1b[m\x1b[K,\n'}
[57.097225] (decomp_util) StderrLine: {'line': b'    inlined from \xe2\x80\x98\x1b[01m\x1b[Kstatic void boost::geometry::detail::expand::expand_indexed<Dimension, DimensionCount>::apply(Box&, const Geometry&) [with Box = boost::geometry::model::box<boost::geometry::model::d2::point_xy<double> >; Geometry = boost::geometry::model::box<boost::geometry::model::d2::point_xy<double> >; long unsigned int Dimension = 0; long unsigned int DimensionCount = 2]\x1b[m\x1b[K\xe2\x80\x99 at \x1b[01m\x1b[K/usr/include/boost/geometry/algorithms/detail/expand/indexed.hpp:105:21\x1b[m\x1b[K,\n'}
[57.097268] (decomp_util) StderrLine: {'line': b'    inlined from \xe2\x80\x98\x1b[01m\x1b[Kstatic void boost::geometry::strategy::expand::cartesian_box::apply(BoxOut&, const BoxIn&) [with BoxOut = boost::geometry::model::box<boost::geometry::model::d2::point_xy<double> >; BoxIn = boost::geometry::model::box<boost::geometry::model::d2::point_xy<double> >]\x1b[m\x1b[K\xe2\x80\x99 at \x1b[01m\x1b[K/usr/include/boost/geometry/strategies/cartesian/expand_box.hpp:43:21\x1b[m\x1b[K,\n'}
[57.097316] (decomp_util) StderrLine: {'line': b'    inlined from \xe2\x80\x98\x1b[01m\x1b[Kvoid boost::geometry::strategy::envelope::cartesian<CalculationType>::multi_state<Box>::apply(const Box&) [with Box = boost::geometry::model::box<boost::geometry::model::d2::point_xy<double> >; CalculationType = double]\x1b[m\x1b[K\xe2\x80\x99 at \x1b[01m\x1b[K/usr/include/boost/geometry/strategies/cartesian/envelope.hpp:96:48\x1b[m\x1b[K,\n'}
[57.097358] (decomp_util) StderrLine: {'line': b'    inlined from \xe2\x80\x98\x1b[01m\x1b[Kstatic void boost::geometry::detail::envelope::envelope_multi_range<EnvelopePolicy>::apply(Iter, Iter, Box&, const Strategy&) [with Iter = __gnu_cxx::__normal_iterator<const boost::geometry::model::ring<boost::geometry::model::d2::point_xy<double>, true, true, std::vector, std::allocator>*, std::vector<boost::geometry::model::ring<boost::geometry::model::d2::point_xy<double>, true, true, std::vector, std::allocator>, std::allocator<boost::geometry::model::ring<boost::geometry::model::d2::point_xy<double>, true, true, std::vector, std::allocator> > > >; Box = boost::geometry::model::box<boost::geometry::model::d2::point_xy<double> >; Strategy = boost::geometry::strategy::envelope::cartesian<double>; EnvelopePolicy = boost::geometry::detail::envelope::envelope_range]\x1b[m\x1b[K\xe2\x80\x99 at \x1b[01m\x1b[K/usr/include/boost/geometry/algorithms/detail/envelope/range.hpp:113:28\x1b[m\x1b[K,\n'}
[57.097407] (decomp_util) StderrLine: {'line': b'    inlined from \xe2\x80\x98\x1b[01m\x1b[Kstatic void boost::geometry::detail::envelope::envelope_multi_range<EnvelopePolicy>::apply(const MultiRange&, Box&, const Strategy&) [with MultiRange = std::vector<boost::geometry::model::ring<boost::geometry::model::d2::point_xy<double>, true, true, std::vector, std::allocator>, std::allocator<boost::geometry::model::ring<boost::geometry::model::d2::point_xy<double>, true, true, std::vector, std::allocator> > >; Box = boost::geometry::model::box<boost::geometry::model::d2::point_xy<double> >; Strategy = boost::geometry::strategy::envelope::cartesian<double>; EnvelopePolicy = boost::geometry::detail::envelope::envelope_range]\x1b[m\x1b[K\xe2\x80\x99 at \x1b[01m\x1b[K/usr/include/boost/geometry/algorithms/detail/envelope/range.hpp:97:14\x1b[m\x1b[K,\n'}
[57.097452] (decomp_util) StderrLine: {'line': b'    inlined from \xe2\x80\x98\x1b[01m\x1b[Kstatic void boost::geometry::detail::envelope::envelope_polygon::apply(const Polygon&, Box&, const Strategy&) [with Polygon = boost::geometry::model::polygon<boost::geometry::model::d2::point_xy<double> >; Box = boost::geometry::model::box<boost::geometry::model::d2::point_xy<double> >; Strategy = boost::geometry::strategy::envelope::cartesian<double>]\x1b[m\x1b[K\xe2\x80\x99 at \x1b[01m\x1b[K/usr/include/boost/geometry/algorithms/detail/envelope/areal.hpp:46:25\x1b[m\x1b[K,\n'}
[57.097496] (decomp_util) StderrLine: {'line': b'    inlined from \xe2\x80\x98\x1b[01m\x1b[Kstatic void boost::geometry::resolve_strategy::envelope<Geometry>::apply(const Geometry&, Box&, boost::geometry::default_strategy) [with Box = boost::geometry::model::box<boost::geometry::model::d2::point_xy<double> >; Geometry = boost::geometry::model::polygon<boost::geometry::model::d2::point_xy<double> >]\x1b[m\x1b[K\xe2\x80\x99 at \x1b[01m\x1b[K/usr/include/boost/geometry/algorithms/detail/envelope/interface.hpp:76:44\x1b[m\x1b[K,\n'}
[57.097539] (decomp_util) StderrLine: {'line': b'    inlined from \xe2\x80\x98\x1b[01m\x1b[Kstatic void boost::geometry::resolve_variant::envelope<Geometry>::apply(const Geometry&, Box&, const Strategy&) [with Box = boost::geometry::model::box<boost::geometry::model::d2::point_xy<double> >; Strategy = boost::geometry::default_strategy; Geometry = boost::geometry::model::polygon<boost::geometry::model::d2::point_xy<double> >]\x1b[m\x1b[K\xe2\x80\x99 at \x1b[01m\x1b[K/usr/include/boost/geometry/algorithms/detail/envelope/interface.hpp:96:52\x1b[m\x1b[K,\n'}
[57.097587] (decomp_util) StderrLine: {'line': b'    inlined from \xe2\x80\x98\x1b[01m\x1b[KBox boost::geometry::return_envelope(const Geometry&) [with Box = model::box<model::d2::point_xy<double> >; Geometry = model::polygon<model::d2::point_xy<double> >]\x1b[m\x1b[K\xe2\x80\x99 at \x1b[01m\x1b[K/usr/include/boost/geometry/algorithms/detail/envelope/interface.hpp:225:47\x1b[m\x1b[K,\n'}
[57.097630] (decomp_util) StderrLine: {'line': b'    inlined from \xe2\x80\x98\x1b[01m\x1b[Kvoid boost::geometry::svg_mapper<Point, SameScale, SvgCoordinateType>::add(const Geometry&) [with Geometry = boost::geometry::model::polygon<boost::geometry::model::d2::point_xy<double> >; Point = boost::geometry::model::d2::point_xy<double>; bool SameScale = true; SvgCoordinateType = double]\x1b[m\x1b[K\xe2\x80\x99 at \x1b[01m\x1b[K/usr/include/boost/geometry/io/svg/svg_mapper.hpp:375:22\x1b[m\x1b[K:\n'}
[57.097676] (decomp_util) StderrLine: {'line': b'\x1b[01m\x1b[K/usr/include/boost/geometry/algorithms/detail/expand/indexed.hpp:65:9:\x1b[m\x1b[K \x1b[01;35m\x1b[Kwarning: \x1b[m\x1b[K\xe2\x80\x98\x1b[01m\x1b[K*(boost::geometry::model::point<double, 2, boost::geometry::cs::cartesian>*)((char*)&state + offsetof(boost::geometry::strategy::envelope::cartesian<double>::multi_state<boost::geometry::model::box<boost::geometry::model::d2::point_xy<double, boost::geometry::cs::cartesian> > >,boost::geometry::strategy::envelope::cartesian<double>::multi_state<boost::geometry::model::box<boost::geometry::model::d2::point_xy<double, boost::geometry::cs::cartesian> > >::m_box.boost::geometry::model::box<boost::geometry::model::d2::point_xy<double, boost::geometry::cs::cartesian> >::m_min_corner.boost::geometry::model::d2::point_xy<double, boost::geometry::cs::cartesian>::<unnamed>)).boost::geometry::model::point<double, 2, boost::geometry::cs::cartesian>::m_values[1]\x1b[m\x1b[K\xe2\x80\x99 may be used uninitialized [\x1b[01;35m\x1b[K\x1b]8;;https://gcc.gnu.org/onlinedocs/gcc/Warning-Options.html#index-Wmaybe-uninitialized\x07-Wmaybe-uninitialized\x1b]8;;\x07\x1b[m\x1b[K]\n'}
[57.097724] (decomp_util) StderrLine: {'line': b'   65 |         \x1b[01;35m\x1b[Kif\x1b[m\x1b[K (less(coord, get<min_corner, Dimension>(box)))\n'}
[57.097769] (decomp_util) StderrLine: {'line': b'      |         \x1b[01;35m\x1b[K^~\x1b[m\x1b[K\n'}
[57.097810] (decomp_util) StderrLine: {'line': b'\x1b[01m\x1b[K/usr/include/boost/geometry/algorithms/detail/envelope/range.hpp:\x1b[m\x1b[K In member function \xe2\x80\x98\x1b[01m\x1b[Kvoid boost::geometry::svg_mapper<Point, SameScale, SvgCoordinateType>::add(const Geometry&) [with Geometry = boost::geometry::model::polygon<boost::geometry::model::d2::point_xy<double> >; Point = boost::geometry::model::d2::point_xy<double>; bool SameScale = true; SvgCoordinateType = double]\x1b[m\x1b[K\xe2\x80\x99:\n'}
[57.097854] (decomp_util) StderrLine: {'line': b'\x1b[01m\x1b[K/usr/include/boost/geometry/algorithms/detail/envelope/range.hpp:106:54:\x1b[m\x1b[K \x1b[01;36m\x1b[Knote: \x1b[m\x1b[K\xe2\x80\x98\x1b[01m\x1b[K*(boost::geometry::model::point<double, 2, boost::geometry::cs::cartesian>*)((char*)&state + offsetof(boost::geometry::strategy::envelope::cartesian<double>::multi_state<boost::geometry::model::box<boost::geometry::model::d2::point_xy<double, boost::geometry::cs::cartesian> > >,boost::geometry::strategy::envelope::cartesian<double>::multi_state<boost::geometry::model::box<boost::geometry::model::d2::point_xy<double, boost::geometry::cs::cartesian> > >::m_box.boost::geometry::model::box<boost::geometry::model::d2::point_xy<double, boost::geometry::cs::cartesian> >::m_min_corner.boost::geometry::model::d2::point_xy<double, boost::geometry::cs::cartesian>::<unnamed>)).boost::geometry::model::point<double, 2, boost::geometry::cs::cartesian>::m_values[1]\x1b[m\x1b[K\xe2\x80\x99 was declared here\n'}
[57.097899] (decomp_util) StderrLine: {'line': b'  106 |         typename Strategy::template multi_state<Box> \x1b[01;36m\x1b[Kstate\x1b[m\x1b[K;\n'}
[57.097940] (decomp_util) StderrLine: {'line': b'      |                                                      \x1b[01;36m\x1b[K^~~~~\x1b[m\x1b[K\n'}
[57.097984] (decomp_util) StderrLine: {'line': b'In static member function \xe2\x80\x98\x1b[01m\x1b[Kstatic void boost::geometry::detail::expand::indexed_loop<Index, Dimension, DimensionCount>::apply(Box&, const Geometry&) [with Box = boost::geometry::model::box<boost::geometry::model::d2::point_xy<double> >; Geometry = boost::geometry::model::box<boost::geometry::model::d2::point_xy<double> >; long unsigned int Index = 0; long unsigned int Dimension = 0; long unsigned int DimensionCount = 2]\x1b[m\x1b[K\xe2\x80\x99,\n'}
[57.098030] (decomp_util) StderrLine: {'line': b'    inlined from \xe2\x80\x98\x1b[01m\x1b[Kstatic void boost::geometry::detail::expand::expand_indexed<Dimension, DimensionCount>::apply(Box&, const Geometry&) [with Box = boost::geometry::model::box<boost::geometry::model::d2::point_xy<double> >; Geometry = boost::geometry::model::box<boost::geometry::model::d2::point_xy<double> >; long unsigned int Dimension = 0; long unsigned int DimensionCount = 2]\x1b[m\x1b[K\xe2\x80\x99 at \x1b[01m\x1b[K/usr/include/boost/geometry/algorithms/detail/expand/indexed.hpp:105:21\x1b[m\x1b[K,\n'}
[57.098087] (decomp_util) StderrLine: {'line': b'    inlined from \xe2\x80\x98\x1b[01m\x1b[Kstatic void boost::geometry::strategy::expand::cartesian_box::apply(BoxOut&, const BoxIn&) [with BoxOut = boost::geometry::model::box<boost::geometry::model::d2::point_xy<double> >; BoxIn = boost::geometry::model::box<boost::geometry::model::d2::point_xy<double> >]\x1b[m\x1b[K\xe2\x80\x99 at \x1b[01m\x1b[K/usr/include/boost/geometry/strategies/cartesian/expand_box.hpp:43:21\x1b[m\x1b[K,\n'}
[57.098141] (decomp_util) StderrLine: {'line': b'    inlined from \xe2\x80\x98\x1b[01m\x1b[Kvoid boost::geometry::strategy::envelope::cartesian<CalculationType>::multi_state<Box>::apply(const Box&) [with Box = boost::geometry::model::box<boost::geometry::model::d2::point_xy<double> >; CalculationType = double]\x1b[m\x1b[K\xe2\x80\x99 at \x1b[01m\x1b[K/usr/include/boost/geometry/strategies/cartesian/envelope.hpp:96:48\x1b[m\x1b[K,\n'}
[57.098184] (decomp_util) StderrLine: {'line': b'    inlined from \xe2\x80\x98\x1b[01m\x1b[Kstatic void boost::geometry::detail::envelope::envelope_multi_range<EnvelopePolicy>::apply(Iter, Iter, Box&, const Strategy&) [with Iter = __gnu_cxx::__normal_iterator<const boost::geometry::model::ring<boost::geometry::model::d2::point_xy<double>, true, true, std::vector, std::allocator>*, std::vector<boost::geometry::model::ring<boost::geometry::model::d2::point_xy<double>, true, true, std::vector, std::allocator>, std::allocator<boost::geometry::model::ring<boost::geometry::model::d2::point_xy<double>, true, true, std::vector, std::allocator> > > >; Box = boost::geometry::model::box<boost::geometry::model::d2::point_xy<double> >; Strategy = boost::geometry::strategy::envelope::cartesian<double>; EnvelopePolicy = boost::geometry::detail::envelope::envelope_range]\x1b[m\x1b[K\xe2\x80\x99 at \x1b[01m\x1b[K/usr/include/boost/geometry/algorithms/detail/envelope/range.hpp:113:28\x1b[m\x1b[K,\n'}
[57.098233] (decomp_util) StderrLine: {'line': b'    inlined from \xe2\x80\x98\x1b[01m\x1b[Kstatic void boost::geometry::detail::envelope::envelope_multi_range<EnvelopePolicy>::apply(const MultiRange&, Box&, const Strategy&) [with MultiRange = std::vector<boost::geometry::model::ring<boost::geometry::model::d2::point_xy<double>, true, true, std::vector, std::allocator>, std::allocator<boost::geometry::model::ring<boost::geometry::model::d2::point_xy<double>, true, true, std::vector, std::allocator> > >; Box = boost::geometry::model::box<boost::geometry::model::d2::point_xy<double> >; Strategy = boost::geometry::strategy::envelope::cartesian<double>; EnvelopePolicy = boost::geometry::detail::envelope::envelope_range]\x1b[m\x1b[K\xe2\x80\x99 at \x1b[01m\x1b[K/usr/include/boost/geometry/algorithms/detail/envelope/range.hpp:97:14\x1b[m\x1b[K,\n'}
[57.098278] (decomp_util) StderrLine: {'line': b'    inlined from \xe2\x80\x98\x1b[01m\x1b[Kstatic void boost::geometry::detail::envelope::envelope_polygon::apply(const Polygon&, Box&, const Strategy&) [with Polygon = boost::geometry::model::polygon<boost::geometry::model::d2::point_xy<double> >; Box = boost::geometry::model::box<boost::geometry::model::d2::point_xy<double> >; Strategy = boost::geometry::strategy::envelope::cartesian<double>]\x1b[m\x1b[K\xe2\x80\x99 at \x1b[01m\x1b[K/usr/include/boost/geometry/algorithms/detail/envelope/areal.hpp:46:25\x1b[m\x1b[K,\n'}
[57.098324] (decomp_util) StderrLine: {'line': b'    inlined from \xe2\x80\x98\x1b[01m\x1b[Kstatic void boost::geometry::resolve_strategy::envelope<Geometry>::apply(const Geometry&, Box&, boost::geometry::default_strategy) [with Box = boost::geometry::model::box<boost::geometry::model::d2::point_xy<double> >; Geometry = boost::geometry::model::polygon<boost::geometry::model::d2::point_xy<double> >]\x1b[m\x1b[K\xe2\x80\x99 at \x1b[01m\x1b[K/usr/include/boost/geometry/algorithms/detail/envelope/interface.hpp:76:44\x1b[m\x1b[K,\n'}
[57.098367] (decomp_util) StderrLine: {'line': b'    inlined from \xe2\x80\x98\x1b[01m\x1b[Kstatic void boost::geometry::resolve_variant::envelope<Geometry>::apply(const Geometry&, Box&, const Strategy&) [with Box = boost::geometry::model::box<boost::geometry::model::d2::point_xy<double> >; Strategy = boost::geometry::default_strategy; Geometry = boost::geometry::model::polygon<boost::geometry::model::d2::point_xy<double> >]\x1b[m\x1b[K\xe2\x80\x99 at \x1b[01m\x1b[K/usr/include/boost/geometry/algorithms/detail/envelope/interface.hpp:96:52\x1b[m\x1b[K,\n'}
[57.098413] (decomp_util) StderrLine: {'line': b'    inlined from \xe2\x80\x98\x1b[01m\x1b[KBox boost::geometry::return_envelope(const Geometry&) [with Box = model::box<model::d2::point_xy<double> >; Geometry = model::polygon<model::d2::point_xy<double> >]\x1b[m\x1b[K\xe2\x80\x99 at \x1b[01m\x1b[K/usr/include/boost/geometry/algorithms/detail/envelope/interface.hpp:225:47\x1b[m\x1b[K,\n'}
[57.098456] (decomp_util) StderrLine: {'line': b'    inlined from \xe2\x80\x98\x1b[01m\x1b[Kvoid boost::geometry::svg_mapper<Point, SameScale, SvgCoordinateType>::add(const Geometry&) [with Geometry = boost::geometry::model::polygon<boost::geometry::model::d2::point_xy<double> >; Point = boost::geometry::model::d2::point_xy<double>; bool SameScale = true; SvgCoordinateType = double]\x1b[m\x1b[K\xe2\x80\x99 at \x1b[01m\x1b[K/usr/include/boost/geometry/io/svg/svg_mapper.hpp:375:22\x1b[m\x1b[K:\n'}
[57.098503] (decomp_util) StderrLine: {'line': b'\x1b[01m\x1b[K/usr/include/boost/geometry/algorithms/detail/expand/indexed.hpp:65:9:\x1b[m\x1b[K \x1b[01;35m\x1b[Kwarning: \x1b[m\x1b[K\xe2\x80\x98\x1b[01m\x1b[K*(boost::geometry::model::point<double, 2, boost::geometry::cs::cartesian>*)((char*)&state + offsetof(boost::geometry::strategy::envelope::cartesian<double>::multi_state<boost::geometry::model::box<boost::geometry::model::d2::point_xy<double, boost::geometry::cs::cartesian> > >,boost::geometry::strategy::envelope::cartesian<double>::multi_state<boost::geometry::model::box<boost::geometry::model::d2::point_xy<double, boost::geometry::cs::cartesian> > >::m_box.boost::geometry::model::box<boost::geometry::model::d2::point_xy<double, boost::geometry::cs::cartesian> >::m_min_corner.boost::geometry::model::d2::point_xy<double, boost::geometry::cs::cartesian>::<unnamed>)).boost::geometry::model::point<double, 2, boost::geometry::cs::cartesian>::m_values[0]\x1b[m\x1b[K\xe2\x80\x99 may be used uninitialized [\x1b[01;35m\x1b[K\x1b]8;;https://gcc.gnu.org/onlinedocs/gcc/Warning-Options.html#index-Wmaybe-uninitialized\x07-Wmaybe-uninitialized\x1b]8;;\x07\x1b[m\x1b[K]\n'}
[57.098551] (decomp_util) StderrLine: {'line': b'   65 |         \x1b[01;35m\x1b[Kif\x1b[m\x1b[K (less(coord, get<min_corner, Dimension>(box)))\n'}
[57.098593] (decomp_util) StderrLine: {'line': b'      |         \x1b[01;35m\x1b[K^~\x1b[m\x1b[K\n'}
[57.098634] (decomp_util) StderrLine: {'line': b'\x1b[01m\x1b[K/usr/include/boost/geometry/algorithms/detail/envelope/range.hpp:\x1b[m\x1b[K In member function \xe2\x80\x98\x1b[01m\x1b[Kvoid boost::geometry::svg_mapper<Point, SameScale, SvgCoordinateType>::add(const Geometry&) [with Geometry = boost::geometry::model::polygon<boost::geometry::model::d2::point_xy<double> >; Point = boost::geometry::model::d2::point_xy<double>; bool SameScale = true; SvgCoordinateType = double]\x1b[m\x1b[K\xe2\x80\x99:\n'}
[57.098683] (decomp_util) StderrLine: {'line': b'\x1b[01m\x1b[K/usr/include/boost/geometry/algorithms/detail/envelope/range.hpp:106:54:\x1b[m\x1b[K \x1b[01;36m\x1b[Knote: \x1b[m\x1b[K\xe2\x80\x98\x1b[01m\x1b[K*(boost::geometry::model::point<double, 2, boost::geometry::cs::cartesian>*)((char*)&state + offsetof(boost::geometry::strategy::envelope::cartesian<double>::multi_state<boost::geometry::model::box<boost::geometry::model::d2::point_xy<double, boost::geometry::cs::cartesian> > >,boost::geometry::strategy::envelope::cartesian<double>::multi_state<boost::geometry::model::box<boost::geometry::model::d2::point_xy<double, boost::geometry::cs::cartesian> > >::m_box.boost::geometry::model::box<boost::geometry::model::d2::point_xy<double, boost::geometry::cs::cartesian> >::m_min_corner.boost::geometry::model::d2::point_xy<double, boost::geometry::cs::cartesian>::<unnamed>)).boost::geometry::model::point<double, 2, boost::geometry::cs::cartesian>::m_values[0]\x1b[m\x1b[K\xe2\x80\x99 was declared here\n'}
[57.098729] (decomp_util) StderrLine: {'line': b'  106 |         typename Strategy::template multi_state<Box> \x1b[01;36m\x1b[Kstate\x1b[m\x1b[K;\n'}
[57.098770] (decomp_util) StderrLine: {'line': b'      |                                                      \x1b[01;36m\x1b[K^~~~~\x1b[m\x1b[K\n'}
[57.134624] (-) TimerEvent: {}
[57.234889] (-) TimerEvent: {}
[57.335154] (-) TimerEvent: {}
[57.435419] (-) TimerEvent: {}
[57.535696] (-) TimerEvent: {}
[57.635975] (-) TimerEvent: {}
[57.736253] (-) TimerEvent: {}
[57.836521] (-) TimerEvent: {}
[57.936778] (-) TimerEvent: {}
[58.037050] (-) TimerEvent: {}
[58.137320] (-) TimerEvent: {}
[58.237586] (-) TimerEvent: {}
[58.337850] (-) TimerEvent: {}
[58.438117] (-) TimerEvent: {}
[58.538387] (-) TimerEvent: {}
[58.638649] (-) TimerEvent: {}
[58.738919] (-) TimerEvent: {}
[58.839186] (-) TimerEvent: {}
[58.939454] (-) TimerEvent: {}
[59.039716] (-) TimerEvent: {}
[59.139980] (-) TimerEvent: {}
[59.240255] (-) TimerEvent: {}
[59.340512] (-) TimerEvent: {}
[59.440764] (-) TimerEvent: {}
[59.541025] (-) TimerEvent: {}
[59.641310] (-) TimerEvent: {}
[59.741575] (-) TimerEvent: {}
[59.841850] (-) TimerEvent: {}
[59.942125] (-) TimerEvent: {}
[60.042390] (-) TimerEvent: {}
[60.142657] (-) TimerEvent: {}
[60.242930] (-) TimerEvent: {}
[60.343202] (-) TimerEvent: {}
[60.404185] (decomp_util) StdoutLine: {'line': b'[100%] \x1b[32m\x1b[1mLinking CXX executable test_line_segment\x1b[0m\n'}
[60.443346] (-) TimerEvent: {}
[60.543642] (-) TimerEvent: {}
[60.597841] (decomp_util) StdoutLine: {'line': b'[100%] Built target test_line_segment\n'}
[60.605605] (decomp_util) CommandEnded: {'returncode': 0}
[60.606215] (decomp_util) JobProgress: {'identifier': 'decomp_util', 'progress': 'install'}
[60.606473] (decomp_util) Command: {'cmd': ['/usr/bin/cmake', '--install', '/home/lorenzo/code/dynus_lite/dynus_lite_ws/build/decomp_util'], 'cwd': '/home/lorenzo/code/dynus_lite/dynus_lite_ws/build/decomp_util', 'env': OrderedDict([('LESSOPEN', '| /usr/bin/lesspipe %s'), ('USER', 'lorenzo'), ('LC_TIME', 'it_IT.UTF-8'), ('ROS_PACKAGE_PATH', '/opt/openrobots/share'), ('XDG_SESSION_TYPE', 'x11'), ('SHLVL', '2'), ('LD_LIBRARY_PATH', '/opt/gurobi1103/linux64/lib:/usr/lib/x86_64-linux-gnu/gazebo-11/plugins:/opt/ros/humble/opt/rviz_ogre_vendor/lib:/opt/ros/humble/lib/x86_64-linux-gnu:/home/lorenzo/code/decomp_ws/install/decomp_ros_msgs/lib:/opt/ros/humble/lib:/home/lorenzo/code/livox_ws/install/livox_ros_driver2/lib:/opt/gurobi1103/linux64/lib'), ('HOME', '/home/lorenzo'), ('CYCLONEDDS_URI', '<CycloneDDS><Domain><General><NetworkInterfaceAddress>wlp2s0</NetworkInterfaceAddress></General></Domain></CycloneDDS>'), ('OLDPWD', '/home/lorenzo/code/dynus_lite/dynus_lite_ws'), ('DESKTOP_SESSION', 'ubuntu-xorg'), ('ROS_PYTHON_VERSION', '3'), ('GNOME_SHELL_SESSION_MODE', 'ubuntu'), ('GTK_MODULES', 'gail:atk-bridge'), ('LC_MONETARY', 'it_IT.UTF-8'), ('SYSTEMD_EXEC_PID', '1507'), ('DBUS_SESSION_BUS_ADDRESS', 'unix:path=/run/user/1000/bus'), ('COLORTERM', 'truecolor'), ('ROS_DISTRO', 'humble'), ('GTK_IM_MODULE', 'ibus'), ('LOGNAME', 'lorenzo'), ('_', '/usr/bin/colcon'), ('ROS_VERSION', '2'), ('PKG_CONFIG_PATH', '/opt/openrobots/lib/pkgconfig:'), ('XDG_SESSION_CLASS', 'user'), ('USERNAME', 'lorenzo'), ('TERM', 'xterm-256color'), ('GNOME_DESKTOP_SESSION_ID', 'this-is-deprecated'), ('ROS_LOCALHOST_ONLY', '0'), ('WINDOWPATH', '2'), ('PATH', '/opt/ros/humble/bin:/opt/openrobots/bin:/usr/lib/dotnet/dotnet:/home/lorenzo/.local/bin:/usr/local/sbin:/usr/local/bin:/usr/sbin:/usr/bin:/sbin:/bin:/usr/games:/usr/local/games:/snap/bin:/snap/bin:/home/lorenzo/.dotnet/tools:/opt/gurobi1103/linux64/bin:/opt/gurobi1103/linux64/bin'), ('SESSION_MANAGER', 'local/lorenzo-XPS-13-7390:@/tmp/.ICE-unix/1460,unix/lorenzo-XPS-13-7390:/tmp/.ICE-unix/1460'), ('XDG_MENU_PREFIX', 'gnome-'), ('LC_ADDRESS', 'it_IT.UTF-8'), ('GNOME_TERMINAL_SCREEN', '/org/gnome/Terminal/screen/5046f4a6_5859_448d_84c8_9d244332172a'), ('XDG_RUNTIME_DIR', '/run/user/1000'), ('DISPLAY', ':0'), ('LANG', 'en_US.UTF-8'), ('XDG_CURRENT_DESKTOP', 'ubuntu:GNOME'), ('DOTNET_BUNDLE_EXTRACT_BASE_DIR', '/home/lorenzo/.cache/dotnet_bundle_extract'), ('LC_TELEPHONE', 'it_IT.UTF-8'), ('RMW_IMPLEMENTATION', 'rmw_cyclonedds_cpp'), ('XMODIFIERS', '@im=ibus'), ('XDG_SESSION_DESKTOP', 'ubuntu-xorg'), ('XAUTHORITY', '/run/user/1000/gdm/Xauthority'), ('LS_COLORS', 'rs=0:di=01;34:ln=01;36:mh=00:pi=40;33:so=01;35:do=01;35:bd=40;33;01:cd=40;33;01:or=40;31;01:mi=00:su=37;41:sg=30;43:ca=30;41:tw=30;42:ow=34;42:st=37;44:ex=01;32:*.tar=01;31:*.tgz=01;31:*.arc=01;31:*.arj=01;31:*.taz=01;31:*.lha=01;31:*.lz4=01;31:*.lzh=01;31:*.lzma=01;31:*.tlz=01;31:*.txz=01;31:*.tzo=01;31:*.t7z=01;31:*.zip=01;31:*.z=01;31:*.dz=01;31:*.gz=01;31:*.lrz=01;31:*.lz=01;31:*.lzo=01;31:*.xz=01;31:*.zst=01;31:*.tzst=01;31:*.bz2=01;31:*.bz=01;31:*.tbz=01;31:*.tbz2=01;31:*.tz=01;31:*.deb=01;31:*.rpm=01;31:*.jar=01;31:*.war=01;31:*.ear=01;31:*.sar=01;31:*.rar=01;31:*.alz=01;31:*.ace=01;31:*.zoo=01;31:*.cpio=01;31:*.7z=01;31:*.rz=01;31:*.cab=01;31:*.wim=01;31:*.swm=01;31:*.dwm=01;31:*.esd=01;31:*.jpg=01;35:*.jpeg=01;35:*.mjpg=01;35:*.mjpeg=01;35:*.gif=01;35:*.bmp=01;35:*.pbm=01;35:*.pgm=01;35:*.ppm=01;35:*.tga=01;35:*.xbm=01;35:*.xpm=01;35:*.tif=01;35:*.tiff=01;35:*.png=01;35:*.svg=01;35:*.svgz=01;35:*.mng=01;35:*.pcx=01;35:*.mov=01;35:*.mpg=01;35:*.mpeg=01;35:*.m2v=01;35:*.mkv=01;35:*.webm=01;35:*.webp=01;35:*.ogm=01;35:*.mp4=01;35:*.m4v=01;35:*.mp4v=01;35:*.vob=01;35:*.qt=01;35:*.nuv=01;35:*.wmv=01;35:*.asf=01;35:*.rm=01;35:*.rmvb=01;35:*.flc=01;35:*.avi=01;35:*.fli=01;35:*.flv=01;35:*.gl=01;35:*.dl=01;35:*.xcf=01;35:*.xwd=01;35:*.yuv=01;35:*.cgm=01;35:*.emf=01;35:*.ogv=01;35:*.ogx=01;35:*.aac=00;36:*.au=00;36:*.flac=00;36:*.m4a=00;36:*.mid=00;36:*.midi=00;36:*.mka=00;36:*.mp3=00;36:*.mpc=00;36:*.ogg=00;36:*.ra=00;36:*.wav=00;36:*.oga=00;36:*.opus=00;36:*.spx=00;36:*.xspf=00;36:'), ('GNOME_TERMINAL_SERVICE', ':1.229'), ('SSH_AGENT_LAUNCHER', 'gnome-keyring'), ('SSH_AUTH_SOCK', '/run/user/1000/keyring/ssh'), ('ROS_DOMAIN_ID', '10'), ('AMENT_PREFIX_PATH', '/opt/ros/humble'), ('SHELL', '/bin/bash'), ('LC_NAME', 'it_IT.UTF-8'), ('QT_ACCESSIBILITY', '1'), ('GDMSESSION', 'ubuntu-xorg'), ('LESSCLOSE', '/usr/bin/lesspipe %s %s'), ('LC_MEASUREMENT', 'it_IT.UTF-8'), ('GPG_AGENT_INFO', '/run/user/1000/gnupg/S.gpg-agent:0:1'), ('LC_IDENTIFICATION', 'it_IT.UTF-8'), ('ROS_AUTOMATIC_DISCOVERY_RANGE', 'SUBNET'), ('QT_IM_MODULE', 'ibus'), ('PWD', '/home/lorenzo/code/dynus_lite/dynus_lite_ws/build/decomp_util'), ('LC_ALL', 'en_US.UTF-8'), ('XDG_CONFIG_DIRS', '/etc/xdg/xdg-ubuntu-xorg:/etc/xdg'), ('GUROBI_HOME', '/opt/gurobi1103/linux64'), ('XDG_DATA_DIRS', '/usr/share/ubuntu-xorg:/usr/share/gnome:/usr/local/share/:/usr/share/:/var/lib/snapd/desktop'), ('PYTHONPATH', '/opt/ros/humble/lib/python3.10/site-packages:/opt/ros/humble/local/lib/python3.10/dist-packages:/opt/openrobots/lib/python3.10/site-packages::/opt/openrobots/lib/python3.10/site-packages:/home/lorenzo/Documents/OptimalControl/Lab'), ('LC_NUMERIC', 'it_IT.UTF-8'), ('LC_PAPER', 'it_IT.UTF-8'), ('COLCON', '1'), ('VTE_VERSION', '6800'), ('CMAKE_PREFIX_PATH', '/opt/openrobots::/opt/ros/humble')]), 'shell': False}
[60.612035] (decomp_util) StdoutLine: {'line': b'-- Install configuration: "RelWithDebInfo"\n'}
[60.612204] (decomp_util) StdoutLine: {'line': b'-- Installing: /home/lorenzo/code/dynus_lite/dynus_lite_ws/install/decomp_util/share/decomp_util/cmake/decomp_utilConfig.cmake\n'}
[60.612321] (decomp_util) StdoutLine: {'line': b'-- Installing: /home/lorenzo/code/dynus_lite/dynus_lite_ws/install/decomp_util/share/decomp_util/cmake/decomp_utilConfigVersion.cmake\n'}
[60.612406] (decomp_util) StdoutLine: {'line': b'-- Installing: /home/lorenzo/code/dynus_lite/dynus_lite_ws/install/decomp_util/include/decomp_basis\n'}
[60.612485] (decomp_util) StdoutLine: {'line': b'-- Installing: /home/lorenzo/code/dynus_lite/dynus_lite_ws/install/decomp_util/include/decomp_basis/data_utils.h\n'}
[60.612560] (decomp_util) StdoutLine: {'line': b'-- Installing: /home/lorenzo/code/dynus_lite/dynus_lite_ws/install/decomp_util/include/decomp_basis/data_type.h\n'}
[60.612635] (decomp_util) StdoutLine: {'line': b'-- Installing: /home/lorenzo/code/dynus_lite/dynus_lite_ws/install/decomp_util/include/decomp_geometry\n'}
[60.612709] (decomp_util) StdoutLine: {'line': b'-- Installing: /home/lorenzo/code/dynus_lite/dynus_lite_ws/install/decomp_util/include/decomp_geometry/geometric_utils.h\n'}
[60.612780] (decomp_util) StdoutLine: {'line': b'-- Installing: /home/lorenzo/code/dynus_lite/dynus_lite_ws/install/decomp_util/include/decomp_geometry/ellipsoid.h\n'}
[60.612850] (decomp_util) StdoutLine: {'line': b'-- Installing: /home/lorenzo/code/dynus_lite/dynus_lite_ws/install/decomp_util/include/decomp_geometry/polyhedron.h\n'}
[60.612921] (decomp_util) StdoutLine: {'line': b'-- Installing: /home/lorenzo/code/dynus_lite/dynus_lite_ws/install/decomp_util/include/decomp_util\n'}
[60.612988] (decomp_util) StdoutLine: {'line': b'-- Installing: /home/lorenzo/code/dynus_lite/dynus_lite_ws/install/decomp_util/include/decomp_util/line_segment.h\n'}
[60.613059] (decomp_util) StdoutLine: {'line': b'-- Installing: /home/lorenzo/code/dynus_lite/dynus_lite_ws/install/decomp_util/include/decomp_util/seed_decomp.h\n'}
[60.613136] (decomp_util) StdoutLine: {'line': b'-- Installing: /home/lorenzo/code/dynus_lite/dynus_lite_ws/install/decomp_util/include/decomp_util/iterative_decomp.h\n'}
[60.613207] (decomp_util) StdoutLine: {'line': b'-- Installing: /home/lorenzo/code/dynus_lite/dynus_lite_ws/install/decomp_util/include/decomp_util/ellipsoid_decomp.h\n'}
[60.613278] (decomp_util) StdoutLine: {'line': b'-- Installing: /home/lorenzo/code/dynus_lite/dynus_lite_ws/install/decomp_util/include/decomp_util/decomp_base.h\n'}
[60.614546] (decomp_util) CommandEnded: {'returncode': 0}
[60.622293] (decomp_util) JobEnded: {'identifier': 'decomp_util', 'rc': 0}
[60.637015] (-) EventReactorShutdown: {}
